Original_Row_Index,Inorganic phosphor,Host,1st dopant,Reference,MP-ID,ICSD-ID,CV_Fold,Emission max. (nm)
0,Ba2Bi0.95V3O11Eu0.05,Ba2Bi0.95V3O11,Eu,https://doi.org/10.1016/j.dyepig.2016.04.052,mp-559941 , icsd-78156,7,619.0
1,Ba2Bi0.8V3O11Eu0.2,Ba2Bi0.8V3O11,Eu,https://doi.org/10.1016/j.dyepig.2016.04.052,mp-559941 , icsd-78156,10,619.0
2,Ba2Bi0.6V3O11Eu0.4,Ba2Bi0.6V3O11,Eu,https://doi.org/10.1016/j.dyepig.2016.04.052,mp-559941 , icsd-78156,4,619.0
3,Ba2Bi0.4V3O11Eu0.6,Ba2Bi0.4V3O11,Eu,https://doi.org/10.1016/j.dyepig.2016.04.052,mp-559941 , icsd-78156,6,619.0
4,Ba2Bi0.2V3O11Eu0.8,Ba2Bi0.2V3O11,Eu,https://doi.org/10.1016/j.dyepig.2016.04.052,mp-559941 , icsd-78156,9,619.0
5,Ba2V3O11Eu1,Ba2V3O11,Eu,https://doi.org/10.1016/j.dyepig.2016.04.052,mp-559941 , icsd-78156,6,619.0
6,CaLa0.98B7O13Eu0.02,CaLa0.98B7O13,Eu,https://doi.org/10.1016/j.ijleo.2017.10.161,,,5,613.0
7,CaLa0.92B7O13Eu0.08,CaLa0.92B7O13,Eu,https://doi.org/10.1016/j.ijleo.2017.10.161,,,7,613.0
8,CaLa0.85B7O13Eu0.15,CaLa0.85B7O13,Eu,https://doi.org/10.1016/j.ijleo.2017.10.161,,,3,613.0
9,CaLa0.65B7O13Eu0.35,CaLa0.65B7O13,Eu,https://doi.org/10.1016/j.ijleo.2017.10.161,,,7,613.0
10,CaLa0.55B7O13Eu0.45,CaLa0.55B7O13,Eu,https://doi.org/10.1016/j.ijleo.2017.10.161,,,6,613.0
11,CaLa0.45B7O13Eu0.55,CaLa0.45B7O13,Eu,https://doi.org/10.1016/j.ijleo.2017.10.161,,,8,613.0
12,Sr8ZnScP7O28Tb0.02,Sr8ZnScP7O28,Tb,https://doi.org/10.1039/C8TC03515F,,,6,546.0
13,Sr8ZnScP7O28Tb0.06,Sr8ZnScP7O28,Tb,https://doi.org/10.1039/C8TC03515F,,,3,546.0
14,Sr8ZnScP7O28Tb0.1,Sr8ZnScP7O28,Tb,https://doi.org/10.1039/C8TC03515F,,,6,546.0
15,Sr8ZnScP7O28Tb0.12,Sr8ZnScP7O28,Tb,https://doi.org/10.1039/C8TC03515F,,,4,546.0
16,Sr8ZnScP7O28Tb0.14,Sr8ZnScP7O28,Tb,https://doi.org/10.1039/C8TC03515F,,,9,546.0
17,Na2.98Sc2P3O12Eu0.01,Na2.98Sc2P3O12,Eu,https://doi.org/10.1038/nmat4843,"mp-16956, mp-1221280, mp-555608", icsd-65406 icsd-20740,5,453.0
18,Na2.98Sc2P3O12Eu0.01,Na2.98Sc2P3O12,Eu,https://doi.org/10.1038/nmat4843,"mp-16956, mp-1221280, mp-555608", icsd-65406 icsd-20740,2,453.0
19,Na2.98Sc2P3O12Eu0.01,Na2.98Sc2P3O12,Eu,https://doi.org/10.1038/nmat4843,"mp-16956, mp-1221280, mp-555608", icsd-65406 icsd-20740,9,453.0
20,Na2.98Sc2P3O12Eu0.01,Na2.98Sc2P3O12,Eu,https://doi.org/10.1038/nmat4843,"mp-16956, mp-1221280, mp-555608", icsd-65406 icsd-20740,3,453.0
21,Na2.98Sc2P3O12Eu0.01,Na2.98Sc2P3O12,Eu,https://doi.org/10.1038/nmat4843,"mp-16956, mp-1221280, mp-555608", icsd-65406 icsd-20740,10,453.0
22,Na2.94Sc2P3O12Eu0.03,Na2.94Sc2P3O12,Eu,https://doi.org/10.1038/nmat4843,"mp-16956, mp-1221280, mp-555608", icsd-65406 icsd-20740,9,453.0
23,Na2.94Sc2P3O12Eu0.03,Na2.94Sc2P3O12,Eu,https://doi.org/10.1038/nmat4843,"mp-16956, mp-1221280, mp-555608", icsd-65406 icsd-20740,3,453.0
24,Na2.94Sc2P3O12Eu0.03,Na2.94Sc2P3O12,Eu,https://doi.org/10.1038/nmat4843,"mp-16956, mp-1221280, mp-555608", icsd-65406 icsd-20740,6,453.0
25,Na2.94Sc2P3O12Eu0.03,Na2.94Sc2P3O12,Eu,https://doi.org/10.1038/nmat4843,"mp-16956, mp-1221280, mp-555608", icsd-65406 icsd-20740,2,453.0
26,Na2.94Sc2P3O12Eu0.03,Na2.94Sc2P3O12,Eu,https://doi.org/10.1038/nmat4843,"mp-16956, mp-1221280, mp-555608", icsd-65406 icsd-20740,5,453.0
27,Na2.86Sc2P3O12Eu0.07,Na2.86Sc2P3O12,Eu,https://doi.org/10.1038/nmat4843,"mp-16956, mp-1221280, mp-555608", icsd-65406 icsd-20740,7,453.0
28,Na2.86Sc2P3O12Eu0.07,Na2.86Sc2P3O12,Eu,https://doi.org/10.1038/nmat4843,"mp-16956, mp-1221280, mp-555608", icsd-65406 icsd-20740,8,453.0
29,Na2.86Sc2P3O12Eu0.07,Na2.86Sc2P3O12,Eu,https://doi.org/10.1038/nmat4843,"mp-16956, mp-1221280, mp-555608", icsd-65406 icsd-20740,1,453.0
30,Na2.86Sc2P3O12Eu0.07,Na2.86Sc2P3O12,Eu,https://doi.org/10.1038/nmat4843,"mp-16956, mp-1221280, mp-555608", icsd-65406 icsd-20740,4,453.0
31,Na2.86Sc2P3O12Eu0.07,Na2.86Sc2P3O12,Eu,https://doi.org/10.1038/nmat4843,"mp-16956, mp-1221280, mp-555608", icsd-65406 icsd-20740,5,453.0
32,Ba3YAl2O7.5Ce0.03,Ba3YAl2O7.5,Ce,https://doi.org/10.1016/j.cej.2017.01.044,mp-1214519,,3,478.0
33,Ba3YAl2O7.5Ce0.03,Ba3YAl2O7.5,Ce,https://doi.org/10.1016/j.cej.2017.01.044,mp-1214519,,7,478.0
34,Ba3Y0.9Lu0.1Al2O7.5Ce0.03,Ba3Y0.9Lu0.1Al2O7.5,Ce,https://doi.org/10.1016/j.cej.2017.01.044,mp-1214519,,10,478.0
35,Ba3Y0.8Lu0.2Al2O7.5Ce0.03,Ba3Y0.8Lu0.2Al2O7.5,Ce,https://doi.org/10.1016/j.cej.2017.01.044,mp-1214519,,9,481.0
36,Ba3Y0.7Lu0.3Al2O7.5Ce0.03,Ba3Y0.7Lu0.3Al2O7.5,Ce,https://doi.org/10.1016/j.cej.2017.01.044,mp-1214519,,8,485.0
37,Ba3Y0.6Lu0.4Al2O7.5Ce0.03,Ba3Y0.6Lu0.4Al2O7.5,Ce,https://doi.org/10.1016/j.cej.2017.01.044,mp-1214519,,4,489.0
38,Ba3Y0.5Lu0.5Al2O7.5Ce0.03,Ba3Y0.5Lu0.5Al2O7.5,Ce,https://doi.org/10.1016/j.cej.2017.01.044,mp-1214519,,8,493.0
39,Ca11Si4O22B2Eu0.005,Ca11Si4O22B2,Eu,https://doi.org/10.1039/C3TC30933A,,,4,502.0
40,Ca11Si4O22B2Ce0.02,Ca11Si4O22B2,Ce,https://doi.org/10.1039/C3TC30933A,,,7,430.0
41,Rb2Bi0.99PO8MoEu0.01,Rb2Bi0.99PO8Mo,Eu,https://doi.org/10.3390/ma12193275,mp-1197894, icsd-426593,5,615.0
42,Rb2Bi0.99PO8MoEu0.01,Rb2Bi0.99PO8Mo,Eu,https://doi.org/10.3390/ma12193275,mp-1197894, icsd-426593,7,615.0
43,Rb2Bi0.99PO8MoEu0.01,Rb2Bi0.99PO8Mo,Eu,https://doi.org/10.3390/ma12193275,mp-1197894, icsd-426593,5,615.0
44,Rb2Bi0.99PO8MoEu0.01,Rb2Bi0.99PO8Mo,Eu,https://doi.org/10.3390/ma12193275,mp-1197894, icsd-426593,1,615.0
45,Rb2Bi0.99PO8MoEu0.01,Rb2Bi0.99PO8Mo,Eu,https://doi.org/10.3390/ma12193275,mp-1197894, icsd-426593,3,615.0
46,Rb2Bi0.99PO8MoEu0.01,Rb2Bi0.99PO8Mo,Eu,https://doi.org/10.3390/ma12193275,mp-1197894, icsd-426593,9,615.0
47,Rb2Bi0.95PO8MoEu0.05,Rb2Bi0.95PO8Mo,Eu,https://doi.org/10.3390/ma12193275,mp-1197894, icsd-426593,7,615.0
48,Rb2Bi0.9PO8MoEu0.1,Rb2Bi0.9PO8Mo,Eu,https://doi.org/10.3390/ma12193275,mp-1197894, icsd-426593,1,615.0
49,Rb2Bi0.75PO8MoEu0.25,Rb2Bi0.75PO8Mo,Eu,https://doi.org/10.3390/ma12193275,mp-1197894, icsd-426593,2,615.0
50,Rb2Bi0.5PO8MoEu0.5,Rb2Bi0.5PO8Mo,Eu,https://doi.org/10.3390/ma12193275,mp-1197894, icsd-426593,9,615.0
51,Rb2Bi0.5PO8MoEu0.5,Rb2Bi0.5PO8Mo,Eu,https://doi.org/10.3390/ma12193275,mp-1197894, icsd-426593,1,615.0
52,Rb2Bi0.5PO8MoEu0.5,Rb2Bi0.5PO8Mo,Eu,https://doi.org/10.3390/ma12193275,mp-1197894, icsd-426593,7,615.0
53,Rb2Bi0.5PO8MoEu0.5,Rb2Bi0.5PO8Mo,Eu,https://doi.org/10.3390/ma12193275,mp-1197894, icsd-426593,4,615.0
54,Rb2Bi0.5PO8MoEu0.5,Rb2Bi0.5PO8Mo,Eu,https://doi.org/10.3390/ma12193275,mp-1197894, icsd-426593,5,615.0
55,Rb2Bi0.5PO8MoEu0.5,Rb2Bi0.5PO8Mo,Eu,https://doi.org/10.3390/ma12193275,mp-1197894, icsd-426593,7,615.0
56,Rb2Bi0.25PO8MoEu0.75,Rb2Bi0.25PO8Mo,Eu,https://doi.org/10.3390/ma12193275,mp-1197894, icsd-426593,1,615.0
57,Rb2PO8MoEu1,Rb2PO8Mo,Eu,https://doi.org/10.3390/ma12193275,mp-1197894, icsd-426593,8,615.0
58,Rb2PO8MoEu1,Rb2PO8Mo,Eu,https://doi.org/10.3390/ma12193275,mp-1197894, icsd-426593,5,615.0
59,Rb2PO8MoEu1,Rb2PO8Mo,Eu,https://doi.org/10.3390/ma12193275,mp-1197894, icsd-426593,3,615.0
60,Rb2PO8MoEu1,Rb2PO8Mo,Eu,https://doi.org/10.3390/ma12193275,mp-1197894, icsd-426593,7,615.0
61,Rb2PO8MoEu1,Rb2PO8Mo,Eu,https://doi.org/10.3390/ma12193275,mp-1197894, icsd-426593,8,615.0
62,Rb2PO8MoEu1,Rb2PO8Mo,Eu,https://doi.org/10.3390/ma12193275,mp-1197894, icsd-426593,7,615.0
63,Y2Mo4O15Eu0.01,Y2Mo4O15,Eu,https://doi.org/10.1038/srep26098,mp-1203448, icsd-422017,3,615.0
64,Y2Mo4O15Eu0.01,Y2Mo4O15,Eu,https://doi.org/10.1038/srep26098,mp-1203448, icsd-422017,10,615.0
65,Y2Mo4O15Eu0.01,Y2Mo4O15,Eu,https://doi.org/10.1038/srep26098,mp-1203448, icsd-422017,2,615.0
66,Y2Mo4O15Eu0.01,Y2Mo4O15,Eu,https://doi.org/10.1038/srep26098,mp-1203448, icsd-422017,6,615.0
67,Y2Mo4O15Eu0.01,Y2Mo4O15,Eu,https://doi.org/10.1038/srep26098,mp-1203448, icsd-422017,1,615.0
68,Y2Mo4O15Eu0.01,Y2Mo4O15,Eu,https://doi.org/10.1038/srep26098,mp-1203448, icsd-422017,7,615.0
69,Y2Mo4O15Eu0.05,Y2Mo4O15,Eu,https://doi.org/10.1038/srep26098,mp-1203448, icsd-422017,2,615.0
70,Y2Mo4O15Eu0.1,Y2Mo4O15,Eu,https://doi.org/10.1038/srep26098,mp-1203448, icsd-422017,1,615.0
71,Y2Mo4O15Eu0.1,Y2Mo4O15,Eu,https://doi.org/10.1038/srep26098,mp-1203448, icsd-422017,3,615.0
72,Y2Mo4O15Eu0.1,Y2Mo4O15,Eu,https://doi.org/10.1038/srep26098,mp-1203448, icsd-422017,5,615.0
73,Y2Mo4O15Eu0.1,Y2Mo4O15,Eu,https://doi.org/10.1038/srep26098,mp-1203448, icsd-422017,1,615.0
74,Y2Mo4O15Eu0.1,Y2Mo4O15,Eu,https://doi.org/10.1038/srep26098,mp-1203448, icsd-422017,7,615.0
75,Y2Mo4O15Eu0.1,Y2Mo4O15,Eu,https://doi.org/10.1038/srep26098,mp-1203448, icsd-422017,8,615.0
76,Y2Mo4O15Eu0.25,Y2Mo4O15,Eu,https://doi.org/10.1038/srep26098,mp-1203448, icsd-422017,2,615.0
77,Y2Mo4O15Eu0.5,Y2Mo4O15,Eu,https://doi.org/10.1038/srep26098,mp-1203448, icsd-422017,7,615.0
78,Y2Mo4O15Eu0.75,Y2Mo4O15,Eu,https://doi.org/10.1038/srep26098,mp-1203448, icsd-422017,3,615.0
79,Y2Mo4O15Eu0.75,Y2Mo4O15,Eu,https://doi.org/10.1038/srep26098,mp-1203448, icsd-422017,8,615.0
80,Y2Mo4O15Eu0.75,Y2Mo4O15,Eu,https://doi.org/10.1038/srep26098,mp-1203448, icsd-422017,7,615.0
81,Y2Mo4O15Eu0.75,Y2Mo4O15,Eu,https://doi.org/10.1038/srep26098,mp-1203448, icsd-422017,5,615.0
82,Y2Mo4O15Eu0.75,Y2Mo4O15,Eu,https://doi.org/10.1038/srep26098,mp-1203448, icsd-422017,7,615.0
83,Y2Mo4O15Eu0.75,Y2Mo4O15,Eu,https://doi.org/10.1038/srep26098,mp-1203448, icsd-422017,3,615.0
84,Sr4Al14O25Ce0.16,Sr4Al14O25,Ce,https://doi.org/10.1039/D0TC04618C,mp-5512, icsd-88527 icsd-27744,2,448.0
85,Sr4Al14O25Tb0.12,Sr4Al14O25,Tb,https://doi.org/10.1039/D0TC04618C,mp-5512, icsd-88527 icsd-27744,6,544.0
86,Mg3Y1.8Ge3O12Eu0.1,Mg3Y1.8Ge3O12,Eu,https://doi.org/10.1039/D0TC04618C,mp-1216309,,5,610.0
87,Mg3Y1.6Ge3O12Eu0.2,Mg3Y1.6Ge3O12,Eu,https://doi.org/10.1002/advs.201903060,mp-1216309,,3,610.0
88,Mg3Y1.4Ge3O12Eu0.3,Mg3Y1.4Ge3O12,Eu,https://doi.org/10.1002/advs.201903060,mp-1216309,,6,610.0
89,Mg3Y1.2Ge3O12Eu0.4,Mg3Y1.2Ge3O12,Eu,https://doi.org/10.1002/advs.201903060,mp-1216309,,8,610.0
90,Mg3YGe3O12Eu0.5,Mg3YGe3O12,Eu,https://doi.org/10.1002/advs.201903060,mp-1216309,,8,610.0
91,Mg3Y0.4Ge3O12Eu0.8,Mg3Y0.4Ge3O12,Eu,https://doi.org/10.1002/advs.201903060,mp-1216309,,4,610.0
92,Mg3Ge3O12Eu1,Mg3Ge3O12,Eu,https://doi.org/10.1002/advs.201903060,mp-1216309,,7,610.0
93,Y3Al5O12Ce1,Y3Al5O12,Ce,https://doi.org/10.1016/j.actamat.2021.116813,mp-3050, icsd-67102 icsd-236589 icsd-280104 icsd-41144 icsd-74607 icsd-41145 icsd-67103 icsd-170157 icsd-20090 icsd-93635 icsd-16825 icsd-170158 icsd-31496 icsd-23848 icsd-93634,9,535.0
94,Y3Al5O12Ce1,Y3Al5O12,Ce,https://doi.org/10.1016/j.actamat.2021.116813,mp-3050, icsd-67102 icsd-236589 icsd-280104 icsd-41144 icsd-74607 icsd-41145 icsd-67103 icsd-170157 icsd-20090 icsd-93635 icsd-16825 icsd-170158 icsd-31496 icsd-23848 icsd-93634,7,535.0
95,Y3Al5O12Ce1,Y3Al5O12,Ce,https://doi.org/10.1016/j.actamat.2021.116813,mp-3050, icsd-67102 icsd-236589 icsd-280104 icsd-41144 icsd-74607 icsd-41145 icsd-67103 icsd-170157 icsd-20090 icsd-93635 icsd-16825 icsd-170158 icsd-31496 icsd-23848 icsd-93634,10,535.0
96,Y3Al5O12Ce1,Y3Al5O12,Ce,https://doi.org/10.1016/j.actamat.2021.116813,mp-3050, icsd-67102 icsd-236589 icsd-280104 icsd-41144 icsd-74607 icsd-41145 icsd-67103 icsd-170157 icsd-20090 icsd-93635 icsd-16825 icsd-170158 icsd-31496 icsd-23848 icsd-93634,1,535.0
97,La3Si6N11Ce1,La3Si6N11,Ce,https://doi.org/10.1016/j.actamat.2021.116813,mp-1019893, icsd-248709,7,533.0
98,La3Si6N11Ce1,La3Si6N11,Ce,https://doi.org/10.1016/j.actamat.2021.116813,mp-1019893, icsd-248709,10,533.0
99,La3Si6N11Ce1,La3Si6N11,Ce,https://doi.org/10.1016/j.actamat.2021.116813,mp-1019893, icsd-248709,2,533.0
100,La3Si6N11Ce1,La3Si6N11,Ce,https://doi.org/10.1016/j.actamat.2021.116813,mp-1019893, icsd-248709,1,533.0
101,CaAlSiN3Ce1,CaAlSiN3,Ce,https://doi.org/10.1016/j.actamat.2021.116813,,,5,570.0
102,CaAlSiN3Ce1,CaAlSiN3,Ce,https://doi.org/10.1016/j.actamat.2021.116813,,,7,570.0
103,CaAlSiN3Ce1,CaAlSiN3,Ce,https://doi.org/10.1016/j.actamat.2021.116813,,,10,570.0
104,CaAlSiN3Ce1,CaAlSiN3,Ce,https://doi.org/10.1016/j.actamat.2021.116813,,,7,570.0
105,CaAlSiN3Eu1,CaAlSiN3,Eu,https://doi.org/10.1016/j.actamat.2021.116813,,,3,645.0
106,CaAlSiN3Eu1,CaAlSiN3,Eu,https://doi.org/10.1016/j.actamat.2021.116813,,,7,645.0
107,CaAlSiN3Eu1,CaAlSiN3,Eu,https://doi.org/10.1016/j.actamat.2021.116813,,,5,645.0
108,CaAlSiN3Eu1,CaAlSiN3,Eu,https://doi.org/10.1016/j.actamat.2021.116813,,,8,645.0
109,SrSi2O2N2Eu1,SrSi2O2N2,Eu,https://doi.org/10.1016/j.actamat.2021.116813,,,2,540.0
110,BaSi2O2N2Eu1,BaSi2O2N2,Eu,https://doi.org/10.1016/j.actamat.2021.116813,,,7,495.0
111,SrBaSiO4Eu1,SrBaSiO4,Eu,https://doi.org/10.1016/j.actamat.2021.116813,,,1,520.0
112,ZnGa2S4Eu0.005,ZnGa2S4,Eu,https://doi.org/10.1149/2.099205jes,"mp-5350,mp-34467,mp-1078049,mp-1094008,mp-1094002,mp-1094007,mp-1094013,mp-1094006,mp-1094011,mp-1094022,mp-1094014", icsd-659772 icsd-53604 icsd-656808 icsd-63242 icsd-635305 icsd-635295 icsd-635296 icsd-44886 icsd-635306 icsd-635300,6,540.0
113,ZnGa2S4Eu0.01,ZnGa2S4,Eu,https://doi.org/10.1149/2.099205jes,"mp-5350,mp-34467,mp-1078049,mp-1094008,mp-1094002,mp-1094007,mp-1094013,mp-1094006,mp-1094011,mp-1094022,mp-1094014", icsd-659772 icsd-53604 icsd-656808 icsd-63242 icsd-635305 icsd-635295 icsd-635296 icsd-44886 icsd-635306 icsd-635300,5,540.0
114,ZnGa2S4Eu0.03,ZnGa2S4,Eu,https://doi.org/10.1149/2.099205jes,"mp-5350,mp-34467,mp-1078049,mp-1094008,mp-1094002,mp-1094007,mp-1094013,mp-1094006,mp-1094011,mp-1094022,mp-1094014", icsd-659772 icsd-53604 icsd-656808 icsd-63242 icsd-635305 icsd-635295 icsd-635296 icsd-44886 icsd-635306 icsd-635300,8,540.0
115,ZnGa2S4Eu0.05,ZnGa2S4,Eu,https://doi.org/10.1149/2.099205jes,"mp-5350,mp-34467,mp-1078049,mp-1094008,mp-1094002,mp-1094007,mp-1094013,mp-1094006,mp-1094011,mp-1094022,mp-1094014", icsd-659772 icsd-53604 icsd-656808 icsd-63242 icsd-635305 icsd-635295 icsd-635296 icsd-44886 icsd-635306 icsd-635300,3,540.0
116,ZnGa2S4Eu0.07,ZnGa2S4,Eu,https://doi.org/10.1149/2.099205jes,"mp-5350,mp-34467,mp-1078049,mp-1094008,mp-1094002,mp-1094007,mp-1094013,mp-1094006,mp-1094011,mp-1094022,mp-1094014", icsd-659772 icsd-53604 icsd-656808 icsd-63242 icsd-635305 icsd-635295 icsd-635296 icsd-44886 icsd-635306 icsd-635300,9,540.0
117,ZnGa2S4Eu0.1,ZnGa2S4,Eu,https://doi.org/10.1149/2.099205jes,"mp-5350,mp-34467,mp-1078049,mp-1094008,mp-1094002,mp-1094007,mp-1094013,mp-1094006,mp-1094011,mp-1094022,mp-1094014", icsd-659772 icsd-53604 icsd-656808 icsd-63242 icsd-635305 icsd-635295 icsd-635296 icsd-44886 icsd-635306 icsd-635300,7,540.0
118,MgGa2S4Eu0.06,MgGa2S4,Eu,https://doi.org/10.1111/jace.12257,"mp-667323,mp-1246286", icsd-15350,3,538.0
119,MgGa2S4Eu0.06,MgGa2S4,Eu,https://doi.org/10.1111/jace.12257,"mp-667323,mp-1246286", icsd-15350,9,538.0
120,MgGa2S4Eu0.06,MgGa2S4,Eu,https://doi.org/10.1111/jace.12257,"mp-667323,mp-1246286", icsd-15350,2,538.0
121,MgGa2S4Eu0.06,MgGa2S4,Eu,https://doi.org/10.1111/jace.12257,"mp-667323,mp-1246286", icsd-15350,3,538.0
122,MgGa2S4Eu0.06,MgGa2S4,Eu,https://doi.org/10.1111/jace.12257,"mp-667323,mp-1246286", icsd-15350,10,538.0
123,MgGa2S4Eu0.06,MgGa2S4,Eu,https://doi.org/10.1111/jace.12257,"mp-667323,mp-1246286", icsd-15350,4,538.0
124,MgGa2S4Eu0.06,MgGa2S4,Eu,https://doi.org/10.1111/jace.12257,"mp-667323,mp-1246286", icsd-15350,2,538.0
125,MgGa2S4Eu0.06,MgGa2S4,Eu,https://doi.org/10.1111/jace.12257,"mp-667323,mp-1246286", icsd-15350,7,538.0
126,MgGa2S4Eu0.06,MgGa2S4,Eu,https://doi.org/10.1111/jace.12257,"mp-667323,mp-1246286", icsd-15350,6,538.0
127,MgGa2S4Eu0.06,MgGa2S4,Eu,https://doi.org/10.1111/jace.12257,"mp-667323,mp-1246286", icsd-15350,9,538.0
128,MgGa2S4Eu0.06,MgGa2S4,Eu,https://doi.org/10.1111/jace.12257,"mp-667323,mp-1246286", icsd-15350,2,538.0
129,Ba5Si2O6Cl6Eu0.005,Ba5Si2O6Cl6,Eu,https://doi.org/10.1039/C7RA07221J,,,6,510.0
130,Ba5Si2O6Cl6Eu0.01,Ba5Si2O6Cl6,Eu,https://doi.org/10.1039/C7RA07221J,,,10,510.0
131,Ba5Si2O6Cl6Eu0.02,Ba5Si2O6Cl6,Eu,https://doi.org/10.1039/C7RA07221J,,,6,510.0
132,Ba5Si2O6Cl6Eu0.03,Ba5Si2O6Cl6,Eu,https://doi.org/10.1039/C7RA07221J,,,7,510.0
133,Ba5Si2O6Cl6Eu0.04,Ba5Si2O6Cl6,Eu,https://doi.org/10.1039/C7RA07221J,,,8,510.0
134,Ba5Si2O6Cl6Eu0.05,Ba5Si2O6Cl6,Eu,https://doi.org/10.1039/C7RA07221J,,,1,510.0
135,Ba5Si2O6Cl6Eu0.06,Ba5Si2O6Cl6,Eu,https://doi.org/10.1039/C7RA07221J,,,2,510.0
136,CaLaGa3S7Eu0.15,CaLaGa3S7,Eu,https://doi.org/10.1016/j.jlumin.2012.05.004,,,4,554.0
137,CaLaGa3S7Eu0.15,CaLaGa3S7,Eu,https://doi.org/10.1016/j.jlumin.2012.05.004,,,7,554.0
138,CaLaGa3S7Eu0.15,CaLaGa3S7,Eu,https://doi.org/10.1016/j.jlumin.2012.05.004,,,6,554.0
139,Ca8La1.98P6O26Ce0.02,Ca8La1.98P6O26,Ce,https://doi.org/10.1021/jp302252k,,,6,415.0
140,Ca8La1.96P6O26Ce0.04,Ca8La1.96P6O26,Ce,https://doi.org/10.1021/jp302252k,,,6,415.0
141,Ca8La1.94P6O26Ce0.06,Ca8La1.94P6O26,Ce,https://doi.org/10.1021/jp302252k,,,4,415.0
142,Ca8La1.92P6O26Ce0.08,Ca8La1.92P6O26,Ce,https://doi.org/10.1021/jp302252k,,,6,415.0
143,Ca7.98La2P6O26Eu0.02,Ca7.98La2P6O26,Eu,https://doi.org/10.1021/jp302252k,,,8,453.0
144,Ca7.95La2P6O26Eu0.05,Ca7.95La2P6O26,Eu,https://doi.org/10.1021/jp302252k,,,6,453.0
145,Ca7.94La2P6O26Eu0.06,Ca7.94La2P6O26,Eu,https://doi.org/10.1021/jp302252k,,,7,453.0
146,Ca7.92La2P6O26Eu0.08,Ca7.92La2P6O26,Eu,https://doi.org/10.1021/jp302252k,,,10,453.0
147,Ba2Y2.995Si3O12FCe0.005,Ba2Y2.995Si3O12F,Ce,https://doi.org/10.1111/jace.12765,,,5,425.0
148,Ba2Y2.99Si3O12FCe0.01,Ba2Y2.99Si3O12F,Ce,https://doi.org/10.1111/jace.12765,,,5,428.0
149,Ba2Y2.97Si3O12FCe0.03,Ba2Y2.97Si3O12F,Ce,https://doi.org/10.1111/jace.12765,,,9,435.0
150,Ba2Y2.95Si3O12FCe0.05,Ba2Y2.95Si3O12F,Ce,https://doi.org/10.1111/jace.12765,,,5,442.0
151,Ba2Y2.93Si3O12FCe0.07,Ba2Y2.93Si3O12F,Ce,https://doi.org/10.1111/jace.12765,,,4,460.0
152,Cs0.99MgPO4Eu0.01,Cs0.99MgPO4,Eu,https://doi.org/10.1016/j.solidstatesciences.2013.12.017,mp-18329, icsd-260423,4,593.0
153,Cs0.95MgPO4Eu0.05,Cs0.95MgPO4,Eu,https://doi.org/10.1016/j.solidstatesciences.2013.12.017,mp-18329, icsd-260423,9,593.0
154,Cs0.93MgPO4Eu0.07,Cs0.93MgPO4,Eu,https://doi.org/10.1016/j.solidstatesciences.2013.12.017,mp-18329, icsd-260423,9,593.0
155,Cs0.99ZnPO4Eu0.01,Cs0.99ZnPO4,Eu,https://doi.org/10.1016/j.solidstatesciences.2013.12.017,"mp-557693,mp-559752,mp-18673", icsd-85455 icsd-236912 icsd-85456 icsd-85457,5,615.0
156,Cs0.95ZnPO4Eu0.05,Cs0.95ZnPO4,Eu,https://doi.org/10.1016/j.solidstatesciences.2013.12.017,"mp-557693,mp-559752,mp-18673", icsd-85455 icsd-236912 icsd-85456 icsd-85457,6,615.0
157,Cs0.93ZnPO4Eu0.07,Cs0.93ZnPO4,Eu,https://doi.org/10.1016/j.solidstatesciences.2013.12.017,"mp-557693,mp-559752,mp-18673", icsd-85455 icsd-236912 icsd-85456 icsd-85457,1,615.0
158,K2Ca2Si2O7Bi0.02,K2Ca2Si2O7,Bi,https://doi.org/10.1016/j.optmat.2021.111293,,,4,490.0
159,K2Ca2Si2O7Bi0.04,K2Ca2Si2O7,Bi,https://doi.org/10.1016/j.optmat.2021.111293,,,9,490.0
160,K2Ca2Si2O7Bi0.06,K2Ca2Si2O7,Bi,https://doi.org/10.1016/j.optmat.2021.111293,,,10,490.0
161,K2Ca2Si2O7Bi0.08,K2Ca2Si2O7,Bi,https://doi.org/10.1016/j.optmat.2021.111293,,,10,490.0
162,K2Ca2Si2O7Bi0.1,K2Ca2Si2O7,Bi,https://doi.org/10.1016/j.optmat.2021.111293,,,3,490.0
163,K2Ca2Si2O7Bi0.12,K2Ca2Si2O7,Bi,https://doi.org/10.1016/j.optmat.2021.111293,,,2,490.0
164,Sr3TeO6Eu0.02,Sr3TeO6,Eu,https://doi.org/10.1016/j.ceramint.2020.11.219,"mp-768941,mp-1200112,mp-768907,mp-772918", icsd-421175,5,617.0
165,Sr3TeO6Eu0.05,Sr3TeO6,Eu,https://doi.org/10.1016/j.ceramint.2020.11.219,"mp-768941,mp-1200112,mp-768907,mp-772918", icsd-421175,7,617.0
166,Sr3TeO6Eu0.1,Sr3TeO6,Eu,https://doi.org/10.1016/j.ceramint.2020.11.219,"mp-768941,mp-1200112,mp-768907,mp-772918", icsd-421175,8,617.0
167,Sr3TeO6Eu0.15,Sr3TeO6,Eu,https://doi.org/10.1016/j.ceramint.2020.11.219,"mp-768941,mp-1200112,mp-768907,mp-772918", icsd-421175,5,617.0
168,Sr3TeO6Eu0.2,Sr3TeO6,Eu,https://doi.org/10.1016/j.ceramint.2020.11.219,"mp-768941,mp-1200112,mp-768907,mp-772918", icsd-421175,2,617.0
169,Sr3TeO6Eu0.25,Sr3TeO6,Eu,https://doi.org/10.1016/j.ceramint.2020.11.219,"mp-768941,mp-1200112,mp-768907,mp-772918", icsd-421175,8,617.0
170,Sr3TeO6Na0.25Eu0.25,Sr3TeO6Na0.25,Eu,https://doi.org/10.1016/j.ceramint.2020.11.219,"mp-768941,mp-1200112,mp-768907,mp-772918", icsd-421175,4,617.0
171,Sr3TeO6Li0.25Eu0.25,Sr3TeO6Li0.25,Eu,https://doi.org/10.1016/j.ceramint.2020.11.219,"mp-768941,mp-1200112,mp-768907,mp-772918", icsd-421175,6,617.0
172,Sr3TeO6K0.25Eu0.25,Sr3TeO6K0.25,Eu,https://doi.org/10.1016/j.ceramint.2020.11.219,"mp-768941,mp-1200112,mp-768907,mp-772918", icsd-421175,8,617.0
173,Sr3TeO6Eu0.3,Sr3TeO6,Eu,https://doi.org/10.1016/j.ceramint.2020.11.219,"mp-768941,mp-1200112,mp-768907,mp-772918", icsd-421175,1,617.0
174,Ca3La0.6Ga3O15B4Eu0.4,Ca3La0.6Ga3O15B4,Eu,https://doi.org/10.1016/j.dyepig.2018.04.039,,,2,621.0
175,Ca3La0.5Ga3O15B4Eu0.5,Ca3La0.5Ga3O15B4,Eu,https://doi.org/10.1016/j.dyepig.2018.04.039,,,4,621.0
176,Ca3La0.4Ga3O15B4Eu0.6,Ca3La0.4Ga3O15B4,Eu,https://doi.org/10.1016/j.dyepig.2018.04.039,,,8,621.0
177,Ca3La0.2Ga3O15B4Eu0.8,Ca3La0.2Ga3O15B4,Eu,https://doi.org/10.1016/j.dyepig.2018.04.039,,,2,621.0
178,Ca3Ga3O15B4Eu1,Ca3Ga3O15B4,Eu,https://doi.org/10.1016/j.dyepig.2018.04.039,,,2,621.0
179,Ba2TiGe1.997O8Mn0.003,Ba2TiGe1.997O8,Mn,https://doi.org/10.1016/j.dyepig.2017.06.061,mp-6289, icsd-281271,1,666.0
180,Ba2TiGe1.994O8Mn0.006,Ba2TiGe1.994O8,Mn,https://doi.org/10.1016/j.dyepig.2017.06.061,mp-6289, icsd-281271,9,666.0
181,Ba2TiGe1.991O8Mn0.009,Ba2TiGe1.991O8,Mn,https://doi.org/10.1016/j.dyepig.2017.06.061,mp-6289, icsd-281271,5,666.0
182,Ba2TiGe1.988O8Mn0.012,Ba2TiGe1.988O8,Mn,https://doi.org/10.1016/j.dyepig.2017.06.061,mp-6289, icsd-281271,4,666.0
183,Ba2TiGe1.985O8Mn0.015,Ba2TiGe1.985O8,Mn,https://doi.org/10.1016/j.dyepig.2017.06.061,mp-6289, icsd-281271,7,666.0
184,Ca3Gd0.95Ga3O15B4Ce0.05,Ca3Gd0.95Ga3O15B4,Ce,https://doi.org/10.1016/j.ceramint.2017.12.082,,,2,400.0
185,Mg7Ga1.990GeO12Mn0.005,Mg7Ga1.990GeO12,Mn,https://doi.org/10.1016/j.jallcom.2015.06.166,,,2,660.0
186,CaLaMgSbO6Mn0.001,CaLaMgSbO6,Mn,https://doi.org/10.1039/C8RA06708B,,,10,708.0
187,CaLaMgSbO6Mn0.003,CaLaMgSbO6,Mn,https://doi.org/10.1039/C8RA06708B,,,4,708.0
188,CaLaMgSbO6Mn0.005,CaLaMgSbO6,Mn,https://doi.org/10.1039/C8RA06708B,,,1,708.0
189,CaLaMgSbO6Mn0.007,CaLaMgSbO6,Mn,https://doi.org/10.1039/C8RA06708B,,,10,708.0
190,CaLaMgSbO6Mn0.01,CaLaMgSbO6,Mn,https://doi.org/10.1039/C8RA06708B,,,9,708.0
191,CaLaMgSbO6Mn0.012,CaLaMgSbO6,Mn,https://doi.org/10.1039/C8RA06708B,,,8,708.0
192,CaLaMgSbO6Mn0.015,CaLaMgSbO6,Mn,https://doi.org/10.1039/C8RA06708B,,,2,708.0
193,KMgLaTeO6Mn0.006,KMgLaTeO6,Mn,https://doi.org/10.1039/C7DT04811D,,,6,696.0
194,KMgLaTeO6Mn0.01,KMgLaTeO6,Mn,https://doi.org/10.1039/C7DT04811D,,,4,696.0
195,KMgLaTeO6Mn0.02,KMgLaTeO6,Mn,https://doi.org/10.1039/C7DT04811D,,,6,696.0
196,KMgLaTeO6Mn0.04,KMgLaTeO6,Mn,https://doi.org/10.1039/C7DT04811D,,,1,696.0
197,NaSr0.999PO4Sm0.001,NaSr0.999PO4,Sm,https://doi.org/10.1007/s12034-016-1270-3,mp-1210115,,10,600.0
198,NaSr0.997PO4Sm0.003,NaSr0.997PO4,Sm,https://doi.org/10.1007/s12034-016-1270-3,mp-1210115,,3,600.0
199,NaSr0.993PO4Sm0.007,NaSr0.993PO4,Sm,https://doi.org/10.1007/s12034-016-1270-3,mp-1210115,,5,600.0
200,NaSr0.99PO4Sm0.01,NaSr0.99PO4,Sm,https://doi.org/10.1007/s12034-016-1270-3,mp-1210115,,10,600.0
201,NaSr0.98PO4Sm0.02,NaSr0.98PO4,Sm,https://doi.org/10.1007/s12034-016-1270-3,mp-1210115,,10,600.0
202,NaSr0.97PO4Sm0.03,NaSr0.97PO4,Sm,https://doi.org/10.1007/s12034-016-1270-3,mp-1210115,,10,600.0
203,NaSr0.96PO4Sm0.04,NaSr0.96PO4,Sm,https://doi.org/10.1007/s12034-016-1270-3,mp-1210115,,2,600.0
204,Gd2ZnTi0.9995O6Mn0.0005,Gd2ZnTi0.9995O6,Mn,https://doi.org/10.1039/C6TC00313C,mp-1105276, icsd-251934,7,705.0
205,Gd2ZnTi0.999O6Mn0.001,Gd2ZnTi0.999O6,Mn,https://doi.org/10.1039/C6TC00313C,mp-1105276, icsd-251934,3,705.0
206,Gd2ZnTi0.998O6Mn0.002,Gd2ZnTi0.998O6,Mn,https://doi.org/10.1039/C6TC00313C,mp-1105276, icsd-251934,10,705.0
207,Gd2ZnTi0.996O6Mn0.004,Gd2ZnTi0.996O6,Mn,https://doi.org/10.1039/C6TC00313C,mp-1105276, icsd-251934,3,705.0
208,Gd2ZnTi0.992O6Mn0.008,Gd2ZnTi0.992O6,Mn,https://doi.org/10.1039/C6TC00313C,mp-1105276, icsd-251934,1,705.0
209,Li2MgTi0.9999O4Mn0.0001,Li2MgTi0.9999O4,Mn,https://doi.org/10.1016/j.cej.2015.12.027,,,3,676.0
210,Li2MgTi0.9996O4Mn0.0004,Li2MgTi0.9996O4,Mn,https://doi.org/10.1016/j.cej.2015.12.027,,,3,676.0
211,Li2MgTi0.9993O4Mn0.0007,Li2MgTi0.9993O4,Mn,https://doi.org/10.1016/j.cej.2015.12.027,,,1,676.0
212,Li2MgTi0.999O4Mn0.001,Li2MgTi0.999O4,Mn,https://doi.org/10.1016/j.cej.2015.12.027,,,3,676.0
213,Li2MgTi0.997O4Mn0.003,Li2MgTi0.997O4,Mn,https://doi.org/10.1016/j.cej.2015.12.027,,,7,676.0
214,Li2MgTi0.995O4Mn0.005,Li2MgTi0.995O4,Mn,https://doi.org/10.1016/j.cej.2015.12.027,,,5,676.0
215,Li2MgTi0.99O4Mn0.01,Li2MgTi0.99O4,Mn,https://doi.org/10.1016/j.cej.2015.12.027,,,6,676.0
216,Ba2GdNbO6Mn0.001,Ba2GdNbO6,Mn,https://doi.org/10.1016/j.ceramint.2017.02.044,"mp-22531,mp-19996", icsd-172405 icsd-109155,8,676.0
217,Ba2GdNbO6Mn0.005,Ba2GdNbO6,Mn,https://doi.org/10.1016/j.ceramint.2017.02.044,"mp-22531,mp-19996", icsd-172405 icsd-109155,9,676.0
218,Ba2GdNbO6Mn0.01,Ba2GdNbO6,Mn,https://doi.org/10.1016/j.ceramint.2017.02.044,"mp-22531,mp-19996", icsd-172405 icsd-109155,1,676.0
219,Ba2GdNbO6Mn0.015,Ba2GdNbO6,Mn,https://doi.org/10.1016/j.ceramint.2017.02.044,"mp-22531,mp-19996", icsd-172405 icsd-109155,3,676.0
220,Ba2GdNbO6Mn0.02,Ba2GdNbO6,Mn,https://doi.org/10.1016/j.ceramint.2017.02.044,"mp-22531,mp-19996", icsd-172405 icsd-109155,3,676.0
221,Ba2GdNbO6Mn0.025,Ba2GdNbO6,Mn,https://doi.org/10.1016/j.ceramint.2017.02.044,"mp-22531,mp-19996", icsd-172405 icsd-109155,3,676.0
222,CaMg2Al16O27Mn0.016,CaMg2Al16O27,Mn,https://doi.org/10.1021/am507316b,,,4,655.0
223,CaMg2Al16O27Mn0.032,CaMg2Al16O27,Mn,https://doi.org/10.1021/am507316b,,,7,655.0
224,CaMg2Al16O27Mn0.08,CaMg2Al16O27,Mn,https://doi.org/10.1021/am507316b,,,6,655.0
225,CaMg2Al16O27Mn0.16,CaMg2Al16O27,Mn,https://doi.org/10.1021/am507316b,,,9,655.0
226,CaMg2Al16O27Mn0.24,CaMg2Al16O27,Mn,https://doi.org/10.1021/am507316b,,,5,655.0
227,CaMg2Al16O27Mn0.48,CaMg2Al16O27,Mn,https://doi.org/10.1021/am507316b,,,6,655.0
228,Ca3WO6Dy0.005,Ca3WO6,Dy,https://doi.org/10.1007/s10854-016-4848-z,"mp-781505,mp-779906", icsd-262323,6,577.0
229,Ca3WO6Dy0.02,Ca3WO6,Dy,https://doi.org/10.1007/s10854-016-4848-z,"mp-781505,mp-779906", icsd-262323,1,577.0
230,Ca3WO6Dy0.04,Ca3WO6,Dy,https://doi.org/10.1007/s10854-016-4848-z,"mp-781505,mp-779906", icsd-262323,2,577.0
231,La1.95ZnTiO6Eu0.05,La1.95ZnTiO6,Eu,https://doi.org/10.1016/j.optlastec.2017.04.025,"mp-558528,mvc-11053", icsd-172755,2,616.0
232,La1.9ZnTiO6Eu0.1,La1.9ZnTiO6,Eu,https://doi.org/10.1016/j.optlastec.2017.04.025,"mp-558528,mvc-11053", icsd-172755,7,616.0
233,La1.8ZnTiO6Eu0.2,La1.8ZnTiO6,Eu,https://doi.org/10.1016/j.optlastec.2017.04.025,"mp-558528,mvc-11053", icsd-172755,2,616.0
234,La1.7ZnTiO6Eu0.3,La1.7ZnTiO6,Eu,https://doi.org/10.1016/j.optlastec.2017.04.025,"mp-558528,mvc-11053", icsd-172755,8,616.0
235,La1.6ZnTiO6Eu0.4,La1.6ZnTiO6,Eu,https://doi.org/10.1016/j.optlastec.2017.04.025,"mp-558528,mvc-11053", icsd-172755,7,616.0
236,Ba2YNbO6Mn0.001,Ba2YNbO6,Mn,https://doi.org/10.1016/j.optmat.2017.05.028,mp-7251, icsd-172407,5,695.0
237,Ba2YNbO6Mn0.005,Ba2YNbO6,Mn,https://doi.org/10.1016/j.optmat.2017.05.028,mp-7251, icsd-172407,3,695.0
238,Ba2YNbO6Mn0.01,Ba2YNbO6,Mn,https://doi.org/10.1016/j.optmat.2017.05.028,mp-7251, icsd-172407,7,695.0
239,Ba2YNbO6Mn0.015,Ba2YNbO6,Mn,https://doi.org/10.1016/j.optmat.2017.05.028,mp-7251, icsd-172407,2,695.0
240,Ba2YNbO6Mn0.02,Ba2YNbO6,Mn,https://doi.org/10.1016/j.optmat.2017.05.028,mp-7251, icsd-172407,1,695.0
241,Ba2YNbO6Mn0.025,Ba2YNbO6,Mn,https://doi.org/10.1016/j.optmat.2017.05.028,mp-7251, icsd-172407,10,695.0
242,Mg2Al4Si5O18Mn0.005,Mg2Al4Si5O18,Mn,https://doi.org/10.1016/j.dyepig.2017.08.050,"mp-6174,mp-684265", icsd-158750 icsd-165866 icsd-190522 icsd-190521 icsd-86347 icsd-261438 icsd-158748 icsd-158747 icsd-156362 icsd-190520 icsd-158749 icsd-86346 icsd-158751 icsd-190523 icsd-261437 icsd-158752,6,680.0
243,Mg2Al4Si5O18Mn0.01,Mg2Al4Si5O18,Mn,https://doi.org/10.1016/j.dyepig.2017.08.050,"mp-6174,mp-684265", icsd-158750 icsd-165866 icsd-190522 icsd-190521 icsd-86347 icsd-261438 icsd-158748 icsd-158747 icsd-156362 icsd-190520 icsd-158749 icsd-86346 icsd-158751 icsd-190523 icsd-261437 icsd-158752,6,680.0
244,Mg2Al4Si5O18Mn0.015,Mg2Al4Si5O18,Mn,https://doi.org/10.1016/j.dyepig.2017.08.050,"mp-6174,mp-684265", icsd-158750 icsd-165866 icsd-190522 icsd-190521 icsd-86347 icsd-261438 icsd-158748 icsd-158747 icsd-156362 icsd-190520 icsd-158749 icsd-86346 icsd-158751 icsd-190523 icsd-261437 icsd-158752,4,680.0
245,Mg2Al4Si5O18Mn0.02,Mg2Al4Si5O18,Mn,https://doi.org/10.1016/j.dyepig.2017.08.050,"mp-6174,mp-684265", icsd-158750 icsd-165866 icsd-190522 icsd-190521 icsd-86347 icsd-261438 icsd-158748 icsd-158747 icsd-156362 icsd-190520 icsd-158749 icsd-86346 icsd-158751 icsd-190523 icsd-261437 icsd-158752,9,680.0
246,Mg2Al4Si5O18Mn0.02,Mg2Al4Si5O18,Mn,https://doi.org/10.1016/j.dyepig.2017.08.050,"mp-6174,mp-684265", icsd-158750 icsd-165866 icsd-190522 icsd-190521 icsd-86347 icsd-261438 icsd-158748 icsd-158747 icsd-156362 icsd-190520 icsd-158749 icsd-86346 icsd-158751 icsd-190523 icsd-261437 icsd-158752,9,680.0
247,Mg2Al4Si5O18Mn0.02,Mg2Al4Si5O18,Mn,https://doi.org/10.1016/j.dyepig.2017.08.050,"mp-6174,mp-684265", icsd-158750 icsd-165866 icsd-190522 icsd-190521 icsd-86347 icsd-261438 icsd-158748 icsd-158747 icsd-156362 icsd-190520 icsd-158749 icsd-86346 icsd-158751 icsd-190523 icsd-261437 icsd-158752,1,680.0
248,Mg2Al4Si5O18Mn0.02,Mg2Al4Si5O18,Mn,https://doi.org/10.1016/j.dyepig.2017.08.050,"mp-6174,mp-684265", icsd-158750 icsd-165866 icsd-190522 icsd-190521 icsd-86347 icsd-261438 icsd-158748 icsd-158747 icsd-156362 icsd-190520 icsd-158749 icsd-86346 icsd-158751 icsd-190523 icsd-261437 icsd-158752,7,680.0
249,Mg2Al4Si5O18Mn0.02,Mg2Al4Si5O18,Mn,https://doi.org/10.1016/j.dyepig.2017.08.050,"mp-6174,mp-684265", icsd-158750 icsd-165866 icsd-190522 icsd-190521 icsd-86347 icsd-261438 icsd-158748 icsd-158747 icsd-156362 icsd-190520 icsd-158749 icsd-86346 icsd-158751 icsd-190523 icsd-261437 icsd-158752,7,680.0
250,Mg2Al4Si5O18Mn0.02,Mg2Al4Si5O18,Mn,https://doi.org/10.1016/j.dyepig.2017.08.050,"mp-6174,mp-684265", icsd-158750 icsd-165866 icsd-190522 icsd-190521 icsd-86347 icsd-261438 icsd-158748 icsd-158747 icsd-156362 icsd-190520 icsd-158749 icsd-86346 icsd-158751 icsd-190523 icsd-261437 icsd-158752,4,680.0
251,Mg2Al4Si5O18Mn0.02,Mg2Al4Si5O18,Mn,https://doi.org/10.1016/j.dyepig.2017.08.050,"mp-6174,mp-684265", icsd-158750 icsd-165866 icsd-190522 icsd-190521 icsd-86347 icsd-261438 icsd-158748 icsd-158747 icsd-156362 icsd-190520 icsd-158749 icsd-86346 icsd-158751 icsd-190523 icsd-261437 icsd-158752,1,680.0
252,Mg2Al4Si5O18Mn0.02,Mg2Al4Si5O18,Mn,https://doi.org/10.1016/j.dyepig.2017.08.050,"mp-6174,mp-684265", icsd-158750 icsd-165866 icsd-190522 icsd-190521 icsd-86347 icsd-261438 icsd-158748 icsd-158747 icsd-156362 icsd-190520 icsd-158749 icsd-86346 icsd-158751 icsd-190523 icsd-261437 icsd-158752,1,680.0
253,Mg2Al4Si5O18Mn0.02,Mg2Al4Si5O18,Mn,https://doi.org/10.1016/j.dyepig.2017.08.050,"mp-6174,mp-684265", icsd-158750 icsd-165866 icsd-190522 icsd-190521 icsd-86347 icsd-261438 icsd-158748 icsd-158747 icsd-156362 icsd-190520 icsd-158749 icsd-86346 icsd-158751 icsd-190523 icsd-261437 icsd-158752,10,680.0
254,Mg2Al4Si5O18Mn0.02,Mg2Al4Si5O18,Mn,https://doi.org/10.1016/j.dyepig.2017.08.050,"mp-6174,mp-684265", icsd-158750 icsd-165866 icsd-190522 icsd-190521 icsd-86347 icsd-261438 icsd-158748 icsd-158747 icsd-156362 icsd-190520 icsd-158749 icsd-86346 icsd-158751 icsd-190523 icsd-261437 icsd-158752,1,680.0
255,Mg2Al4Si5O18Mn0.02,Mg2Al4Si5O18,Mn,https://doi.org/10.1016/j.dyepig.2017.08.050,"mp-6174,mp-684265", icsd-158750 icsd-165866 icsd-190522 icsd-190521 icsd-86347 icsd-261438 icsd-158748 icsd-158747 icsd-156362 icsd-190520 icsd-158749 icsd-86346 icsd-158751 icsd-190523 icsd-261437 icsd-158752,7,680.0
256,Mg2Al4Si5O18Mn0.02,Mg2Al4Si5O18,Mn,https://doi.org/10.1016/j.dyepig.2017.08.050,"mp-6174,mp-684265", icsd-158750 icsd-165866 icsd-190522 icsd-190521 icsd-86347 icsd-261438 icsd-158748 icsd-158747 icsd-156362 icsd-190520 icsd-158749 icsd-86346 icsd-158751 icsd-190523 icsd-261437 icsd-158752,3,680.0
257,Mg2Al4Si5O18Mn0.025,Mg2Al4Si5O18,Mn,https://doi.org/10.1016/j.dyepig.2017.08.050,"mp-6174,mp-684265", icsd-158750 icsd-165866 icsd-190522 icsd-190521 icsd-86347 icsd-261438 icsd-158748 icsd-158747 icsd-156362 icsd-190520 icsd-158749 icsd-86346 icsd-158751 icsd-190523 icsd-261437 icsd-158752,9,680.0
258,Mg2Al4Si5O18Mn0.03,Mg2Al4Si5O18,Mn,https://doi.org/10.1016/j.dyepig.2017.08.050,"mp-6174,mp-684265", icsd-158750 icsd-165866 icsd-190522 icsd-190521 icsd-86347 icsd-261438 icsd-158748 icsd-158747 icsd-156362 icsd-190520 icsd-158749 icsd-86346 icsd-158751 icsd-190523 icsd-261437 icsd-158752,6,680.0
259,SrGe3.999O9Mn0.001,SrGe3.999O9,Mn,https://doi.org/10.1016/j.powtec.2016.01.017,mp-9380, icsd-82393,1,655.0
260,SrGe3.996O9Mn0.004,SrGe3.996O9,Mn,https://doi.org/10.1016/j.powtec.2016.01.017,mp-9380, icsd-82393,6,655.0
261,SrGe3.993O9Mn0.007,SrGe3.993O9,Mn,https://doi.org/10.1016/j.powtec.2016.01.017,mp-9380, icsd-82393,4,655.0
262,SrGe3.99O9Mn0.01,SrGe3.99O9,Mn,https://doi.org/10.1016/j.powtec.2016.01.017,mp-9380, icsd-82393,10,655.0
263,SrGe3.985O9Mn0.015,SrGe3.985O9,Mn,https://doi.org/10.1016/j.powtec.2016.01.017,mp-9380, icsd-82393,9,655.0
264,SrGe3.98O9Mn0.02,SrGe3.98O9,Mn,https://doi.org/10.1016/j.powtec.2016.01.017,mp-9380, icsd-82393,8,655.0
265,SrGe3.97O9Mn0.03,SrGe3.97O9,Mn,https://doi.org/10.1016/j.powtec.2016.01.017,mp-9380, icsd-82393,4,655.0
266,Sr6Ca4P6O24F2Eu0.01,Sr6Ca4P6O24F2,Eu,https://doi.org/10.1016/j.materresbull.2015.07.031,mp-1218615,,4,452.0
267,Sr6Ca4P6O24F2Eu0.05,Sr6Ca4P6O24F2,Eu,https://doi.org/10.1016/j.materresbull.2015.07.031,mp-1218615,,7,452.0
268,Sr6Ca4P6O24F2Eu0.09,Sr6Ca4P6O24F2,Eu,https://doi.org/10.1016/j.materresbull.2015.07.031,mp-1218615,,9,452.0
269,Sr6Ca4P6O24F2Eu0.13,Sr6Ca4P6O24F2,Eu,https://doi.org/10.1016/j.materresbull.2015.07.031,mp-1218615,,6,452.0
270,Sr6Ca4P6O24F2Eu0.17,Sr6Ca4P6O24F2,Eu,https://doi.org/10.1016/j.materresbull.2015.07.031,mp-1218615,,3,452.0
271,Sr6Ca4P6O24F2Eu0.25,Sr6Ca4P6O24F2,Eu,https://doi.org/10.1016/j.materresbull.2015.07.031,mp-1218615,,4,452.0
272,Sr6Ca4P6O24F2Eu0.4,Sr6Ca4P6O24F2,Eu,https://doi.org/10.1016/j.materresbull.2015.07.031,mp-1218615,,4,452.0
273,Sr6Ca4P6O24F2Eu0.5,Sr6Ca4P6O24F2,Eu,https://doi.org/10.1016/j.materresbull.2015.07.031,mp-1218615,,4,452.0
274,Ca14Zn6Ga9.95O35Mn0.05,Ca14Zn6Ga9.95O35,Mn,https://doi.org/10.1016/j.jallcom.2016.10.162,,,5,711.0
275,Ca14Zn6Ga9.9O35Mn0.1,Ca14Zn6Ga9.9O35,Mn,https://doi.org/10.1016/j.jallcom.2016.10.162,,,2,711.0
276,Ca14Zn6Ga9.85O35Mn0.15,Ca14Zn6Ga9.85O35,Mn,https://doi.org/10.1016/j.jallcom.2016.10.162,,,6,711.0
277,Ca14Zn6Ga9.8O35Mn0.2,Ca14Zn6Ga9.8O35,Mn,https://doi.org/10.1016/j.jallcom.2016.10.162,,,3,711.0
278,Ca14Zn6Ga9.75O35Mn0.25,Ca14Zn6Ga9.75O35,Mn,https://doi.org/10.1016/j.jallcom.2016.10.162,,,8,711.0
279,Ca14Zn6Ga9.7O35Mn0.3,Ca14Zn6Ga9.7O35,Mn,https://doi.org/10.1016/j.jallcom.2016.10.162,,,1,711.0
280,Sr2LaNbO6Mn0.001,Sr2LaNbO6,Mn,https://doi.org/10.1016/j.materresbull.2016.12.045,mp-1206761,,7,694.0
281,Sr2LaNbO6Mn0.005,Sr2LaNbO6,Mn,https://doi.org/10.1016/j.materresbull.2016.12.045,mp-1206761,,2,694.0
282,Sr2LaNbO6Mn0.01,Sr2LaNbO6,Mn,https://doi.org/10.1016/j.materresbull.2016.12.045,mp-1206761,,1,694.0
283,Sr2LaNbO6Mn0.01,Sr2LaNbO6,Mn,https://doi.org/10.1016/j.materresbull.2016.12.045,mp-1206761,,2,694.0
284,Sr2LaNbO6Mn0.01,Sr2LaNbO6,Mn,https://doi.org/10.1016/j.materresbull.2016.12.045,mp-1206761,,8,694.0
285,Sr2LaNbO6Mn0.01,Sr2LaNbO6,Mn,https://doi.org/10.1016/j.materresbull.2016.12.045,mp-1206761,,5,694.0
286,Sr2LaNbO6Mn0.01,Sr2LaNbO6,Mn,https://doi.org/10.1016/j.materresbull.2016.12.045,mp-1206761,,2,694.0
287,Sr2LaNbO6Mn0.01,Sr2LaNbO6,Mn,https://doi.org/10.1016/j.materresbull.2016.12.045,mp-1206761,,4,694.0
288,Sr2LaNbO6Mn0.01,Sr2LaNbO6,Mn,https://doi.org/10.1016/j.materresbull.2016.12.045,mp-1206761,,6,694.0
289,Sr2LaNbO6Mn0.01,Sr2LaNbO6,Mn,https://doi.org/10.1016/j.materresbull.2016.12.045,mp-1206761,,2,694.0
290,Sr2LaNbO6Mn0.01,Sr2LaNbO6,Mn,https://doi.org/10.1016/j.materresbull.2016.12.045,mp-1206761,,1,694.0
291,Sr2LaNbO6Mn0.01,Sr2LaNbO6,Mn,https://doi.org/10.1016/j.materresbull.2016.12.045,mp-1206761,,2,694.0
292,Sr2LaNbO6Mn0.015,Sr2LaNbO6,Mn,https://doi.org/10.1016/j.materresbull.2016.12.045,mp-1206761,,4,694.0
293,Sr2LaNbO6Mn0.02,Sr2LaNbO6,Mn,https://doi.org/10.1016/j.materresbull.2016.12.045,mp-1206761,,10,694.0
294,Sr2LaNbO6Mn0.25,Sr2LaNbO6,Mn,https://doi.org/10.1016/j.materresbull.2016.12.045,mp-1206761,,3,694.0
295,LiGd2.7Mo5O20Eu0.1,LiGd2.7Mo5O20,Eu,https://doi.org/10.1364/OME.8.000259,,,6,615.0
296,LiGd2.1Mo5O20Eu0.3,LiGd2.1Mo5O20,Eu,https://doi.org/10.1364/OME.8.000259,,,1,615.0
297,LiGd1.5Mo5O20Eu0.5,LiGd1.5Mo5O20,Eu,https://doi.org/10.1364/OME.8.000259,,,2,615.0
298,LiGd0.9Mo5O20Eu0.7,LiGd0.9Mo5O20,Eu,https://doi.org/10.1364/OME.8.000259,,,2,615.0
299,LiGd0.6Mo5O20Eu0.8,LiGd0.6Mo5O20,Eu,https://doi.org/10.1364/OME.8.000259,,,3,615.0
300,LiGd0.3Mo5O20Eu0.9,LiGd0.3Mo5O20,Eu,https://doi.org/10.1364/OME.8.000259,,,4,615.0
301,LiGd0.3Mo5O20Eu0.9,LiGd0.3Mo5O20,Eu,https://doi.org/10.1364/OME.8.000259,,,9,615.0
302,LiGd0.3Mo5O20Eu0.9,LiGd0.3Mo5O20,Eu,https://doi.org/10.1364/OME.8.000259,,,7,615.0
303,LiGd0.3Mo5O20Eu0.9,LiGd0.3Mo5O20,Eu,https://doi.org/10.1364/OME.8.000259,,,1,615.0
304,LiMo5O20Eu1,LiMo5O20,Eu,https://doi.org/10.1364/OME.8.000259,,,9,615.0
305,Li3Ba2La2.9W8O32Eu0.1,Li3Ba2La2.9W8O32,Eu,https://doi.org/10.1364/OME.6.000181,,,3,615.0
306,Li3Ba2La2.4W8O32Eu0.6,Li3Ba2La2.4W8O32,Eu,https://doi.org/10.1364/OME.6.000181,,,3,615.0
307,Li3Ba2La1.8W8O32Eu1.2,Li3Ba2La1.8W8O32,Eu,https://doi.org/10.1364/OME.6.000181,,,2,615.0
308,Li3Ba2La1.2W8O32Eu1.8,Li3Ba2La1.2W8O32,Eu,https://doi.org/10.1364/OME.6.000181,,,3,615.0
309,Li3Ba2La0.9W8O32Eu2.1,Li3Ba2La0.9W8O32,Eu,https://doi.org/10.1364/OME.6.000181,,,5,615.0
310,Li3Ba2La0.6W8O32Eu2.4,Li3Ba2La0.6W8O32,Eu,https://doi.org/10.1364/OME.6.000181,,,4,615.0
311,Li3Ba2La0.3W8O32Eu2.7,Li3Ba2La0.3W8O32,Eu,https://doi.org/10.1364/OME.6.000181,,,5,615.0
312,Li3Ba2W8O32Eu3,Li3Ba2W8O32,Eu,https://doi.org/10.1364/OME.6.000181,,,6,615.0
313,Ba2Gd4.99B5O17Dy0.01,Ba2Gd4.99B5O17,Dy,https://doi.org/10.1007/s10854-018-9640-9,,,9,575.0
314,Ba2Gd4.97B5O17Dy0.03,Ba2Gd4.97B5O17,Dy,https://doi.org/10.1007/s10854-018-9640-9,,,6,575.0
315,Ba2Gd4.95B5O17Dy0.05,Ba2Gd4.95B5O17,Dy,https://doi.org/10.1007/s10854-018-9640-9,,,4,575.0
316,Ba2Gd4.93B5O17Dy0.07,Ba2Gd4.93B5O17,Dy,https://doi.org/10.1007/s10854-018-9640-9,,,3,575.0
317,Ba2Gd4.91B5O17Dy0.09,Ba2Gd4.91B5O17,Dy,https://doi.org/10.1007/s10854-018-9640-9,,,10,575.0
318,Ba2Gd4.89B5O17Dy0.11,Ba2Gd4.89B5O17,Dy,https://doi.org/10.1007/s10854-018-9640-9,,,4,575.0
319,Na2Y1.9B2O7Eu0.05,Na2Y1.9B2O7,Eu,https://doi.org/10.1016/j.jlumin.2018.09.008,mp-6331, icsd-191128 icsd-245226 icsd-99206,6,619.0
320,Na2Y1.7B2O7Eu0.15,Na2Y1.7B2O7,Eu,https://doi.org/10.1016/j.jlumin.2018.09.008,mp-6331, icsd-191128 icsd-245226 icsd-99206,9,619.0
321,Na2Y1.5B2O7Eu0.25,Na2Y1.5B2O7,Eu,https://doi.org/10.1016/j.jlumin.2018.09.008,mp-6331, icsd-191128 icsd-245226 icsd-99206,2,619.0
322,Na2Y1.3B2O7Eu0.35,Na2Y1.3B2O7,Eu,https://doi.org/10.1016/j.jlumin.2018.09.008,mp-6331, icsd-191128 icsd-245226 icsd-99206,4,619.0
323,Na2Y1.1B2O7Eu0.45,Na2Y1.1B2O7,Eu,https://doi.org/10.1016/j.jlumin.2018.09.008,mp-6331, icsd-191128 icsd-245226 icsd-99206,6,619.0
324,Na2YB2O7Eu0.5,Na2YB2O7,Eu,https://doi.org/10.1016/j.jlumin.2018.09.008,mp-6331, icsd-191128 icsd-245226 icsd-99206,2,619.0
325,Sr1.4Zn0.3CeO4Eu0.3,Sr1.4Zn0.3CeO4,Eu,https://doi.org/10.1021/am4041493,mp-15743, icsd-86768 icsd-237179 icsd-237186,6,614.0
326,Sr1.98Si5N8Eu0.04,Sr1.98Si5N8,Eu,https://doi.org/10.1016/j.jlumin.2009.03.008,mp-9710, icsd-401500,5,619.0
327,Sr1.96Si5N8Eu0.04,Sr1.96Si5N8,Eu,https://doi.org/10.1016/j.ceramint.2014.04.054,mp-9710, icsd-401500,5,615.0
328,K2MgGeO4Bi0.001,K2MgGeO4,Bi,https://doi.org/10.1021/acs.inorgchem.8b02025,mp-1212053,,6,614.0
329,K2MgGeO4Bi0.004,K2MgGeO4,Bi,https://doi.org/10.1021/acs.inorgchem.8b02025,mp-1212053,,5,614.0
330,K2MgGeO4Bi0.01,K2MgGeO4,Bi,https://doi.org/10.1021/acs.inorgchem.8b02025,mp-1212053,,10,614.0
331,K2MgGeO4Bi0.02,K2MgGeO4,Bi,https://doi.org/10.1021/acs.inorgchem.8b02025,mp-1212053,,4,614.0
332,Ba0.99Al12O19Eu0.01,Ba0.99Al12O19,Eu,https://doi.org/10.1021/acs.chemmater.8b00464,,,1,443.0
333,Ba0.97Al12O19Eu0.03,Ba0.97Al12O19,Eu,https://doi.org/10.1021/acs.chemmater.8b00464,,,6,442.0
334,Ba0.95Al12O19Eu0.05,Ba0.95Al12O19,Eu,https://doi.org/10.1021/acs.chemmater.8b00464,,,4,443.0
335,Ba0.93Al12O19Eu0.07,Ba0.93Al12O19,Eu,https://doi.org/10.1021/acs.chemmater.8b00464,,,9,443.0
336,Ba0.9Al12O19Eu0.1,Ba0.9Al12O19,Eu,https://doi.org/10.1021/acs.chemmater.8b00464,,,7,445.0
337,Ba0.8Al12O19Eu0.2,Ba0.8Al12O19,Eu,https://doi.org/10.1021/acs.chemmater.8b00464,,,10,446.0
338,Ba0.75Al12O19Eu0.25,Ba0.75Al12O19,Eu,https://doi.org/10.1021/acs.chemmater.8b00464,,,8,447.0
339,Sr9Mg1.5P7O28Eu0.02,Sr9Mg1.5P7O28,Eu,https://doi.org/10.1021/acsami.5b06961,,,4,620.0
340,Sr9Mg1.5P7O28Eu0.04,Sr9Mg1.5P7O28,Eu,https://doi.org/10.1021/acsami.5b06961,,,9,620.0
341,Sr9Mg1.5P7O28Eu0.06,Sr9Mg1.5P7O28,Eu,https://doi.org/10.1021/acsami.5b06961,,,5,620.0
342,Sr9Mg1.5P7O28Eu0.06,Sr9Mg1.5P7O28,Eu,https://doi.org/10.1021/acsami.5b06961,,,1,620.0
343,Sr9Mg1.5P7O28Eu0.06,Sr9Mg1.5P7O28,Eu,https://doi.org/10.1021/acsami.5b06961,,,4,620.0
344,Sr9Mg1.5P7O28Eu0.06,Sr9Mg1.5P7O28,Eu,https://doi.org/10.1021/acsami.5b06961,,,4,620.0
345,Sr9Mg1.5P7O28Eu0.06,Sr9Mg1.5P7O28,Eu,https://doi.org/10.1021/acsami.5b06961,,,7,620.0
346,Sr9Mg1.P7O28Eu0.06,Sr9Mg1.P7O28,Eu,https://doi.org/10.1021/acsami.5b06961,,,6,620.0
347,Sr9Mg1.5P7O28Eu0.06,Sr9Mg1.5P7O28,Eu,https://doi.org/10.1021/acsami.5b06961,,,8,620.0
348,Sr9Mg1.5P7O28Eu0.06,Sr9Mg1.5P7O28,Eu,https://doi.org/10.1021/acsami.5b06961,,,4,620.0
349,Sr9Mg1.5P7O28Eu0.08,Sr9Mg1.5P7O28,Eu,https://doi.org/10.1021/acsami.5b06961,,,7,620.0
350,Sr9Mg1.5P7O28Eu0.1,Sr9Mg1.5P7O28,Eu,https://doi.org/10.1021/acsami.5b06961,,,2,620.0
351,Sr9Mg1.5P7O28Eu0.12,Sr9Mg1.5P7O28,Eu,https://doi.org/10.1021/acsami.5b06961,,,3,620.0
352,Sr9Mg1.5P7O28Eu0.14,Sr9Mg1.5P7O28,Eu,https://doi.org/10.1021/acsami.5b06961,,,4,620.0
353,LiCa2.994ZnV3O12Sm0.002,LiCa2.994ZnV3O12,Sm,https://doi.org/10.1039/C8RA07329E,,,2,651.0
354,LiCa2.985ZnV3O12Sm0.005,LiCa2.985ZnV3O12,Sm,https://doi.org/10.1039/C8RA07329E,,,2,651.0
355,LiCa2.97ZnV3O12Sm0.01,LiCa2.97ZnV3O12,Sm,https://doi.org/10.1039/C8RA07329E,,,6,651.0
356,LiCa2.97ZnV3O12Sm0.01,LiCa2.97ZnV3O12,Sm,https://doi.org/10.1039/C8RA07329E,,,9,651.0
357,LiCa2.97ZnV3O12Sm0.01,LiCa2.97ZnV3O12,Sm,https://doi.org/10.1039/C8RA07329E,,,8,651.0
358,LiCa2.97ZnV3O12Sm0.01,LiCa2.97ZnV3O12,Sm,https://doi.org/10.1039/C8RA07329E,,,4,651.0
359,LiCa2.97ZnV3O12Sm0.01,LiCa2.97ZnV3O12,Sm,https://doi.org/10.1039/C8RA07329E,,,7,651.0
360,LiCa2.97ZnV3O12Sm0.01,LiCa2.97ZnV3O12,Sm,https://doi.org/10.1039/C8RA07329E,,,3,651.0
361,LiCa2.97ZnV3O12Sm0.01,LiCa2.97ZnV3O12,Sm,https://doi.org/10.1039/C8RA07329E,,,2,651.0
362,LiCa2.97ZnV3O12Sm0.01,LiCa2.97ZnV3O12,Sm,https://doi.org/10.1039/C8RA07329E,,,7,651.0
363,LiCa2.97ZnV3O12Sm0.01,LiCa2.97ZnV3O12,Sm,https://doi.org/10.1039/C8RA07329E,,,4,651.0
364,LiCa2.94ZnV3O12Sm0.02,LiCa2.94ZnV3O12,Sm,https://doi.org/10.1039/C8RA07329E,,,7,651.0
365,LiCa2.91ZnV3O12Sm0.03,LiCa2.91ZnV3O12,Sm,https://doi.org/10.1039/C8RA07329E,,,4,651.0
366,LiCa2.88ZnV3O12Sm0.04,LiCa2.88ZnV3O12,Sm,https://doi.org/10.1039/C8RA07329E,,,2,651.0
367,Sr2.99Al2O5Cl2Eu0.01,Sr2.99Al2O5Cl2,Eu,https://doi.org/10.1021/acsami.8b13728,mp-559224, icsd-68365,1,616.0
368,Sr2.985Al2O5Cl2Tb0.015,Sr2.985Al2O5Cl2,Tb,https://doi.org/10.1021/acsami.8b13728,mp-559224, icsd-68365,2,489.0
369,Gd1.86ZnTiO6Eu0.14,Gd1.86ZnTiO6,Eu,https://doi.org/10.1039/C8RA00700D,mp-1105276, icsd-251934,9,613.0
370,KSr0.995Eu0.005,KSr0.995,Eu,https://doi.org/10.1039/C3TC30128A,,,6,430.0
371,K0.9Na0.1Sr0.995Eu0.005,K0.9Na0.1Sr0.995,Eu,https://doi.org/10.1039/C3TC30128A,,,4,434.0
372,K0.8Na0.2Sr0.995Eu0.005,K0.8Na0.2Sr0.995,Eu,https://doi.org/10.1039/C3TC30128A,,,7,437.0
373,K0.6Na0.4Sr0.995Eu0.005,K0.6Na0.4Sr0.995,Eu,https://doi.org/10.1039/C3TC30128A,,,7,480.0
374,K0.5Na0.5Sr0.995Eu0.005,K0.5Na0.5Sr0.995,Eu,https://doi.org/10.1039/C3TC30128A,,,2,480.0
375,K0.4Na0.6Sr0.995Eu0.005,K0.4Na0.6Sr0.995,Eu,https://doi.org/10.1039/C3TC30128A,,,6,480.0
376,K0.2Na0.8Sr0.995Eu0.005,K0.2Na0.8Sr0.995,Eu,https://doi.org/10.1039/C3TC30128A,,,4,480.0
377,Y1.9Ti2O7Eu0.1,Y1.9Ti2O7,Eu,https://doi.org/10.1111/j.1551-2916.2011.04804.x,"mp-5373,mp-685370,mp-686019,mp-1173093", icsd-42702 icsd-93770 icsd-160111 icsd-153820 icsd-167563 icsd-15633 icsd-14242 icsd-24206 icsd-164023 icsd-191622 icsd-157666 icsd-66874 icsd-157667 icsd-239724 icsd-196407 icsd-83593,3,591.0
378,Y1.8Ti2O7Eu0.2,Y1.8Ti2O7,Eu,https://doi.org/10.1111/j.1551-2916.2011.04804.x,"mp-5373,mp-685370,mp-686019,mp-1173093", icsd-42702 icsd-93770 icsd-160111 icsd-153820 icsd-167563 icsd-15633 icsd-14242 icsd-24206 icsd-164023 icsd-191622 icsd-157666 icsd-66874 icsd-157667 icsd-239724 icsd-196407 icsd-83593,10,591.0
379,Y1.7Ti2O7Eu0.3,Y1.7Ti2O7,Eu,https://doi.org/10.1111/j.1551-2916.2011.04804.x,"mp-5373,mp-685370,mp-686019,mp-1173093", icsd-42702 icsd-93770 icsd-160111 icsd-153820 icsd-167563 icsd-15633 icsd-14242 icsd-24206 icsd-164023 icsd-191622 icsd-157666 icsd-66874 icsd-157667 icsd-239724 icsd-196407 icsd-83593,10,591.0
380,Y1.6Ti2O7Eu0.4,Y1.6Ti2O7,Eu,https://doi.org/10.1111/j.1551-2916.2011.04804.x,"mp-5373,mp-685370,mp-686019,mp-1173093", icsd-42702 icsd-93770 icsd-160111 icsd-153820 icsd-167563 icsd-15633 icsd-14242 icsd-24206 icsd-164023 icsd-191622 icsd-157666 icsd-66874 icsd-157667 icsd-239724 icsd-196407 icsd-83593,3,591.0
381,Y1.55Ti2O7Eu0.45,Y1.55Ti2O7,Eu,https://doi.org/10.1111/j.1551-2916.2011.04804.x,"mp-5373,mp-685370,mp-686019,mp-1173093", icsd-42702 icsd-93770 icsd-160111 icsd-153820 icsd-167563 icsd-15633 icsd-14242 icsd-24206 icsd-164023 icsd-191622 icsd-157666 icsd-66874 icsd-157667 icsd-239724 icsd-196407 icsd-83593,3,591.0
382,Ca5P3O12FDy0.005,Ca5P3O12F,Dy,https://doi.org/10.1111/jace.15701,"mp-6473,mp-1227110", icsd-240629 icsd-94082 icsd-24236 icsd-38118 icsd-240658 icsd-163790 icsd-236762 icsd-94081 icsd-94083 icsd-30261 icsd-56314 icsd-84227 icsd-180314 icsd-193552 icsd-262707 icsd-52385 icsd-240657 icsd-56313,3,486.0
383,Ca5P3O12FDy0.01,Ca5P3O12F,Dy,https://doi.org/10.1111/jace.15701,"mp-6473,mp-1227110", icsd-240629 icsd-94082 icsd-24236 icsd-38118 icsd-240658 icsd-163790 icsd-236762 icsd-94081 icsd-94083 icsd-30261 icsd-56314 icsd-84227 icsd-180314 icsd-193552 icsd-262707 icsd-52385 icsd-240657 icsd-56313,1,579.0
384,Ca5P3O12FDy0.02,Ca5P3O12F,Dy,https://doi.org/10.1111/jace.15701,"mp-6473,mp-1227110", icsd-240629 icsd-94082 icsd-24236 icsd-38118 icsd-240658 icsd-163790 icsd-236762 icsd-94081 icsd-94083 icsd-30261 icsd-56314 icsd-84227 icsd-180314 icsd-193552 icsd-262707 icsd-52385 icsd-240657 icsd-56313,7,486.0
385,Ca5P3O12FDy0.03,Ca5P3O12F,Dy,https://doi.org/10.1111/jace.15701,"mp-6473,mp-1227110", icsd-240629 icsd-94082 icsd-24236 icsd-38118 icsd-240658 icsd-163790 icsd-236762 icsd-94081 icsd-94083 icsd-30261 icsd-56314 icsd-84227 icsd-180314 icsd-193552 icsd-262707 icsd-52385 icsd-240657 icsd-56313,6,486.0
386,Ca8ZnLa0.95P7O28Eu0.05,Ca8ZnLa0.95P7O28,Eu,https://doi.org/10.1111/jace.15691,,,8,611.0
387,Ca8ZnLa0.9P7O28Eu0.1,Ca8ZnLa0.9P7O28,Eu,https://doi.org/10.1111/jace.15691,,,1,611.0
388,Ca8ZnLa0.7P7O28Eu0.3,Ca8ZnLa0.7P7O28,Eu,https://doi.org/10.1111/jace.15691,,,7,611.0
389,Ca8ZnLa0.5P7O28Eu0.5,Ca8ZnLa0.5P7O28,Eu,https://doi.org/10.1111/jace.15691,,,7,611.0
390,Ca8ZnLa0.3P7O28Eu0.7,Ca8ZnLa0.3P7O28,Eu,https://doi.org/10.1111/jace.15691,,,6,611.0
391,Ca8ZnLa0.1P7O28Eu0.9,Ca8ZnLa0.1P7O28,Eu,https://doi.org/10.1111/jace.15691,,,10,611.0
392,Ca8ZnP7O28Eu1,Ca8ZnP7O28,Eu,https://doi.org/10.1111/jace.15691,,,10,611.0
393,Ba2Y0.97B2O6ClCe0.03,Ba2Y0.97B2O6Cl,Ce,https://doi.org/10.1111/jace.12916,mp-866310, icsd-262072,4,420.0
394,Sr2P2O7Sm0.01,Sr2P2O7,Sm,https://doi.org/10.1111/ijac.12370,mp-5616, icsd-31004 icsd-59395 icsd-34467,4,596.0
395,Sr2P2O7Sm0.02,Sr2P2O7,Sm,https://doi.org/10.1111/ijac.12370,mp-5616, icsd-31004 icsd-59395 icsd-34467,8,596.0
396,Sr2P2O7Sm0.04,Sr2P2O7,Sm,https://doi.org/10.1111/ijac.12370,mp-5616, icsd-31004 icsd-59395 icsd-34467,8,596.0
397,Sr2P2O7Sm0.06,Sr2P2O7,Sm,https://doi.org/10.1111/ijac.12370,mp-5616, icsd-31004 icsd-59395 icsd-34467,10,596.0
398,Sr2P2O7Sm0.08,Sr2P2O7,Sm,https://doi.org/10.1111/ijac.12370,mp-5616, icsd-31004 icsd-59395 icsd-34467,4,596.0
399,Sr2P2O7Sm0.12,Sr2P2O7,Sm,https://doi.org/10.1111/ijac.12370,mp-5616, icsd-31004 icsd-59395 icsd-34467,9,596.0
400,Sr2P2O7Sm0.14,Sr2P2O7,Sm,https://doi.org/10.1111/ijac.12370,mp-5616, icsd-31004 icsd-59395 icsd-34467,10,596.0
401,Ba0.95Ca2In6O12Eu0.05,Ba0.95Ca2In6O12,Eu,https://doi.org/10.1111/jace.13511,,,6,617.0
402,Ba0.93Ca2In6O12Eu0.07,Ba0.93Ca2In6O12,Eu,https://doi.org/10.1111/jace.13511,,,1,617.0
403,Ba0.6Ca2In6O12Eu0.4,Ba0.6Ca2In6O12,Eu,https://doi.org/10.1111/jace.13511,,,10,617.0
404,La0.97MgAl11O19Tm0.03,La0.97MgAl11O19,Tm,https://doi.org/10.1111/jace.13346,mp-1223152,,7,455.0
405,La0.9MgAl11O19Dy0.1,La0.9MgAl11O19,Dy,https://doi.org/10.1111/jace.13346,mp-1223152,,5,570.0
406,Ba2B2O5Ce0.005,Ba2B2O5,Ce,https://doi.org/10.1111/jace.14766,"mp-771158,mp-753413,mp-768345,mp-771174",,2,548.0
407,Ba2B2O5Tb0.1,Ba2B2O5,Tb,https://doi.org/10.1111/jace.14766,"mp-771158,mp-753413,mp-768345,mp-771174",,9,604.0
408,Ba2B2O5Sm0.03,Ba2B2O5,Sm,https://doi.org/10.1111/jace.14766,"mp-771158,mp-753413,mp-768345,mp-771174",,1,604.0
409,K2CaP2O7Ce0.02,K2CaP2O7,Ce,https://doi.org/10.1111/jace.14470,mp-555914, icsd-281572,3,358.0
410,NaCaPO4Ce0.02,NaCaPO4,Ce,https://doi.org/10.1002/ejic.201000392,mp-14401, icsd-35629,1,370.0
411,Ca0.99Al2Si2O8Eu0.01,Ca0.99Al2Si2O8,Eu,https://doi.org/10.1021/cm050638f,"mp-6532,mp-758658,mp-1227479", icsd-252652 icsd-252654 icsd-252649 icsd-654 icsd-31127 icsd-86319 icsd-34942 icsd-252657 icsd-252653 icsd-252650 icsd-86317 icsd-252655 icsd-252656 icsd-23922 icsd-22023 icsd-252648 icsd-22022 icsd-86318 icsd-252651 icsd-202712,3,425.0
412,Ba3Sc4O9Bi0.016,Ba3Sc4O9,Bi,https://doi.org/10.1111/jace.14789,,,8,500.0
413,Ba3Sc4O9Bi0.016,Ba3Sc4O9,Bi,https://doi.org/10.1111/jace.14789,,,4,545.0
414,KBa0.999ScSi2O7Eu0.001,KBa0.999ScSi2O7,Eu,https://doi.org/10.1111/jace.16644,,,2,488.0
415,KBa0.998ScSi2O7Eu0.002,KBa0.998ScSi2O7,Eu,https://doi.org/10.1111/jace.16644,,,4,488.0
416,KBa0.997ScSi2O7Eu0.003,KBa0.997ScSi2O7,Eu,https://doi.org/10.1111/jace.16644,,,1,488.0
417,KBa0.996ScSi2O7Eu0.004,KBa0.996ScSi2O7,Eu,https://doi.org/10.1111/jace.16644,,,8,488.0
418,KBa0.995ScSi2O7Eu0.005,KBa0.995ScSi2O7,Eu,https://doi.org/10.1111/jace.16644,,,10,488.0
419,KBa0.994ScSi2O7Eu0.006,KBa0.994ScSi2O7,Eu,https://doi.org/10.1111/jace.16644,,,6,488.0
420,KBa0.993ScSi2O7Eu0.007,KBa0.993ScSi2O7,Eu,https://doi.org/10.1111/jace.16644,,,1,488.0
421,KBa0.992ScSi2O7Eu0.008,KBa0.992ScSi2O7,Eu,https://doi.org/10.1111/jace.16644,,,6,488.0
422,KBa0.99ScSi2O7Eu0.01,KBa0.99ScSi2O7,Eu,https://doi.org/10.1111/jace.16644,,,2,488.0
423,SrLaGaO4Mn0.01,SrLaGaO4,Mn,https://doi.org/10.1111/jace.15981,mp-1218152,,2,716.0
424,SrLaGaO4Mn0.0015,SrLaGaO4,Mn,https://doi.org/10.1111/jace.15981,mp-1218152,,6,716.0
425,SrLaGaO4Mn0.002,SrLaGaO4,Mn,https://doi.org/10.1111/jace.15981,mp-1218152,,4,716.0
426,SrLaGaO4Mn0.003,SrLaGaO4,Mn,https://doi.org/10.1111/jace.15981,mp-1218152,,1,716.0
427,SrLaGaO4Mn0.005,SrLaGaO4,Mn,https://doi.org/10.1111/jace.15981,mp-1218152,,3,716.0
428,SrLaGaO4Mn0.007,SrLaGaO4,Mn,https://doi.org/10.1111/jace.15981,mp-1218152,,5,716.0
429,Ba2Y1.94Si4O13Bi0.03,Ba2Y1.94Si4O13,Bi,https://doi.org/10.1111/jace.16048,,,3,503.0
430,Ba2Y1.94Si4O13Bi0.03,Ba2Y1.94Si4O13,Bi,https://doi.org/10.1111/jace.16048,,,2,414.0
431,Li5La3Ta2O12Mn0.002,Li5La3Ta2O12,Mn,https://doi.org/10.1111/jace.16447,mp-559776, icsd-68252,9,714.0
432,Li5La3Ta2O12Mn0.004,Li5La3Ta2O12,Mn,https://doi.org/10.1111/jace.16447,mp-559776, icsd-68252,1,714.0
433,Li5La3Ta2O12Mn0.006,Li5La3Ta2O12,Mn,https://doi.org/10.1111/jace.16447,mp-559776, icsd-68252,2,714.0
434,Li5La3Ta2O12Mn0.008,Li5La3Ta2O12,Mn,https://doi.org/10.1111/jace.16447,mp-559776, icsd-68252,7,714.0
435,Li5La3Ta2O12Mn0.01,Li5La3Ta2O12,Mn,https://doi.org/10.1111/jace.16447,mp-559776, icsd-68252,1,714.0
436,Ca2GdSb0.999O6Mn0.001,Ca2GdSb0.999O6,Mn,https://doi.org/10.1111/jace.16353,,,3,676.0
437,Ca2GdSb0.998O6Mn0.002,Ca2GdSb0.998O6,Mn,https://doi.org/10.1111/jace.16353,,,7,676.0
438,Ca2GdSb0.996O6Mn0.004,Ca2GdSb0.996O6,Mn,https://doi.org/10.1111/jace.16353,,,1,676.0
439,Ca2GdSb0.994O6Mn0.006,Ca2GdSb0.994O6,Mn,https://doi.org/10.1111/jace.16353,,,4,676.0
440,Ca2GdSb0.992O6Mn0.008,Ca2GdSb0.992O6,Mn,https://doi.org/10.1111/jace.16353,,,1,676.0
441,Ca2GdSb0.99O6Mn0.01,Ca2GdSb0.99O6,Mn,https://doi.org/10.1111/jace.16353,,,9,676.0
442,Ca2GdSb0.988O6Mn0.012,Ca2GdSb0.988O6,Mn,https://doi.org/10.1111/jace.16353,,,5,676.0
443,La3Si6N11Sm0.01,La3Si6N11,Sm,https://doi.org/10.1016/j.jre.2020.03.004,mp-1019893, icsd-248709,9,605.0
444,La3Si6N11Sm0.07,La3Si6N11,Sm,https://doi.org/10.1016/j.jre.2020.03.004,mp-1019893, icsd-248709,8,605.0
445,La3Si6N11Sm0.13,La3Si6N11,Sm,https://doi.org/10.1016/j.jre.2020.03.004,mp-1019893, icsd-248709,1,605.0
446,Ba3ZrNb4O15Sm0.005,Ba3ZrNb4O15,Sm,https://doi.org/10.1016/j.jlumin.2017.12.014,,,7,598.0
447,Ba3ZrNb4O15Sm0.01,Ba3ZrNb4O15,Sm,https://doi.org/10.1016/j.jlumin.2017.12.014,,,3,598.0
448,Ba3ZrNb4O15Sm0.02,Ba3ZrNb4O15,Sm,https://doi.org/10.1016/j.jlumin.2017.12.014,,,7,598.0
449,Ba3ZrNb4O15Sm0.03,Ba3ZrNb4O15,Sm,https://doi.org/10.1016/j.jlumin.2017.12.014,,,7,598.0
450,Ba3ZrNb4O15Sm0.04,Ba3ZrNb4O15,Sm,https://doi.org/10.1016/j.jlumin.2017.12.014,,,2,598.0
451,Ba2GdSb0.999O6Mn0.001,Ba2GdSb0.999O6,Mn,https://doi.org/10.1039/C8DT01575A,"mp-753668,mp-608408", icsd-33618,5,687.0
452,Ba2GdSb0.997O6Mn0.003,Ba2GdSb0.997O6,Mn,https://doi.org/10.1039/C8DT01575A,"mp-753668,mp-608408", icsd-33618,10,687.0
453,Ba2GdSb0.997O6Li0.003Mn0.003,Ba2GdSb0.997O6Li0.003,Mn,https://doi.org/10.1039/C8DT01575A,"mp-753668,mp-608408", icsd-33618,4,687.0
454,Ba2GdSb0.997O6Mg0.003Mn0.003,Ba2GdSb0.997O6Mg0.003,Mn,https://doi.org/10.1039/C8DT01575A,"mp-753668,mp-608408", icsd-33618,8,687.0
455,Ba2GdSb0.997O6Ca0.003Mn0.003,Ba2GdSb0.997O6Ca0.003,Mn,https://doi.org/10.1039/C8DT01575A,"mp-753668,mp-608408", icsd-33618,10,687.0
456,Ba2GdSb0.997O6Sr0.003Mn0.003,Ba2GdSb0.997O6Sr0.003,Mn,https://doi.org/10.1039/C8DT01575A,"mp-753668,mp-608408", icsd-33618,8,687.0
457,Ba2GdSb0.997O6Mn0.003,Ba2GdSb0.997O6,Mn,https://doi.org/10.1039/C8DT01575A,"mp-753668,mp-608408", icsd-33618,1,687.0
458,Ba2GdSb0.997O6Mn0.003,Ba2GdSb0.997O6,Mn,https://doi.org/10.1039/C8DT01575A,"mp-753668,mp-608408", icsd-33618,3,687.0
459,Ba2GdSb0.997O6Mn0.003,Ba2GdSb0.997O6,Mn,https://doi.org/10.1039/C8DT01575A,"mp-753668,mp-608408", icsd-33618,10,687.0
460,Ba2GdSb0.997O6Mn0.003,Ba2GdSb0.997O6,Mn,https://doi.org/10.1039/C8DT01575A,"mp-753668,mp-608408", icsd-33618,7,687.0
461,Ba2GdSb0.997O6Mn0.003,Ba2GdSb0.997O6,Mn,https://doi.org/10.1039/C8DT01575A,"mp-753668,mp-608408", icsd-33618,1,687.0
462,Ba2GdSb0.997O6Mn0.003,Ba2GdSb0.997O6,Mn,https://doi.org/10.1039/C8DT01575A,"mp-753668,mp-608408", icsd-33618,4,687.0
463,Ba2GdSb0.997O6Mn0.003,Ba2GdSb0.997O6,Mn,https://doi.org/10.1039/C8DT01575A,"mp-753668,mp-608408", icsd-33618,2,687.0
464,Ba2GdSb0.997O6Mn0.003,Ba2GdSb0.997O6,Mn,https://doi.org/10.1039/C8DT01575A,"mp-753668,mp-608408", icsd-33618,2,687.0
465,Ba2GdSb0.997O6Mn0.003,Ba2GdSb0.997O6,Mn,https://doi.org/10.1039/C8DT01575A,"mp-753668,mp-608408", icsd-33618,5,687.0
466,Ba2GdSb0.997O6Mn0.003,Ba2GdSb0.997O6,Mn,https://doi.org/10.1039/C8DT01575A,"mp-753668,mp-608408", icsd-33618,10,687.0
467,Ba2GdSb0.997O6Mn0.003,Ba2GdSb0.997O6,Mn,https://doi.org/10.1039/C8DT01575A,"mp-753668,mp-608408", icsd-33618,6,687.0
468,Ba2GdSb0.995O6Mn0.005,Ba2GdSb0.995O6,Mn,https://doi.org/10.1039/C8DT01575A,"mp-753668,mp-608408", icsd-33618,5,687.0
469,Ba2GdSb0.993O6Mn0.007,Ba2GdSb0.993O6,Mn,https://doi.org/10.1039/C8DT01575A,"mp-753668,mp-608408", icsd-33618,9,687.0
470,Ba2GdSb0.99O6Mn0.01,Ba2GdSb0.99O6,Mn,https://doi.org/10.1039/C8DT01575A,"mp-753668,mp-608408", icsd-33618,9,687.0
471,Ba2GdSb0.985O6Mn0.015,Ba2GdSb0.985O6,Mn,https://doi.org/10.1039/C8DT01575A,"mp-753668,mp-608408", icsd-33618,2,687.0
472,Ba2GdSb0.98O6Mn0.02,Ba2GdSb0.98O6,Mn,https://doi.org/10.1039/C8DT01575A,"mp-753668,mp-608408", icsd-33618,1,687.0
473,LaMg0.5Ti0.4975O3Mn0.005,LaMg0.5Ti0.4975O3,Mn,https://doi.org/10.1021/acsami.6b15866,"mp-6457,mvc-11012", icsd-90687 icsd-152284,9,708.0
474,LaMg0.5Ti0.497O3Mn0.006,LaMg0.5Ti0.497O3,Mn,https://doi.org/10.1021/acsami.6b15866,"mp-6457,mvc-11012", icsd-90687 icsd-152284,10,708.0
475,LaMg0.5Ti0.496O3Mn0.008,LaMg0.5Ti0.496O3,Mn,https://doi.org/10.1021/acsami.6b15866,"mp-6457,mvc-11012", icsd-90687 icsd-152284,8,708.0
476,LaMg0.5Ti0.495O3Mn0.01,LaMg0.5Ti0.495O3,Mn,https://doi.org/10.1021/acsami.6b15866,"mp-6457,mvc-11012", icsd-90687 icsd-152284,4,708.0
477,LaMg0.5Ti0.49O3Mn0.02,LaMg0.5Ti0.49O3,Mn,https://doi.org/10.1021/acsami.6b15866,"mp-6457,mvc-11012", icsd-90687 icsd-152284,6,708.0
478,K2BaCaP2O8Eu0.03,K2BaCaP2O8,Eu,https://doi.org/10.1021/jacs.8b06021,,,1,460.0
479,LaAl0.998Mg0.001O3Mn0.001,LaAl0.998Mg0.001O3,Mn,https://doi.org/10.1021/acs.inorgchem.9b00457,"mp-2920,mp-768518,mp-1080060,mp-1080080,mp-5304,mp-768417,mp-780422,mp-771703,mp-771698,mp-780421,mp-780411,mp-696871", icsd-164506 icsd-90524 icsd-164508 icsd-90525 icsd-74494 icsd-180415 icsd-90529 icsd-153821 icsd-90533 icsd-153824 icsd-90526 icsd-92554 icsd-90528 icsd-92521 icsd-153823 icsd-90530 icsd-174022 icsd-153826 icsd-90535 icsd-90531 icsd-90536 icsd-92522 icsd-180175 icsd-182612 icsd-153825 icsd-90522 icsd-90532 icsd-164507 icsd-90534 icsd-153822 icsd-90523 icsd-90527 icsd-92523 icsd-180417 icsd-180416 icsd-180418 icsd-191425 icsd-164509 icsd-191421 icsd-153827 icsd-191418 icsd-92556 icsd-153834 icsd-153831 icsd-153832 icsd-182615 icsd-191416 icsd-28629 icsd-92555 icsd-191411 icsd-191417 icsd-191413 icsd-92560 icsd-153830 icsd-191429 icsd-35551 icsd-191426 icsd-90550 icsd-153828 icsd-90540 icsd-191409 icsd-191427 icsd-191415 icsd-191424 icsd-92557 icsd-182613 icsd-90556 icsd-90545 icsd-92559 icsd-153829 icsd-90546 icsd-191412 icsd-170772 icsd-191423 icsd-92561 icsd-90554 icsd-90548 icsd-153833 icsd-191420 icsd-90555 icsd-90549 icsd-90543 icsd-90547 icsd-90542 icsd-90544 icsd-164510 icsd-191422 icsd-164511 icsd-191419 icsd-92562 icsd-191428 icsd-182614 icsd-191414 icsd-90539 icsd-90551 icsd-90541 icsd-191410 icsd-182616 icsd-90553 icsd-191464 icsd-90552 icsd-153836 icsd-90537 icsd-153835 icsd-92558,1,729.0
480,La0.99Lu0.01Al0.998Mg0.001O3Mn0.001,La0.99Lu0.01Al0.998Mg0.001O3,Mn,https://doi.org/10.1021/acs.inorgchem.9b00457,"mp-2920,mp-768518,mp-1080060,mp-1080080,mp-5304,mp-768417,mp-780422,mp-771703,mp-771698,mp-780421,mp-780411,mp-696871", icsd-164506 icsd-90524 icsd-164508 icsd-90525 icsd-74494 icsd-180415 icsd-90529 icsd-153821 icsd-90533 icsd-153824 icsd-90526 icsd-92554 icsd-90528 icsd-92521 icsd-153823 icsd-90530 icsd-174022 icsd-153826 icsd-90535 icsd-90531 icsd-90536 icsd-92522 icsd-180175 icsd-182612 icsd-153825 icsd-90522 icsd-90532 icsd-164507 icsd-90534 icsd-153822 icsd-90523 icsd-90527 icsd-92523 icsd-180417 icsd-180416 icsd-180418 icsd-191425 icsd-164509 icsd-191421 icsd-153827 icsd-191418 icsd-92556 icsd-153834 icsd-153831 icsd-153832 icsd-182615 icsd-191416 icsd-28629 icsd-92555 icsd-191411 icsd-191417 icsd-191413 icsd-92560 icsd-153830 icsd-191429 icsd-35551 icsd-191426 icsd-90550 icsd-153828 icsd-90540 icsd-191409 icsd-191427 icsd-191415 icsd-191424 icsd-92557 icsd-182613 icsd-90556 icsd-90545 icsd-92559 icsd-153829 icsd-90546 icsd-191412 icsd-170772 icsd-191423 icsd-92561 icsd-90554 icsd-90548 icsd-153833 icsd-191420 icsd-90555 icsd-90549 icsd-90543 icsd-90547 icsd-90542 icsd-90544 icsd-164510 icsd-191422 icsd-164511 icsd-191419 icsd-92562 icsd-191428 icsd-182614 icsd-191414 icsd-90539 icsd-90551 icsd-90541 icsd-191410 icsd-182616 icsd-90553 icsd-191464 icsd-90552 icsd-153836 icsd-90537 icsd-153835 icsd-92558,2,729.0
481,La0.98Lu0.02Al0.998Mg0.001O3Mn0.001,La0.98Lu0.02Al0.998Mg0.001O3,Mn,https://doi.org/10.1021/acs.inorgchem.9b00457,"mp-2920,mp-768518,mp-1080060,mp-1080080,mp-5304,mp-768417,mp-780422,mp-771703,mp-771698,mp-780421,mp-780411,mp-696871", icsd-164506 icsd-90524 icsd-164508 icsd-90525 icsd-74494 icsd-180415 icsd-90529 icsd-153821 icsd-90533 icsd-153824 icsd-90526 icsd-92554 icsd-90528 icsd-92521 icsd-153823 icsd-90530 icsd-174022 icsd-153826 icsd-90535 icsd-90531 icsd-90536 icsd-92522 icsd-180175 icsd-182612 icsd-153825 icsd-90522 icsd-90532 icsd-164507 icsd-90534 icsd-153822 icsd-90523 icsd-90527 icsd-92523 icsd-180417 icsd-180416 icsd-180418 icsd-191425 icsd-164509 icsd-191421 icsd-153827 icsd-191418 icsd-92556 icsd-153834 icsd-153831 icsd-153832 icsd-182615 icsd-191416 icsd-28629 icsd-92555 icsd-191411 icsd-191417 icsd-191413 icsd-92560 icsd-153830 icsd-191429 icsd-35551 icsd-191426 icsd-90550 icsd-153828 icsd-90540 icsd-191409 icsd-191427 icsd-191415 icsd-191424 icsd-92557 icsd-182613 icsd-90556 icsd-90545 icsd-92559 icsd-153829 icsd-90546 icsd-191412 icsd-170772 icsd-191423 icsd-92561 icsd-90554 icsd-90548 icsd-153833 icsd-191420 icsd-90555 icsd-90549 icsd-90543 icsd-90547 icsd-90542 icsd-90544 icsd-164510 icsd-191422 icsd-164511 icsd-191419 icsd-92562 icsd-191428 icsd-182614 icsd-191414 icsd-90539 icsd-90551 icsd-90541 icsd-191410 icsd-182616 icsd-90553 icsd-191464 icsd-90552 icsd-153836 icsd-90537 icsd-153835 icsd-92558,5,729.0
482,La0.97Lu0.03Al0.998Mg0.001O3Mn0.001,La0.97Lu0.03Al0.998Mg0.001O3,Mn,https://doi.org/10.1021/acs.inorgchem.9b00457,"mp-2920,mp-768518,mp-1080060,mp-1080080,mp-5304,mp-768417,mp-780422,mp-771703,mp-771698,mp-780421,mp-780411,mp-696871", icsd-164506 icsd-90524 icsd-164508 icsd-90525 icsd-74494 icsd-180415 icsd-90529 icsd-153821 icsd-90533 icsd-153824 icsd-90526 icsd-92554 icsd-90528 icsd-92521 icsd-153823 icsd-90530 icsd-174022 icsd-153826 icsd-90535 icsd-90531 icsd-90536 icsd-92522 icsd-180175 icsd-182612 icsd-153825 icsd-90522 icsd-90532 icsd-164507 icsd-90534 icsd-153822 icsd-90523 icsd-90527 icsd-92523 icsd-180417 icsd-180416 icsd-180418 icsd-191425 icsd-164509 icsd-191421 icsd-153827 icsd-191418 icsd-92556 icsd-153834 icsd-153831 icsd-153832 icsd-182615 icsd-191416 icsd-28629 icsd-92555 icsd-191411 icsd-191417 icsd-191413 icsd-92560 icsd-153830 icsd-191429 icsd-35551 icsd-191426 icsd-90550 icsd-153828 icsd-90540 icsd-191409 icsd-191427 icsd-191415 icsd-191424 icsd-92557 icsd-182613 icsd-90556 icsd-90545 icsd-92559 icsd-153829 icsd-90546 icsd-191412 icsd-170772 icsd-191423 icsd-92561 icsd-90554 icsd-90548 icsd-153833 icsd-191420 icsd-90555 icsd-90549 icsd-90543 icsd-90547 icsd-90542 icsd-90544 icsd-164510 icsd-191422 icsd-164511 icsd-191419 icsd-92562 icsd-191428 icsd-182614 icsd-191414 icsd-90539 icsd-90551 icsd-90541 icsd-191410 icsd-182616 icsd-90553 icsd-191464 icsd-90552 icsd-153836 icsd-90537 icsd-153835 icsd-92558,1,729.0
483,La0.96Lu0.04Al0.998Mg0.001O3Mn0.001,La0.96Lu0.04Al0.998Mg0.001O3,Mn,https://doi.org/10.1021/acs.inorgchem.9b00457,"mp-2920,mp-768518,mp-1080060,mp-1080080,mp-5304,mp-768417,mp-780422,mp-771703,mp-771698,mp-780421,mp-780411,mp-696871", icsd-164506 icsd-90524 icsd-164508 icsd-90525 icsd-74494 icsd-180415 icsd-90529 icsd-153821 icsd-90533 icsd-153824 icsd-90526 icsd-92554 icsd-90528 icsd-92521 icsd-153823 icsd-90530 icsd-174022 icsd-153826 icsd-90535 icsd-90531 icsd-90536 icsd-92522 icsd-180175 icsd-182612 icsd-153825 icsd-90522 icsd-90532 icsd-164507 icsd-90534 icsd-153822 icsd-90523 icsd-90527 icsd-92523 icsd-180417 icsd-180416 icsd-180418 icsd-191425 icsd-164509 icsd-191421 icsd-153827 icsd-191418 icsd-92556 icsd-153834 icsd-153831 icsd-153832 icsd-182615 icsd-191416 icsd-28629 icsd-92555 icsd-191411 icsd-191417 icsd-191413 icsd-92560 icsd-153830 icsd-191429 icsd-35551 icsd-191426 icsd-90550 icsd-153828 icsd-90540 icsd-191409 icsd-191427 icsd-191415 icsd-191424 icsd-92557 icsd-182613 icsd-90556 icsd-90545 icsd-92559 icsd-153829 icsd-90546 icsd-191412 icsd-170772 icsd-191423 icsd-92561 icsd-90554 icsd-90548 icsd-153833 icsd-191420 icsd-90555 icsd-90549 icsd-90543 icsd-90547 icsd-90542 icsd-90544 icsd-164510 icsd-191422 icsd-164511 icsd-191419 icsd-92562 icsd-191428 icsd-182614 icsd-191414 icsd-90539 icsd-90551 icsd-90541 icsd-191410 icsd-182616 icsd-90553 icsd-191464 icsd-90552 icsd-153836 icsd-90537 icsd-153835 icsd-92558,3,729.0
484,Sr2MgGe2O7Mn0.001,Sr2MgGe2O7,Mn,https://doi.org/10.1016/j.jallcom.2018.05.264,mp-972387, icsd-420522,7,659.0
485,Sr2MgGe2O7Mn0.003,Sr2MgGe2O7,Mn,https://doi.org/10.1016/j.jallcom.2018.05.264,mp-972387, icsd-420522,2,659.0
486,Sr2MgGe2O7Mn0.005,Sr2MgGe2O7,Mn,https://doi.org/10.1016/j.jallcom.2018.05.264,mp-972387, icsd-420522,2,659.0
487,Sr2MgGe2O7Mn0.007,Sr2MgGe2O7,Mn,https://doi.org/10.1016/j.jallcom.2018.05.264,mp-972387, icsd-420522,9,659.0
488,Sr2MgGe2O7Mn0.009,Sr2MgGe2O7,Mn,https://doi.org/10.1016/j.jallcom.2018.05.264,mp-972387, icsd-420522,10,659.0
489,Sr2MgGe2O7Mn0.011,Sr2MgGe2O7,Mn,https://doi.org/10.1016/j.jallcom.2018.05.264,mp-972387, icsd-420522,4,659.0
490,Sr2MgGe2O7Mn0.02,Sr2MgGe2O7,Mn,https://doi.org/10.1016/j.jallcom.2018.05.264,mp-972387, icsd-420522,5,659.0
491,Lu3Al4.998O12Mg0.001Mn0.001,Lu3Al4.998O12Mg0.001,Mn,https://doi.org/10.1039/C7TC02514A,mp-14132, icsd-182354 icsd-23846,8,670.0
492,Lu3Al4.994O12Mg0.003Mn0.003,Lu3Al4.994O12Mg0.003,Mn,https://doi.org/10.1039/C7TC02514A,mp-14132, icsd-182354 icsd-23846,10,670.0
493,Lu3Al4.994O12Mg0.003Mn0.003,Lu3Al4.994O12Mg0.003,Mn,https://doi.org/10.1039/C7TC02514A,mp-14132, icsd-182354 icsd-23846,5,670.0
494,Lu3Al4.986O12Mg0.007Mn0.007,Lu3Al4.986O12Mg0.007,Mn,https://doi.org/10.1039/C7TC02514A,mp-14132, icsd-182354 icsd-23846,3,670.0
495,Lu3Al4.98O12Mg0.01Mn0.01,Lu3Al4.98O12Mg0.01,Mn,https://doi.org/10.1039/C7TC02514A,mp-14132, icsd-182354 icsd-23846,1,670.0
496,Lu3Al4.97O12Mg0.015Mn0.015,Lu3Al4.97O12Mg0.015,Mn,https://doi.org/10.1039/C7TC02514A,mp-14132, icsd-182354 icsd-23846,9,670.0
497,Lu3Al4.96O12Mg0.02Mn0.02,Lu3Al4.96O12Mg0.02,Mn,https://doi.org/10.1039/C7TC02514A,mp-14132, icsd-182354 icsd-23846,5,670.0
498,Ca14Zn6Ga9.97O35Mn0.03,Ca14Zn6Ga9.97O35,Mn,https://doi.org/10.1039/C7RA02112G,,,8,713.0
499,Ca14Zn6Ga9.91O35Mn0.09,Ca14Zn6Ga9.91O35,Mn,https://doi.org/10.1039/C7RA02112G,,,8,713.0
500,Ca14Zn6Ga9.88O35Mn0.12,Ca14Zn6Ga9.88O35,Mn,https://doi.org/10.1039/C7RA02112G,,,5,713.0
501,Ca14Zn6Ga9.85O35Mn0.15,Ca14Zn6Ga9.85O35,Mn,https://doi.org/10.1039/C7RA02112G,,,7,713.4
502,Ca14Zn6Ga9.85O35Mn0.15,Ca14Zn6Ga9.85O35,Mn,https://doi.org/10.1039/C7RA02112G,,,10,714.0
503,Ca14Zn6Ga9.85O35Mn0.15,Ca14Zn6Ga9.85O35,Mn,https://doi.org/10.1039/C7RA02112G,,,6,714.3
504,Ca14Zn6Ga9.85O35Mn0.15,Ca14Zn6Ga9.85O35,Mn,https://doi.org/10.1039/C7RA02112G,,,8,715.0
505,Ca14Zn6Ga9.85O35Mn0.15,Ca14Zn6Ga9.85O35,Mn,https://doi.org/10.1039/C7RA02112G,,,4,715.6
506,Ca14Zn6Ga9.85O35Mn0.15,Ca14Zn6Ga9.85O35,Mn,https://doi.org/10.1039/C7RA02112G,,,5,715.9
507,Ca14Zn6Ga9.85O35Mn0.15,Ca14Zn6Ga9.85O35,Mn,https://doi.org/10.1039/C7RA02112G,,,1,716.6
508,Ca14Zn6Ga9.8O35Mn0.2,Ca14Zn6Ga9.8O35,Mn,https://doi.org/10.1039/C7RA02112G,,,1,713.0
509,Ca14Zn6Ga9.75O35Mn0.25,Ca14Zn6Ga9.75O35,Mn,https://doi.org/10.1039/C7RA02112G,,,2,713.0
510,Ca13.9Zn6Ga10O35Dy0.1,Ca13.9Zn6Ga10O35,Dy,https://doi.org/10.1039/C7RA02112G,,,8,410.0
511,Ca3BiP3O12Dy0.01,Ca3BiP3O12,Dy,https://doi.org/10.1111/jace.16479,,,9,575.0
512,Ca3BiP3O12Dy0.02,Ca3BiP3O12,Dy,https://doi.org/10.1111/jace.16479,,,9,575.0
513,Ca3BiP3O12Dy0.04,Ca3BiP3O12,Dy,https://doi.org/10.1111/jace.16479,,,5,575.0
514,Ca3BiP3O12Dy0.06,Ca3BiP3O12,Dy,https://doi.org/10.1111/jace.16479,,,3,575.0
515,Ca3BiP3O12Dy0.06,Ca3BiP3O12,Dy,https://doi.org/10.1111/jace.16479,,,9,575.0
516,Ca3BiP3O12Dy0.08,Ca3BiP3O12,Dy,https://doi.org/10.1111/jace.16479,,,6,575.0
517,Ca3BiP3O12Dy0.1,Ca3BiP3O12,Dy,https://doi.org/10.1111/jace.16479,,,7,575.0
518,CaMg2La2W2O12Mn0.008,CaMg2La2W2O12,Mn,https://doi.org/10.1016/j.mtchem.2021.100512,,,4,708.0
519,CaMg2La2W2O12Mn0.008,CaMg2La2W2O12,Mn,https://doi.org/10.1016/j.mtchem.2021.100512,,,3,708.0
520,CaMg2La2W2O12Mn0.008,CaMg2La2W2O12,Mn,https://doi.org/10.1016/j.mtchem.2021.100512,,,5,708.0
521,CaMg2La2W2O12Mn0.008,CaMg2La2W2O12,Mn,https://doi.org/10.1016/j.mtchem.2021.100512,,,9,708.0
522,CaMg2La2W2O12Mn0.008,CaMg2La2W2O12,Mn,https://doi.org/10.1016/j.mtchem.2021.100512,,,1,708.0
523,CaMg2La2W2O12Mn0.008,CaMg2La2W2O12,Mn,https://doi.org/10.1016/j.mtchem.2021.100512,,,7,708.0
524,CaMg2La2W2O12Mn0.008,CaMg2La2W2O12,Mn,https://doi.org/10.1016/j.mtchem.2021.100512,,,9,708.0
525,CaMg2La2W2O12Mn0.008,CaMg2La2W2O12,Mn,https://doi.org/10.1016/j.mtchem.2021.100512,,,7,708.0
526,CaMg2La2W2O12Mn0.008,CaMg2La2W2O12,Mn,https://doi.org/10.1016/j.mtchem.2021.100512,,,4,708.0
527,CaMg2La2W2O12Mn0.008,CaMg2La2W2O12,Mn,https://doi.org/10.1016/j.mtchem.2021.100512,,,1,708.0
528,Ca2YHf2Ga3O12Ce0.01,Ca2YHf2Ga3O12,Ce,https://doi.org/10.1016/j.jlumin.2020.117544,,,1,479.0
529,Ca2YHf2Ga3O12Ce0.02,Ca2YHf2Ga3O12,Ce,https://doi.org/10.1016/j.jlumin.2020.117544,,,2,479.0
530,Ca2YHf2Ga3O12Ce0.04,Ca2YHf2Ga3O12,Ce,https://doi.org/10.1016/j.jlumin.2020.117544,,,2,479.0
531,Ca2YHf2Ga3O12Ce0.07,Ca2YHf2Ga3O12,Ce,https://doi.org/10.1016/j.jlumin.2020.117544,,,6,480.0
532,Ca2YHf2Ga3O12Ce0.1,Ca2YHf2Ga3O12,Ce,https://doi.org/10.1016/j.jlumin.2020.117544,,,2,481.0
533,Ca2YHf2Ga3O12Ce0.12,Ca2YHf2Ga3O12,Ce,https://doi.org/10.1016/j.jlumin.2020.117544,,,7,485.0
534,Ca2La0.97Hf2Al3O12Ce0.03,Ca2La0.97Hf2Al3O12,Ce,https://doi.org/10.1016/j.jallcom.2020.155469,,,4,506.0
535,Ca2La0.95Hf2Al3O12Ce0.05,Ca2La0.95Hf2Al3O12,Ce,https://doi.org/10.1016/j.jallcom.2020.155469,,,3,515.0
536,Ca2La0.92Hf2Al3O12Ce0.08,Ca2La0.92Hf2Al3O12,Ce,https://doi.org/10.1016/j.jallcom.2020.155469,,,6,521.0
537,Ca2La0.88Hf2Al3O12Ce0.12,Ca2La0.88Hf2Al3O12,Ce,https://doi.org/10.1016/j.jallcom.2020.155469,,,9,524.0
538,Ca2La0.85Hf2Al3O12Ce0.15,Ca2La0.85Hf2Al3O12,Ce,https://doi.org/10.1016/j.jallcom.2020.155469,,,3,531.0
539,Ca0.99Sr2Al2O6Ce0.01,Ca0.99Sr2Al2O6,Ce,https://doi.org/10.1016/j.jlumin.2018.10.119,mp-3393, icsd-71860 icsd-66062,7,545.0
540,Ca0.99Sr2Al2O6Ce0.01,Ca0.99Sr2Al2O6,Ce,https://doi.org/10.1016/j.jlumin.2018.10.119,mp-3393, icsd-71860 icsd-66062,10,537.0
541,Ca0.99Sr2Al2O6Ce0.01,Ca0.99Sr2Al2O6,Ce,https://doi.org/10.1016/j.jlumin.2018.10.119,mp-3393, icsd-71860 icsd-66062,7,529.0
542,Ca0.99Sr2Al2O6Ce0.01,Ca0.99Sr2Al2O6,Ce,https://doi.org/10.1016/j.jlumin.2018.10.119,mp-3393, icsd-71860 icsd-66062,6,526.0
543,Ca0.99Sr2Al2O6Ce0.01,Ca0.99Sr2Al2O6,Ce,https://doi.org/10.1016/j.jlumin.2018.10.119,mp-3393, icsd-71860 icsd-66062,3,519.0
544,Ca0.99Sr2Al2O6Ce0.01,Ca0.99Sr2Al2O6,Ce,https://doi.org/10.1016/j.jlumin.2018.10.119,mp-3393, icsd-71860 icsd-66062,1,513.0
545,Ca2LuHf2Al3O12Ce0.02,Ca2LuHf2Al3O12,Ce,https://doi.org/10.1016/j.jcis.2021.05.108,,,7,483.0
546,Ba2GdTaO6Mn0.002,Ba2GdTaO6,Mn,https://doi.org/10.1021/acsomega.9b01787,"mp-1205549,mp-1205547",,9,688.0
547,Ba2GdTaO6Mn0.004,Ba2GdTaO6,Mn,https://doi.org/10.1021/acsomega.9b01787,"mp-1205549,mp-1205547",,6,688.0
548,Ba2GdTaO6Mn0.006,Ba2GdTaO6,Mn,https://doi.org/10.1021/acsomega.9b01787,"mp-1205549,mp-1205547",,2,688.0
549,Ba2GdTaO6Mn0.008,Ba2GdTaO6,Mn,https://doi.org/10.1021/acsomega.9b01787,"mp-1205549,mp-1205547",,6,688.0
550,Ba2GdTaO6Mn0.01,Ba2GdTaO6,Mn,https://doi.org/10.1021/acsomega.9b01787,"mp-1205549,mp-1205547",,9,688.0
551,Ba2GdTaO6Mn0.012,Ba2GdTaO6,Mn,https://doi.org/10.1021/acsomega.9b01787,"mp-1205549,mp-1205547",,5,688.0
552,Ca2LaTa0.999O6Mn0.001,Ca2LaTa0.999O6,Mn,https://doi.org/10.1016/j.jallcom.2018.12.027,,,3,696.0
553,Ca2LaTa0.998O6Mn0.002,Ca2LaTa0.998O6,Mn,https://doi.org/10.1016/j.jallcom.2018.12.027,,,6,696.0
554,Ca2LaTa0.996O6Mn0.004,Ca2LaTa0.996O6,Mn,https://doi.org/10.1016/j.jallcom.2018.12.027,,,2,696.0
555,Ca2LaTa0.994O6Mn0.006,Ca2LaTa0.994O6,Mn,https://doi.org/10.1016/j.jallcom.2018.12.027,,,2,696.0
556,Ca2LaTa0.992O6Mn0.008,Ca2LaTa0.992O6,Mn,https://doi.org/10.1016/j.jallcom.2018.12.027,,,4,696.0
557,Ca2LaTa0.99O6Mn0.01,Ca2LaTa0.99O6,Mn,https://doi.org/10.1016/j.jallcom.2018.12.027,,,3,696.0
558,Ca2GdTaO6Mn0.002,Ca2GdTaO6,Mn,https://doi.org/10.1016/j.jlumin.2019.116525,mp-1227496,,6,676.0
559,Ca2GdTaO6Mn0.004,Ca2GdTaO6,Mn,https://doi.org/10.1016/j.jlumin.2019.116525,mp-1227496,,9,676.0
560,Ca2GdTaO6Mg0.004Mn0.004,Ca2GdTaO6Mg0.004,Mn,https://doi.org/10.1016/j.jlumin.2019.116525,mp-1227496,,5,676.0
561,Ca2GdTaO6Li0.004Mn0.004,Ca2GdTaO6Li0.004,Mn,https://doi.org/10.1016/j.jlumin.2019.116525,mp-1227496,,3,676.0
562,Ca2GdTaO6Na0.004Mn0.004,Ca2GdTaO6Na0.004,Mn,https://doi.org/10.1016/j.jlumin.2019.116525,mp-1227496,,10,676.0
563,Ca2GdTaO6K0.004Mn0.004,Ca2GdTaO6K0.004,Mn,https://doi.org/10.1016/j.jlumin.2019.116525,mp-1227496,,10,676.0
564,Ca2GdTaO6Mn0.006,Ca2GdTaO6,Mn,https://doi.org/10.1016/j.jlumin.2019.116525,mp-1227496,,1,676.0
565,Ca2GdTaO6Mn0.008,Ca2GdTaO6,Mn,https://doi.org/10.1016/j.jlumin.2019.116525,mp-1227496,,3,676.0
566,Ca2GdTaO6Mn0.01,Ca2GdTaO6,Mn,https://doi.org/10.1016/j.jlumin.2019.116525,mp-1227496,,6,676.0
567,Ca2GdTaO6Mn0.012,Ca2GdTaO6,Mn,https://doi.org/10.1016/j.jlumin.2019.116525,mp-1227496,,4,676.0
568,SrLaScO4Mn0.008,SrLaScO4,Mn,https://doi.org/10.1016/j.dyepig.2018.01.052,"mp-1218207,mp-1218142",,8,690.0
569,Ba2LaSbO6Mn0.0003,Ba2LaSbO6,Mn,https://doi.org/10.1016/j.jlumin.2018.09.059,"mp-551269,mp-556375", icsd-195216 icsd-153136 icsd-151816,9,678.0
570,Ba2LaSbO6Mn0.0007,Ba2LaSbO6,Mn,https://doi.org/10.1016/j.jlumin.2018.09.059,"mp-551269,mp-556375", icsd-195216 icsd-153136 icsd-151816,5,678.0
571,Ba2LaSbO6Mn0.001,Ba2LaSbO6,Mn,https://doi.org/10.1016/j.jlumin.2018.09.059,"mp-551269,mp-556375", icsd-195216 icsd-153136 icsd-151816,3,678.0
572,Ba2LaSbO6Mn0.0013,Ba2LaSbO6,Mn,https://doi.org/10.1016/j.jlumin.2018.09.059,"mp-551269,mp-556375", icsd-195216 icsd-153136 icsd-151816,4,678.0
573,Ba2LaSbO6Mn0.0015,Ba2LaSbO6,Mn,https://doi.org/10.1016/j.jlumin.2018.09.059,"mp-551269,mp-556375", icsd-195216 icsd-153136 icsd-151816,6,678.0
574,Ba2LaSbO6Mn0.002,Ba2LaSbO6,Mn,https://doi.org/10.1016/j.jlumin.2018.09.059,"mp-551269,mp-556375", icsd-195216 icsd-153136 icsd-151816,9,678.0
575,Y2MoSiO8Eu0.005,Y2MoSiO8,Eu,https://doi.org/10.1016/j.ceramint.2018.10.050,,,1,618.0
576,Y2MoSiO8Eu0.01,Y2MoSiO8,Eu,https://doi.org/10.1016/j.ceramint.2018.10.050,,,4,618.0
577,Y2MoSiO8Eu0.02,Y2MoSiO8,Eu,https://doi.org/10.1016/j.ceramint.2018.10.050,,,7,618.0
578,Y2MoSiO8Eu0.12,Y2MoSiO8,Eu,https://doi.org/10.1016/j.ceramint.2018.10.050,,,6,618.0
579,Na2Lu0.8MoO8PEu0.2,Na2Lu0.8MoO8P,Eu,https://doi.org/10.1016/j.jallcom.2018.06.156,mp-561247, icsd-250441,4,616.0
580,Na2Lu0.6MoO8PEu0.4,Na2Lu0.6MoO8P,Eu,https://doi.org/10.1016/j.jallcom.2018.06.156,mp-561247, icsd-250441,9,616.0
581,Na2Lu0.5MoO8PEu0.5,Na2Lu0.5MoO8P,Eu,https://doi.org/10.1016/j.jallcom.2018.06.156,mp-561247, icsd-250441,1,616.0
582,Na2Lu0.4MoO8PEu0.6,Na2Lu0.4MoO8P,Eu,https://doi.org/10.1016/j.jallcom.2018.06.156,mp-561247, icsd-250441,2,616.0
583,Na2Lu0.2MoO8PEu0.8,Na2Lu0.2MoO8P,Eu,https://doi.org/10.1016/j.jallcom.2018.06.156,mp-561247, icsd-250441,4,616.0
584,Na2Gd0.95PO8MoEu0.05,Na2Gd0.95PO8Mo,Eu,https://doi.org/10.1016/j.jallcom.2017.05.251,,,4,617.0
585,Na2Gd0.9PO8MoEu0.1,Na2Gd0.9PO8Mo,Eu,https://doi.org/10.1016/j.jallcom.2017.05.251,,,3,617.0
586,Na2Gd0.8PO8MoEu0.2,Na2Gd0.8PO8Mo,Eu,https://doi.org/10.1016/j.jallcom.2017.05.251,,,10,617.0
587,Na2Gd0.7PO8MoEu0.3,Na2Gd0.7PO8Mo,Eu,https://doi.org/10.1016/j.jallcom.2017.05.251,,,8,617.0
588,Na2Gd0.6PO8MoEu0.4,Na2Gd0.6PO8Mo,Eu,https://doi.org/10.1016/j.jallcom.2017.05.251,,,3,617.0
589,Na2Gd0.5PO8MoEu0.5,Na2Gd0.5PO8Mo,Eu,https://doi.org/10.1016/j.jallcom.2017.05.251,,,5,617.0
590,Na2Gd0.4PO8MoEu0.6,Na2Gd0.4PO8Mo,Eu,https://doi.org/10.1016/j.jallcom.2017.05.251,,,3,617.0
591,Na2Gd0.3PO8MoEu0.7,Na2Gd0.3PO8Mo,Eu,https://doi.org/10.1016/j.jallcom.2017.05.251,,,5,617.0
592,Na2Gd0.2PO8MoEu0.8,Na2Gd0.2PO8Mo,Eu,https://doi.org/10.1016/j.jallcom.2017.05.251,,,5,617.0
593,Na2Gd0.1PO8MoEu0.9,Na2Gd0.1PO8Mo,Eu,https://doi.org/10.1016/j.jallcom.2017.05.251,,,4,617.0
594,Na2PO8MoEu1,Na2PO8Mo,Eu,https://doi.org/10.1016/j.jallcom.2017.05.251,,,6,617.0
595,Sr1.9ZnWO6Li0.05Eu0.05,Sr1.9ZnWO6Li0.05,Eu,https://doi.org/10.1016/j.jallcom.2016.06.255,"mp-1105272,mp-1079778,mp-19282", icsd-262322 icsd-190595 icsd-239812 icsd-190592 icsd-72811 icsd-28599,8,614.0
596,Sr1.9ZnW0.8Mo0.2O6Li0.05Eu0.05,Sr1.9ZnW0.8Mo0.2O6Li0.05,Eu,https://doi.org/10.1016/j.jallcom.2016.06.255,"mp-1105272,mp-1079778,mp-19282", icsd-262322 icsd-190595 icsd-239812 icsd-190592 icsd-72811 icsd-28599,2,614.0
597,Sr1.9ZnW0.6Mo0.4O6Li0.05Eu0.05,Sr1.9ZnW0.6Mo0.4O6Li0.05,Eu,https://doi.org/10.1016/j.jallcom.2016.06.255,"mp-1105272,mp-1079778,mp-19282", icsd-262322 icsd-190595 icsd-239812 icsd-190592 icsd-72811 icsd-28599,6,614.0
598,Sr1.9ZnW0.4Mo0.6O6Li0.05Eu0.05,Sr1.9ZnW0.4Mo0.6O6Li0.05,Eu,https://doi.org/10.1016/j.jallcom.2016.06.255,"mp-1105272,mp-1079778,mp-19282", icsd-262322 icsd-190595 icsd-239812 icsd-190592 icsd-72811 icsd-28599,1,614.0
599,Sr1.9ZnW0.2Mo0.8O6Li0.05Eu0.05,Sr1.9ZnW0.2Mo0.8O6Li0.05,Eu,https://doi.org/10.1016/j.jallcom.2016.06.255,"mp-1105272,mp-1079778,mp-19282", icsd-262322 icsd-190595 icsd-239812 icsd-190592 icsd-72811 icsd-28599,2,614.0
600,Sr1.9ZnMoO6Li0.05Eu0.05,Sr1.9ZnMoO6Li0.05,Eu,https://doi.org/10.1016/j.jallcom.2016.06.255,"mp-1105272,mp-1079778,mp-19282", icsd-262322 icsd-190595 icsd-239812 icsd-190592 icsd-72811 icsd-28599,10,614.0
601,CaGdAlO4Mn0.0005,CaGdAlO4,Mn,https://doi.org/10.1016/j.jlumin.2018.06.072,mp-1227092,,4,715.0
602,CaGdAlO4Mn0.001,CaGdAlO4,Mn,https://doi.org/10.1016/j.jlumin.2018.06.072,mp-1227092,,2,715.0
603,CaGdAlO4Mn0.002,CaGdAlO4,Mn,https://doi.org/10.1016/j.jlumin.2018.06.072,mp-1227092,,7,715.0
604,CaGdAlO4Mn0.004,CaGdAlO4,Mn,https://doi.org/10.1016/j.jlumin.2018.06.072,mp-1227092,,8,715.0
605,CaGdAlO4Mn0.006,CaGdAlO4,Mn,https://doi.org/10.1016/j.jlumin.2018.06.072,mp-1227092,,2,715.0
606,CaGdAlO4Mn0.008,CaGdAlO4,Mn,https://doi.org/10.1016/j.jlumin.2018.06.072,mp-1227092,,9,715.0
607,CaGdAlO4Mn0.01,CaGdAlO4,Mn,https://doi.org/10.1016/j.jlumin.2018.06.072,mp-1227092,,4,715.0
608,Ca13.995Al10Zn6O35Bi0.005,Ca13.995Al10Zn6O35,Bi,https://doi.org/10.1039/C7RA01285C,,,10,410.0
609,Ca14Al9.995Zn6O35Mn0.005,Ca14Al9.995Zn6O35,Mn,https://doi.org/10.1039/C7RA01285C,,,5,713.0
610,Ca3Y0.9Al3O15B4Eu0.1,Ca3Y0.9Al3O15B4,Eu,https://doi.org/10.1016/j.jlumin.2018.09.010,mp-694012,,2,621.0
611,Ca3Y0.7Al3O15B4Eu0.3,Ca3Y0.7Al3O15B4,Eu,https://doi.org/10.1016/j.jlumin.2018.09.010,mp-694012,,1,621.0
612,Ca3Y0.5Al3O15B4Eu0.5,Ca3Y0.5Al3O15B4,Eu,https://doi.org/10.1016/j.jlumin.2018.09.010,mp-694012,,9,621.0
613,Ca3Y0.3Al3O15B4Eu0.7,Ca3Y0.3Al3O15B4,Eu,https://doi.org/10.1016/j.jlumin.2018.09.010,mp-694012,,1,621.0
614,Ca3Y0.1Al3O15B4Eu0.9,Ca3Y0.1Al3O15B4,Eu,https://doi.org/10.1016/j.jlumin.2018.09.010,mp-694012,,4,621.0
615,Ca3Al3O15B4Eu1,Ca3Al3O15B4,Eu,https://doi.org/10.1016/j.jlumin.2018.09.010,mp-694012,,6,621.0
616,Ba3Y1.3B6O15Eu0.7,Ba3Y1.3B6O15,Eu,https://doi.org/10.1016/j.jlumin.2018.12.028,mp-1019527, icsd-261704,8,593.0
617,Ba3Lu1.94B6O15Ce0.03,Ba3Lu1.94B6O15,Ce,https://doi.org/10.1016/j.jallcom.2019.02.095,,,2,446.0
618,MgY3.8Si3O13Tb0.2,MgY3.8Si3O13,Tb,https://doi.org/10.1111/j.1551-2916.2010.03626.x,,,3,544.0
619,MgY3.8Si3O13Ce0.2,MgY3.8Si3O13,Ce,https://doi.org/10.1111/j.1551-2916.2010.03626.x,,,4,480.0
620,Ca8MgSi4O16Cl2Tb0.02,Ca8MgSi4O16Cl2,Tb,https://doi.org/10.1016/j.jlumin.2011.09.029,mp-686598,,2,542.0
621,Ca4Y6Si6O25Ce0.02,Ca4Y6Si6O25,Ce,https://doi.org/10.1016/j.matchemphys.2011.05.078,,,1,421.0
622,Ba3Y1.9B4O12Ce0.05,Ba3Y1.9B4O12,Ce,https://doi.org/10.1111/j.1551-2916.2012.05464.x,,,6,421.0
623,Lu2MoO6Eu0.01,Lu2MoO6,Eu,https://doi.org/10.1016/S1003-6326(16)64276-0,mp-1211057,,10,610.0
624,Lu2MoO6Eu0.03,Lu2MoO6,Eu,https://doi.org/10.1016/S1003-6326(16)64276-0,mp-1211057,,7,610.0
625,Lu2MoO6Eu0.05,Lu2MoO6,Eu,https://doi.org/10.1016/S1003-6326(16)64276-0,mp-1211057,,9,610.0
626,Lu2MoO6Eu0.1,Lu2MoO6,Eu,https://doi.org/10.1016/S1003-6326(16)64276-0,mp-1211057,,6,610.0
627,Lu2MoO6Eu0.2,Lu2MoO6,Eu,https://doi.org/10.1016/S1003-6326(16)64276-0,mp-1211057,,10,610.0
628,Lu2MoO6Eu0.4,Lu2MoO6,Eu,https://doi.org/10.1016/S1003-6326(16)64276-0,mp-1211057,,4,610.0
629,BaZn2P2O8Sm0.02,BaZn2P2O8,Sm,https://doi.org/10.1016/j.jlumin.2012.03.022,mp-6089, icsd-300159 icsd-86627,1,606.0
630,BaZn2P2O8K0.02Sm0.02,BaZn2P2O8K0.02,Sm,https://doi.org/10.1016/j.jlumin.2012.03.022,mp-6089, icsd-300159 icsd-86627,2,606.0
631,Y1.9Si4N6CCe0.05,Y1.9Si4N6C,Ce,https://doi.org/10.1111/j.1551-2916.2011.04571.x,mp-6353, icsd-162422 icsd-155158 icsd-162421,5,540.0
632,Ca3La5.5Si6O24Ce0.5,Ca3La5.5Si6O24,Ce,https://doi.org/10.1111/jace.12846,,,2,420.0
633,Ca3La5.5Si6O24Tb0.5,Ca3La5.5Si6O24,Tb,https://doi.org/10.1111/jace.12846,,,9,545.0
634,Ca4Y6Si6O25Ce0.1,Ca4Y6Si6O25,Ce,https://doi.org/10.1111/jace.13292,,,4,426.0
635,Sr8.96Mg1.5P7O28Eu0.04,Sr8.96Mg1.5P7O28,Eu,https://doi.org/10.1111/jace.16311,,,9,618.0
636,Ba2Ca0.99P2O8Eu0.01,Ba2Ca0.99P2O8,Eu,https://doi.org/10.1111/jace.12258,mp-3857, icsd-18110 icsd-30634 icsd-69450 icsd-184781 icsd-150866 icsd-410786,2,454.0
637,Sr0.995Si2O2N2Eu0.005,Sr0.995Si2O2N2,Eu,https://doi.org/10.1021/cm802394w,,,2,535.0
638,Sr0.99Si2O2N2Eu0.01,Sr0.99Si2O2N2,Eu,https://doi.org/10.1021/cm802394w,,,7,535.0
639,Sr0.98Si2O2N2Eu0.02,Sr0.98Si2O2N2,Eu,https://doi.org/10.1021/cm802394w,,,9,538.0
640,Sr0.93Ca0.05Si2O2N2Eu0.02,Sr0.93Ca0.05Si2O2N2,Eu,https://doi.org/10.1021/cm802394w,mp-556884, icsd-413882,10,538.0
641,Sr0.88Ca0.1Si2O2N2Eu0.02,Sr0.88Ca0.1Si2O2N2,Eu,https://doi.org/10.1021/cm802394w,mp-556884, icsd-413882,10,538.0
642,Sr0.83Ca0.15Si2O2N2Eu0.02,Sr0.83Ca0.15Si2O2N2,Eu,https://doi.org/10.1021/cm802394w,mp-556884, icsd-413882,3,536.0
643,Sr0.73Ca0.25Si2O2N2Eu0.02,Sr0.73Ca0.25Si2O2N2,Eu,https://doi.org/10.1021/cm802394w,mp-556884, icsd-413882,1,542.0
644,Sr0.48Ca0.5Si2O2N2Eu0.02,Sr0.48Ca0.5Si2O2N2,Eu,https://doi.org/10.1021/cm802394w,mp-556884, icsd-413882,7,543.0
645,Sr0.23Ca0.75Si2O2N2Eu0.02,Sr0.23Ca0.75Si2O2N2,Eu,https://doi.org/10.1021/cm802394w,mp-556884, icsd-413882,6,546.0
646,CaSi2N2O2Eu0.02,CaSi2N2O2,Eu,https://doi.org/10.1021/cm802394w,mp-556884, icsd-413882,10,555.0
647,Sr0.93Ba0.05Si2O2N2Eu0.02,Sr0.93Ba0.05Si2O2N2,Eu,https://doi.org/10.1021/cm802394w,mp-6764, icsd-419450 icsd-173758,1,538.0
648,Sr0.88Ba0.1Si2O2N2Eu0.02,Sr0.88Ba0.1Si2O2N2,Eu,https://doi.org/10.1021/cm802394w,mp-6764, icsd-419450 icsd-173758,10,539.0
649,Sr0.83Ba0.15Si2O2N2Eu0.02,Sr0.83Ba0.15Si2O2N2,Eu,https://doi.org/10.1021/cm802394w,mp-6764, icsd-419450 icsd-173758,1,544.0
650,Sr0.73Ba0.25Si2O2N2Eu0.02,Sr0.73Ba0.25Si2O2N2,Eu,https://doi.org/10.1021/cm802394w,mp-6764, icsd-419450 icsd-173758,3,544.0
651,Sr0.48Ba0.5Si2O2N2Eu0.02,Sr0.48Ba0.5Si2O2N2,Eu,https://doi.org/10.1021/cm802394w,mp-6764, icsd-419450 icsd-173758,2,548.0
652,Sr0.23Ba0.75Si2O2N2Eu0.02,Sr0.23Ba0.75Si2O2N2,Eu,https://doi.org/10.1021/cm802394w,mp-6764, icsd-419450 icsd-173758,8,564.0
653,BaSi2N2O2Eu0.02,BaSi2N2O2,Eu,https://doi.org/10.1021/cm802394w,mp-6764, icsd-419450 icsd-173758,9,495.0
654,Sr0.96Si2O2N2Eu0.04,Sr0.96Si2O2N2,Eu,https://doi.org/10.1021/cm802394w,,,5,541.0
655,Sr0.92Si2O2N2Eu0.08,Sr0.92Si2O2N2,Eu,https://doi.org/10.1021/cm802394w,,,9,546.0
656,Sr0.84Si2O2N2Eu0.16,Sr0.84Si2O2N2,Eu,https://doi.org/10.1021/cm802394w,,,9,554.0
657,CaSEu0.01,CaS,Eu,https://doi.org/10.1016/j.radmeas.2009.09.010,mp-1672, icsd-619534 icsd-619527 icsd-186785 icsd-53940 icsd-619528 icsd-603165 icsd-619533 icsd-28902 icsd-60200 icsd-619538 icsd-619540 icsd-619529 icsd-619530 icsd-41956 icsd-52784 icsd-30236 icsd-619537,8,663.0
658,Ca0.8Sr0.2SEu0.01,Ca0.8Sr0.2S,Eu,https://doi.org/10.1016/j.radmeas.2009.09.010,mp-1672, icsd-619534 icsd-619527 icsd-186785 icsd-53940 icsd-619528 icsd-603165 icsd-619533 icsd-28902 icsd-60200 icsd-619538 icsd-619540 icsd-619529 icsd-619530 icsd-41956 icsd-52784 icsd-30236 icsd-619537,9,662.0
659,Ca0.5Sr0.5SEu0.01,Ca0.5Sr0.5S,Eu,https://doi.org/10.1016/j.radmeas.2009.09.010,mp-1672, icsd-619534 icsd-619527 icsd-186785 icsd-53940 icsd-619528 icsd-603165 icsd-619533 icsd-28902 icsd-60200 icsd-619538 icsd-619540 icsd-619529 icsd-619530 icsd-41956 icsd-52784 icsd-30236 icsd-619537,10,656.0
660,Ca0.2Sr0.8SEu0.01,Ca0.2Sr0.8S,Eu,https://doi.org/10.1016/j.radmeas.2009.09.010,mp-1672, icsd-619534 icsd-619527 icsd-186785 icsd-53940 icsd-619528 icsd-603165 icsd-619533 icsd-28902 icsd-60200 icsd-619538 icsd-619540 icsd-619529 icsd-619530 icsd-41956 icsd-52784 icsd-30236 icsd-619537,6,635.0
661,SrSEu0.01,SrS,Eu,https://doi.org/10.1016/j.radmeas.2009.09.010,"mp-1087,mp-10627", icsd-651057 icsd-651060 icsd-659132 icsd-53941 icsd-182724 icsd-651062 icsd-290055 icsd-52112 icsd-28900 icsd-651059 icsd-30239 icsd-651061 icsd-164143 icsd-651056 icsd-651068 icsd-249177 icsd-651054 icsd-164144 icsd-52111,6,619.0
662,BaMgAl10O17Eu0.116,BaMgAl10O17,Eu,https://doi.org/10.1021/cm020592f,,,8,450.0
663,Gd2MoO6Eu0.3,Gd2MoO6,Eu,https://doi.org/10.1039/C6RA25652J,mp-582797, icsd-62886,10,610.0
664,Gd2MoO6Eu0.3,Gd2MoO6,Eu,https://doi.org/10.1039/C6RA25652J,mp-582797, icsd-62886,6,610.0
665,Sr0.99MoO4Eu0.01,Sr0.99MoO4,Eu,https://doi.org/10.1039/C5RA06053B,mp-18834, icsd-193794 icsd-250491 icsd-23700 icsd-28025 icsd-194080 icsd-173125 icsd-173120 icsd-245803 icsd-245802 icsd-173122 icsd-239418 icsd-248458 icsd-99089 icsd-194081,7,610.0
666,Sr0.93MoO4Eu0.07,Sr0.93MoO4,Eu,https://doi.org/10.1039/C5RA06053B,mp-18834, icsd-193794 icsd-250491 icsd-23700 icsd-28025 icsd-194080 icsd-173125 icsd-173120 icsd-245803 icsd-245802 icsd-173122 icsd-239418 icsd-248458 icsd-99089 icsd-194081,7,615.0
667,Sr0.86MoO4Na0.07Eu0.07,Sr0.86MoO4Na0.07,Eu,https://doi.org/10.1039/C5RA06053B,mp-18834, icsd-193794 icsd-250491 icsd-23700 icsd-28025 icsd-194080 icsd-173125 icsd-173120 icsd-245803 icsd-245802 icsd-173122 icsd-239418 icsd-248458 icsd-99089 icsd-194081,7,615.0
668,Sr0.84MoO4Na0.09Eu0.07,Sr0.84MoO4Na0.09,Eu,https://doi.org/10.1039/C5RA06053B,mp-18834, icsd-193794 icsd-250491 icsd-23700 icsd-28025 icsd-194080 icsd-173125 icsd-173120 icsd-245803 icsd-245802 icsd-173122 icsd-239418 icsd-248458 icsd-99089 icsd-194081,2,615.0
669,Y1.99O2SEu0.01,Y1.99O2S,Eu,https://doi.org/10.1016/j.matlet.2012.06.051,mp-12894, icsd-154582,5,627.0
670,K0.457Na0.457NbO3Eu0.05,K0.457Na0.457NbO3,Eu,https://doi.org/10.1039/C4RA10888D,mp-1223364,,3,616.0
671,CaWO4Dy0.01,CaWO4,Dy,https://doi.org/10.1063/1.4913297,"mp-19426,mp-1190383", icsd-60550 icsd-193491 icsd-60548 icsd-60551 icsd-15869 icsd-155423 icsd-193047 icsd-15586 icsd-60549 icsd-18135 icsd-77335 icsd-157428 icsd-291535 icsd-60547 icsd-155791 icsd-238259 icsd-238258,8,572.0
672,CaWO4Dy0.03,CaWO4,Dy,https://doi.org/10.1063/1.4913297,"mp-19426,mp-1190383", icsd-60550 icsd-193491 icsd-60548 icsd-60551 icsd-15869 icsd-155423 icsd-193047 icsd-15586 icsd-60549 icsd-18135 icsd-77335 icsd-157428 icsd-291535 icsd-60547 icsd-155791 icsd-238259 icsd-238258,1,572.0
673,CaWO4Dy0.05,CaWO4,Dy,https://doi.org/10.1063/1.4913297,"mp-19426,mp-1190383", icsd-60550 icsd-193491 icsd-60548 icsd-60551 icsd-15869 icsd-155423 icsd-193047 icsd-15586 icsd-60549 icsd-18135 icsd-77335 icsd-157428 icsd-291535 icsd-60547 icsd-155791 icsd-238259 icsd-238258,7,572.0
674,CaWO4Dy0.07,CaWO4,Dy,https://doi.org/10.1063/1.4913297,"mp-19426,mp-1190383", icsd-60550 icsd-193491 icsd-60548 icsd-60551 icsd-15869 icsd-155423 icsd-193047 icsd-15586 icsd-60549 icsd-18135 icsd-77335 icsd-157428 icsd-291535 icsd-60547 icsd-155791 icsd-238259 icsd-238258,3,572.0
675,CaWO4Dy0.09,CaWO4,Dy,https://doi.org/10.1063/1.4913297,"mp-19426,mp-1190383", icsd-60550 icsd-193491 icsd-60548 icsd-60551 icsd-15869 icsd-155423 icsd-193047 icsd-15586 icsd-60549 icsd-18135 icsd-77335 icsd-157428 icsd-291535 icsd-60547 icsd-155791 icsd-238259 icsd-238258,8,572.0
676,CaWO4Dy0.11,CaWO4,Dy,https://doi.org/10.1063/1.4913297,"mp-19426,mp-1190383", icsd-60550 icsd-193491 icsd-60548 icsd-60551 icsd-15869 icsd-155423 icsd-193047 icsd-15586 icsd-60549 icsd-18135 icsd-77335 icsd-157428 icsd-291535 icsd-60547 icsd-155791 icsd-238259 icsd-238258,7,572.0
677,CaWO4Dy0.01,CaWO4,Dy,https://doi.org/10.1063/1.4913297,"mp-19426,mp-1190383", icsd-60550 icsd-193491 icsd-60548 icsd-60551 icsd-15869 icsd-155423 icsd-193047 icsd-15586 icsd-60549 icsd-18135 icsd-77335 icsd-157428 icsd-291535 icsd-60547 icsd-155791 icsd-238259 icsd-238258,2,572.0
678,CaWO4Dy0.03,CaWO4,Dy,https://doi.org/10.1063/1.4913297,"mp-19426,mp-1190383", icsd-60550 icsd-193491 icsd-60548 icsd-60551 icsd-15869 icsd-155423 icsd-193047 icsd-15586 icsd-60549 icsd-18135 icsd-77335 icsd-157428 icsd-291535 icsd-60547 icsd-155791 icsd-238259 icsd-238258,3,572.0
679,CaWO4Dy0.05,CaWO4,Dy,https://doi.org/10.1063/1.4913297,"mp-19426,mp-1190383", icsd-60550 icsd-193491 icsd-60548 icsd-60551 icsd-15869 icsd-155423 icsd-193047 icsd-15586 icsd-60549 icsd-18135 icsd-77335 icsd-157428 icsd-291535 icsd-60547 icsd-155791 icsd-238259 icsd-238258,1,572.0
680,CaWO4Dy0.07,CaWO4,Dy,https://doi.org/10.1063/1.4913297,"mp-19426,mp-1190383", icsd-60550 icsd-193491 icsd-60548 icsd-60551 icsd-15869 icsd-155423 icsd-193047 icsd-15586 icsd-60549 icsd-18135 icsd-77335 icsd-157428 icsd-291535 icsd-60547 icsd-155791 icsd-238259 icsd-238258,4,572.0
681,CaWO4Dy0.09,CaWO4,Dy,https://doi.org/10.1063/1.4913297,"mp-19426,mp-1190383", icsd-60550 icsd-193491 icsd-60548 icsd-60551 icsd-15869 icsd-155423 icsd-193047 icsd-15586 icsd-60549 icsd-18135 icsd-77335 icsd-157428 icsd-291535 icsd-60547 icsd-155791 icsd-238259 icsd-238258,9,572.0
682,CaWO4Dy0.11,CaWO4,Dy,https://doi.org/10.1063/1.4913297,"mp-19426,mp-1190383", icsd-60550 icsd-193491 icsd-60548 icsd-60551 icsd-15869 icsd-155423 icsd-193047 icsd-15586 icsd-60549 icsd-18135 icsd-77335 icsd-157428 icsd-291535 icsd-60547 icsd-155791 icsd-238259 icsd-238258,6,572.0
683,Bi0.5Na0.5TiO3Eu0.25,Bi0.5Na0.5TiO3,Eu,https://doi.org/10.1016/j.matlet.2014.05.212,"mp-39681,mp-1220903,mp-1094149",,10,618.0
684,Ba2Gd4.9B5O17Eu0.1,Ba2Gd4.9B5O17,Eu,https://doi.org/10.1016/j.optmat.2018.07.023,,,9,615.0
685,Ba2Gd4.8B5O17Eu0.2,Ba2Gd4.8B5O17,Eu,https://doi.org/10.1016/j.optmat.2018.07.023,,,1,615.0
686,Ba2Gd4.6B5O17Eu0.4,Ba2Gd4.6B5O17,Eu,https://doi.org/10.1016/j.optmat.2018.07.023,,,3,615.0
687,Ba2Gd4.5B5O17Eu0.5,Ba2Gd4.5B5O17,Eu,https://doi.org/10.1016/j.optmat.2018.07.023,,,4,615.0
688,Ba2Gd4.4B5O17Eu0.6,Ba2Gd4.4B5O17,Eu,https://doi.org/10.1016/j.optmat.2018.07.023,,,7,615.0
689,Ba2Gd4.2B5O17Eu0.8,Ba2Gd4.2B5O17,Eu,https://doi.org/10.1016/j.optmat.2018.07.023,,,9,615.0
690,Mg1.94Ga2S4Eu0.06,Mg1.94Ga2S4,Eu,https://doi.org/10.1111/jace.12257,,,8,538.0
691,Mg1.94Ga2S4Eu0.06,Mg1.94Ga2S4,Eu,https://doi.org/10.1111/jace.12257,,,6,538.0
692,Mg1.94Ga2S4Eu0.06,Mg1.94Ga2S4,Eu,https://doi.org/10.1111/jace.12257,,,5,538.0
693,Mg1.94Ga2S4Eu0.06,Mg1.94Ga2S4,Eu,https://doi.org/10.1111/jace.12257,,,1,538.0
694,Mg1.94Ga2S4Eu0.06,Mg1.94Ga2S4,Eu,https://doi.org/10.1111/jace.12257,,,3,538.0
695,Mg1.94Ga2S4Eu0.06,Mg1.94Ga2S4,Eu,https://doi.org/10.1111/jace.12257,,,3,538.0
696,Mg1.94Ga2S4Eu0.06,Mg1.94Ga2S4,Eu,https://doi.org/10.1111/jace.12257,,,9,538.0
697,Mg1.94Ga2S4Eu0.06,Mg1.94Ga2S4,Eu,https://doi.org/10.1111/jace.12257,,,7,538.0
698,Mg1.94Ga2S4Eu0.06,Mg1.94Ga2S4,Eu,https://doi.org/10.1111/jace.12257,,,10,538.0
699,Mg1.94Ga2S4Eu0.06,Mg1.94Ga2S4,Eu,https://doi.org/10.1111/jace.12257,,,9,538.0
700,Mg1.94Ga2S4Eu0.06,Mg1.94Ga2S4,Eu,https://doi.org/10.1111/jace.12257,,,2,538.0
701,Sr0.94Ga2S4Eu0.06,Sr0.94Ga2S4,Eu,https://doi.org/10.1016/S1002-0721(08)60010-1,"mp-14425,mp-1104810", icsd-635272 icsd-46019 icsd-635274,5,534.0
702,NaBaYB2O6Ce0.02,NaBaYB2O6,Ce,https://doi.org/10.1111/jace.15693,mp-1182342,,10,450.0
703,NaBaYB2O6Tb0.03,NaBaYB2O6,Tb,https://doi.org/10.1111/jace.15693,mp-1182342,,9,544.0
704,SrLu0.99Al2Si2O2N5Ce0.01,SrLu0.99Al2Si2O2N5,Ce,https://doi.org/10.1039/C9TC06932A,,,4,464.0
705,Sr0.99LuAl2Si2O2N5Eu0.01,Sr0.99LuAl2Si2O2N5,Eu,https://doi.org/10.1039/C9TC06932A,,,1,526.0
706,BaLu0.99Al2Si2O2N5Ce0.01,BaLu0.99Al2Si2O2N5,Ce,https://doi.org/10.1039/C9TC06932A,,,5,462.0
707,Ba0.99LuAl2Si2O2N5Eu0.01,Ba0.99LuAl2Si2O2N5,Eu,https://doi.org/10.1039/C9TC06932A,,,3,512.0
708,Mg1.25Si1.25Al2.5O3N3Ce0.03,Mg1.25Si1.25Al2.5O3N3,Ce,https://doi.org/10.1039/C8TC05330H,,,7,470.0
709,Mg1.25Si1.25Al2.5O3N3Tb0.02,Mg1.25Si1.25Al2.5O3N3,Tb,https://doi.org/10.1039/C8TC05330H,,,10,545.0
710,RbNa3Li12Si4O16Eu0.03,RbNa3Li12Si4O16,Eu,https://doi.org/10.1002/ange.201807087,mp-17240, icsd-74865,4,471.0
711,Sr2.99MgSi2O8Ce0.01,Sr2.99MgSi2O8,Ce,https://doi.org/10.1002/bio.2415,mp-554641,,6,403.0
712,LiCa0.99GeO4Ce0.01,LiCa0.99GeO4,Ce,https://doi.org/10.1016/j.jlumin.2010.02.047,mp-1211318,,5,400.0
713,Li2Ca0.96GeO4Dy0.04,Li2Ca0.96GeO4,Dy,https://doi.org/10.1016/j.jlumin.2010.02.047,mp-1211318,,8,485.0
714,Rb3YSi2O7Eu0.02,Rb3YSi2O7,Eu,https://doi.org/10.1002/ange.201905787,,,6,622.0
715,Sr2La0.9SbO6Eu0.1,Sr2La0.9SbO6,Eu,https://doi.org/10.1016/j.dyepig.2017.07.019,mp-1206332,,2,610.0
716,Sr2La0.8SbO6Eu0.2,Sr2La0.8SbO6,Eu,https://doi.org/10.1016/j.dyepig.2017.07.019,mp-1206332,,7,610.0
717,Sr2La0.7SbO6Eu0.3,Sr2La0.7SbO6,Eu,https://doi.org/10.1016/j.dyepig.2017.07.019,mp-1206332,,8,610.0
718,Sr2La0.6SbO6Eu0.4,Sr2La0.6SbO6,Eu,https://doi.org/10.1016/j.dyepig.2017.07.019,mp-1206332,,7,610.0
719,Sr2La0.5SbO6Eu0.5,Sr2La0.5SbO6,Eu,https://doi.org/10.1016/j.dyepig.2017.07.019,mp-1206332,,3,610.0
720,Sr2La0.4SbO6Eu0.6,Sr2La0.4SbO6,Eu,https://doi.org/10.1016/j.dyepig.2017.07.019,mp-1206332,,5,610.0
721,K4BaSi3O9Eu0.05,K4BaSi3O9,Eu,https://doi.org/10.1016/j.optmat.2014.06.036,"mp-558347,mp-976307", icsd-246254,4,616.5
722,K4BaSi3O9Eu0.05,K4BaSi3O9,Eu,https://doi.org/10.1016/j.optmat.2014.06.036,"mp-558347,mp-976307", icsd-246254,5,616.5
723,Ba2ZnB2O6Eu0.05,Ba2ZnB2O6,Eu,https://doi.org/10.1039/C4RA11516C,mp-559138, icsd-75606,6,616.0
724,Y2O2SEu0.05,Y2O2S,Eu,https://doi.org/10.1016/j.matlet.2007.06.016,mp-12894, icsd-154582,6,626.0
725,Mg3Ga2GeO8Mn0.001,Mg3Ga2GeO8,Mn,https://doi.org/10.1021/acs.inorgchem.5b02048,,,7,659.0
726,Mg3Ga2GeO8Mn0.005,Mg3Ga2GeO8,Mn,https://doi.org/10.1021/acs.inorgchem.5b02048,,,9,659.0
727,Mg3Ga2GeO8Mn0.01,Mg3Ga2GeO8,Mn,https://doi.org/10.1021/acs.inorgchem.5b02048,,,2,659.0
728,Mg3Ga2GeO8Mn0.03,Mg3Ga2GeO8,Mn,https://doi.org/10.1021/acs.inorgchem.5b02048,,,8,659.0
729,Mg3Ga2GeO8Mn0.05,Mg3Ga2GeO8,Mn,https://doi.org/10.1021/acs.inorgchem.5b02048,,,2,659.0
730,Mg3Ga2GeO8Mn0.07,Mg3Ga2GeO8,Mn,https://doi.org/10.1021/acs.inorgchem.5b02048,,,5,659.0
731,NaLa0.995MgWO6Sm0.005,NaLa0.995MgWO6,Sm,https://doi.org/10.1016/j.ceramint.2017.11.154,"mp-558194,mp-556619", icsd-187079 icsd-174386 icsd-172413 icsd-40497,7,645.0
732,NaLa0.99MgWO6Sm0.01,NaLa0.99MgWO6,Sm,https://doi.org/10.1016/j.ceramint.2017.11.154,"mp-558194,mp-556619", icsd-187079 icsd-174386 icsd-172413 icsd-40497,8,645.0
733,NaLa0.98MgWO6Sm0.02,NaLa0.98MgWO6,Sm,https://doi.org/10.1016/j.ceramint.2017.11.154,"mp-558194,mp-556619", icsd-187079 icsd-174386 icsd-172413 icsd-40497,3,645.0
734,NaLa0.96MgWO6Sm0.04,NaLa0.96MgWO6,Sm,https://doi.org/10.1016/j.ceramint.2017.11.154,"mp-558194,mp-556619", icsd-187079 icsd-174386 icsd-172413 icsd-40497,8,645.0
735,NaLa0.94MgWO6Sm0.06,NaLa0.94MgWO6,Sm,https://doi.org/10.1016/j.ceramint.2017.11.154,"mp-558194,mp-556619", icsd-187079 icsd-174386 icsd-172413 icsd-40497,8,645.0
736,NaLa0.92MgWO6Sm0.08,NaLa0.92MgWO6,Sm,https://doi.org/10.1016/j.ceramint.2017.11.154,"mp-558194,mp-556619", icsd-187079 icsd-174386 icsd-172413 icsd-40497,3,645.0
737,NaLa0.9MgWO6Sm0.1,NaLa0.9MgWO6,Sm,https://doi.org/10.1016/j.ceramint.2017.11.154,"mp-558194,mp-556619", icsd-187079 icsd-174386 icsd-172413 icsd-40497,7,645.0
738,Ca2ZnWO6Eu0.002,Ca2ZnWO6,Eu,https://doi.org/10.1016/j.jlumin.2014.01.045,"mp-781505,mp-779906", icsd-262323,8,615.0
739,Ca2ZnWO6Sm0.02,Ca2ZnWO6,Sm,https://doi.org/10.1016/j.jlumin.2014.01.045,"mp-781505,mp-779906", icsd-262323,7,604.0
740,Ca2ZnWO6Pr0.002,Ca2ZnWO6,Pr,https://doi.org/10.1016/j.jlumin.2014.01.045,"mp-781505,mp-779906", icsd-262323,9,650.0
741,Sr4LiAl11N14Eu0.004,Sr4LiAl11N14,Eu,https://doi.org/10.1021/acs.chemmater.6b04519,,,1,670.0
742,CaGdW4O16Tb0.5,CaGdW4O16,Tb,https://doi.org/10.1016/j.dyepig.2017.12.067,,,3,545.0
743,K2Y0.95WO8PEu0.05,K2Y0.95WO8P,Eu,https://doi.org/10.1016/j.materresbull.2015.09.003,,,5,614.0
744,K2Y0.9WO8PEu0.1,K2Y0.9WO8P,Eu,https://doi.org/10.1016/j.materresbull.2015.09.003,,,3,614.0
745,K2Y0.7WO8PEu0.3,K2Y0.7WO8P,Eu,https://doi.org/10.1016/j.materresbull.2015.09.003,,,5,614.0
746,K2Y0.5WO8PEu0.5,K2Y0.5WO8P,Eu,https://doi.org/10.1016/j.materresbull.2015.09.003,,,3,614.0
747,K2Y0.3WO8PEu0.7,K2Y0.3WO8P,Eu,https://doi.org/10.1016/j.materresbull.2015.09.003,,,10,614.0
748,K2Y0.3WO8PEu0.7,K2Y0.3WO8P,Eu,https://doi.org/10.1016/j.materresbull.2015.09.003,,,3,614.0
749,K2Y0.3WO8PEu0.7,K2Y0.3WO8P,Eu,https://doi.org/10.1016/j.materresbull.2015.09.003,,,7,614.0
750,K2Y0.1WO8PEu0.9,K2Y0.1WO8P,Eu,https://doi.org/10.1016/j.materresbull.2015.09.003,,,8,614.0
751,K2WO8PEu1,K2WO8P,Eu,https://doi.org/10.1016/j.materresbull.2015.09.003,,,7,614.0
752,LaMgAl11O19Sm0.05,LaMgAl11O19,Sm,https://doi.org/10.1021/ic500412r,mp-1223152,,4,594.0
753,LaMgAl11O19Eu0.1,LaMgAl11O19,Eu,https://doi.org/10.1021/ic500412r,mp-1223152,,8,612.0
754,LiLa1.99O5BSm0.01,LiLa1.99O5B,Sm,https://doi.org/10.1149/1.2946482,,,6,605.0
755,Na2CaSiO4Eu0.12,Na2CaSiO4,Eu,https://doi.org/10.1016/j.materresbull.2011.03.001,mp-555342, icsd-24235,1,613.0
756,Na3Sc1.8P3O12Eu0.1,Na3Sc1.8P3O12,Eu,https://doi.org/10.1016/j.jallcom.2017.12.316,"mp-16956,mp-1221280,mp-555608", icsd-65406 icsd-20740,4,621.0
757,Na3Sc1.5P3O12Eu0.25,Na3Sc1.5P3O12,Eu,https://doi.org/10.1016/j.jallcom.2017.12.316,"mp-16956,mp-1221280,mp-555608", icsd-65406 icsd-20740,5,621.0
758,Na3Sc1.4P3O12Eu0.3,Na3Sc1.4P3O12,Eu,https://doi.org/10.1016/j.jallcom.2017.12.316,"mp-16956,mp-1221280,mp-555608", icsd-65406 icsd-20740,9,621.0
759,Na3Sc1.3P3O12Eu0.35,Na3Sc1.3P3O12,Eu,https://doi.org/10.1016/j.jallcom.2017.12.316,"mp-16956,mp-1221280,mp-555608", icsd-65406 icsd-20740,4,621.0
760,Na3Sc1.1P3O12Eu0.45,Na3Sc1.1P3O12,Eu,https://doi.org/10.1016/j.jallcom.2017.12.316,"mp-16956,mp-1221280,mp-555608", icsd-65406 icsd-20740,8,621.0
761,Ca3P2O8Eu0.04,Ca3P2O8,Eu,https://doi.org/10.1016/j.optmat.2012.12.023,"mp-1197377,mp-531132,mp-3487,mp-753711,mp-686015", icsd-923 icsd-200202 icsd-188081 icsd-158736,9,613.0
762,Ca9.9LiP7O28Eu0.1,Ca9.9LiP7O28,Eu,https://doi.org/10.1016/S1002-0721(10)60476-0,,,7,613.0
763,Sr3Bi0.995P3O12Eu0.005,Sr3Bi0.995P3O12,Eu,https://doi.org/10.1016/j.optcom.2012.06.018,,,10,612.0
764,Sr3Bi0.99P3O12Eu0.01,Sr3Bi0.99P3O12,Eu,https://doi.org/10.1016/j.optcom.2012.06.018,,,2,612.0
765,Sr3Bi0.97P3O12Eu0.03,Sr3Bi0.97P3O12,Eu,https://doi.org/10.1016/j.optcom.2012.06.018,,,2,612.0
766,Sr3Bi0.95P3O12Eu0.05,Sr3Bi0.95P3O12,Eu,https://doi.org/10.1016/j.optcom.2012.06.018,,,10,612.0
767,Sr3Bi0.93P3O12Eu0.07,Sr3Bi0.93P3O12,Eu,https://doi.org/10.1016/j.optcom.2012.06.018,,,3,612.0
768,Sr3Bi0.9P3O12Eu0.1,Sr3Bi0.9P3O12,Eu,https://doi.org/10.1016/j.optcom.2012.06.018,,,9,612.0
769,Sr3Y0.94P3O12Eu0.06,Sr3Y0.94P3O12,Eu,https://doi.org/10.1016/j.ceramint.2012.02.080,,,10,613.0
770,Ca3Gd0.9Al3O15B4Eu0.1,Ca3Gd0.9Al3O15B4,Eu,https://doi.org/10.1016/j.dyepig.2018.03.005,,,7,621.0
771,Ca3Gd0.8Al3O15B4Eu0.2,Ca3Gd0.8Al3O15B4,Eu,https://doi.org/10.1016/j.dyepig.2018.03.005,,,4,621.0
772,Ca3Gd0.7Al3O15B4Eu0.3,Ca3Gd0.7Al3O15B4,Eu,https://doi.org/10.1016/j.dyepig.2018.03.005,,,4,621.0
773,Ca3Gd0.5Al3O15B4Eu0.5,Ca3Gd0.5Al3O15B4,Eu,https://doi.org/10.1016/j.dyepig.2018.03.005,,,9,621.0
774,Ca3Gd0.2Al3O15B4Eu0.7,Ca3Gd0.2Al3O15B4,Eu,https://doi.org/10.1016/j.dyepig.2018.03.005,,,5,621.0
775,Ca3Al3O15B4Eu1,Ca3Al3O15B4,Eu,https://doi.org/10.1016/j.dyepig.2018.03.005,,,10,621.0
776,NaYMgWO6Eu0.3,NaYMgWO6,Eu,https://doi.org/10.1016/j.jallcom.2017.05.027,,,6,616.0
777,LiYMgWO6Eu0.3,LiYMgWO6,Eu,https://doi.org/10.1016/j.jallcom.2017.05.027,,,5,618.0
778,LiYMgW0.9Mo0.1O6Eu0.3,LiYMgW0.9Mo0.1O6,Eu,https://doi.org/10.1016/j.jallcom.2017.05.027,,,6,618.0
779,LiYMgW0.9Mo0.1O6Eu0.3,LiYMgW0.9Mo0.1O6,Eu,https://doi.org/10.1016/j.jallcom.2017.05.027,,,10,618.0
780,NaBaY0.3B2O6Eu0.7,NaBaY0.3B2O6,Eu,https://doi.org/10.1016/j.dyepig.2017.04.008,mp-1182342,,4,613.0
781,KBaY0.3B2O6Eu0.7,KBaY0.3B2O6,Eu,https://doi.org/10.1016/j.dyepig.2017.04.008,,,4,613.0
782,CaB6O10Eu0.03,CaB6O10,Eu,https://doi.org/10.1016/j.jlumin.2014.11.024,mp-558358, icsd-161320,2,612.0
783,CaB6O10Eu0.03,CaB6O10,Eu,https://doi.org/10.1016/j.jlumin.2014.11.024,mp-558358, icsd-161320,8,612.0
784,Ba2CaZn2Si6O17Eu0.005,Ba2CaZn2Si6O17,Eu,https://doi.org/10.1016/j.jlumin.2015.03.007,,,9,613.0
785,Ba2CaZn2Si6O17Eu0.01,Ba2CaZn2Si6O17,Eu,https://doi.org/10.1016/j.jlumin.2015.03.007,,,2,613.0
786,Ba2CaZn2Si6O17Eu0.03,Ba2CaZn2Si6O17,Eu,https://doi.org/10.1016/j.jlumin.2015.03.007,,,2,613.0
787,Ba2CaZn2Si6O17Eu0.05,Ba2CaZn2Si6O17,Eu,https://doi.org/10.1016/j.jlumin.2015.03.007,,,3,613.0
788,Ba2CaZn2Si6O17Eu0.07,Ba2CaZn2Si6O17,Eu,https://doi.org/10.1016/j.jlumin.2015.03.007,,,4,613.0
789,Ba2CaZn2Si6O17Eu0.09,Ba2CaZn2Si6O17,Eu,https://doi.org/10.1016/j.jlumin.2015.03.007,,,9,613.0
790,Ba2CaZn2Si6O17Eu0.11,Ba2CaZn2Si6O17,Eu,https://doi.org/10.1016/j.jlumin.2015.03.007,,,9,613.0
791,Y2O2SEu0.05,Y2O2S,Eu,https://doi.org/10.1364/OE.19.006303,mp-12894, icsd-154582,10,611.0
792,Ca2YZr2Al3O12Eu0.08,Ca2YZr2Al3O12,Eu,https://doi.org/10.1021/acs.inorgchem.6b01711,,,1,611.0
793,BaGd2O4Bi0.08,BaGd2O4,Bi,https://doi.org/10.1016/j.jlumin.2018.10.050,mp-17143, icsd-78484 icsd-427487,7,432.0
794,BaGd2O4Eu0.2,BaGd2O4,Eu,https://doi.org/10.1016/j.jlumin.2018.10.050,mp-17143, icsd-78484 icsd-427487,8,611.0
795,Ca2Y0.992Zr2Al3O12Bi0.008,Ca2Y0.992Zr2Al3O12,Bi,https://doi.org/10.1016/j.ceramint.2019.11.081,,,10,313.0
796,Sc2W3O12Eu0.01,Sc2W3O12,Eu,https://doi.org/10.1016/j.ceramint.2019.02.107,"mp-5516,mp-1219450", icsd-50941 icsd-50940 icsd-391468 icsd-28467 icsd-50942,7,617.0
797,Sc2W3O12Eu0.03,Sc2W3O12,Eu,https://doi.org/10.1016/j.ceramint.2019.02.107,"mp-5516,mp-1219450", icsd-50941 icsd-50940 icsd-391468 icsd-28467 icsd-50942,9,617.0
798,Sc2W3O12Eu0.05,Sc2W3O12,Eu,https://doi.org/10.1016/j.ceramint.2019.02.107,"mp-5516,mp-1219450", icsd-50941 icsd-50940 icsd-391468 icsd-28467 icsd-50942,4,617.0
799,Sc2W3O12Eu0.15,Sc2W3O12,Eu,https://doi.org/10.1016/j.ceramint.2019.02.107,"mp-5516,mp-1219450", icsd-50941 icsd-50940 icsd-391468 icsd-28467 icsd-50942,6,617.0
800,Sc2W3O12Eu0.3,Sc2W3O12,Eu,https://doi.org/10.1016/j.ceramint.2019.02.107,"mp-5516,mp-1219450", icsd-50941 icsd-50940 icsd-391468 icsd-28467 icsd-50942,4,617.0
801,CdY3.6MoO16Eu0.1,CdY3.6MoO16,Eu,https://doi.org/10.1364/OME.6.002397,,,9,615.0
802,CdY3.2MoO16Eu0.2,CdY3.2MoO16,Eu,https://doi.org/10.1364/OME.6.002397,,,5,615.0
803,CdY2.8MoO16Eu0.3,CdY2.8MoO16,Eu,https://doi.org/10.1364/OME.6.002397,,,7,615.0
804,CdY2.4MoO16Eu0.4,CdY2.4MoO16,Eu,https://doi.org/10.1364/OME.6.002397,,,10,615.0
805,CdY2MoO16Eu0.5,CdY2MoO16,Eu,https://doi.org/10.1364/OME.6.002397,,,7,615.0
806,CdY1.6MoO16Eu0.6,CdY1.6MoO16,Eu,https://doi.org/10.1364/OME.6.002397,,,5,615.0
807,Ca3Y0.5Al3B4O15Eu0.5,Ca3Y0.5Al3B4O15,Eu,https://doi.org/10.1364/OE.19.0000A1,mp-694012,,2,620.0
808,YVO4Eu0.05,YVO4,Eu,https://doi.org/10.1021/ic100953m,mp-19133, icsd-15604 icsd-107638 icsd-246709 icsd-26894 icsd-78074 icsd-2504 icsd-174549 icsd-246708 icsd-36060,1,619.0
809,YVO4Dy0.05,YVO4,Dy,https://doi.org/10.1021/ic100953m,mp-19133, icsd-15604 icsd-107638 icsd-246709 icsd-26894 icsd-78074 icsd-2504 icsd-174549 icsd-246708 icsd-36060,3,575.0
810,YVO4Sm0.05,YVO4,Sm,https://doi.org/10.1021/ic100953m,mp-19133, icsd-15604 icsd-107638 icsd-246709 icsd-26894 icsd-78074 icsd-2504 icsd-174549 icsd-246708 icsd-36060,4,604.0
811,YVO4Er0.05,YVO4,Er,https://doi.org/10.1021/ic100953m,mp-19133, icsd-15604 icsd-107638 icsd-246709 icsd-26894 icsd-78074 icsd-2504 icsd-174549 icsd-246708 icsd-36060,6,554.0
812,Y0.99VO4Eu0.01,Y0.99VO4,Eu,https://doi.org/10.1021/cm061042a,mp-19133, icsd-15604 icsd-107638 icsd-246709 icsd-26894 icsd-78074 icsd-2504 icsd-174549 icsd-246708 icsd-36060,4,619.0
813,Y0.97VO4Eu0.03,Y0.97VO4,Eu,https://doi.org/10.1021/cm061042a,mp-19133, icsd-15604 icsd-107638 icsd-246709 icsd-26894 icsd-78074 icsd-2504 icsd-174549 icsd-246708 icsd-36060,6,619.0
814,Y0.95VO4Eu0.05,Y0.95VO4,Eu,https://doi.org/10.1021/cm061042a,mp-19133, icsd-15604 icsd-107638 icsd-246709 icsd-26894 icsd-78074 icsd-2504 icsd-174549 icsd-246708 icsd-36060,8,619.0
815,Y0.93VO4Eu0.07,Y0.93VO4,Eu,https://doi.org/10.1021/cm061042a,mp-19133, icsd-15604 icsd-107638 icsd-246709 icsd-26894 icsd-78074 icsd-2504 icsd-174549 icsd-246708 icsd-36060,10,619.0
816,Y0.91VO4Eu0.09,Y0.91VO4,Eu,https://doi.org/10.1021/cm061042a,mp-19133, icsd-15604 icsd-107638 icsd-246709 icsd-26894 icsd-78074 icsd-2504 icsd-174549 icsd-246708 icsd-36060,5,619.0
817,Y0.95V0.8P0.2O4Eu0.05,Y0.95V0.8P0.2O4,Eu,https://doi.org/10.1021/cm061042a,mp-19133, icsd-15604 icsd-107638 icsd-246709 icsd-26894 icsd-78074 icsd-2504 icsd-174549 icsd-246708 icsd-36060,3,619.0
818,Y0.95V0.6P0.4O4Eu0.05,Y0.95V0.6P0.4O4,Eu,https://doi.org/10.1021/cm061042a,mp-19133, icsd-15604 icsd-107638 icsd-246709 icsd-26894 icsd-78074 icsd-2504 icsd-174549 icsd-246708 icsd-36060,5,619.0
819,Y0.95V0.4P0.6O4Eu0.05,Y0.95V0.4P0.6O4,Eu,https://doi.org/10.1021/cm061042a,mp-19133, icsd-15604 icsd-107638 icsd-246709 icsd-26894 icsd-78074 icsd-2504 icsd-174549 icsd-246708 icsd-36060,2,619.0
820,Y0.95PO4Eu0.05,Y0.95PO4,Eu,https://doi.org/10.1021/cm061042a,"mp-5132,mp-1232370", icsd-201131 icsd-56113 icsd-184543 icsd-24514 icsd-28554 icsd-79754,6,619.0
821,Y0.75Gd0.2V0.6P0.4O4Eu0.05,Y0.75Gd0.2V0.6P0.4O4,Eu,https://doi.org/10.1021/cm061042a,mp-19133, icsd-15604 icsd-107638 icsd-246709 icsd-26894 icsd-78074 icsd-2504 icsd-174549 icsd-246708 icsd-36060,3,619.0
822,Y0.55Gd0.4V0.6P0.4O4Eu0.05,Y0.55Gd0.4V0.6P0.4O4,Eu,https://doi.org/10.1021/cm061042a,mp-19133, icsd-15604 icsd-107638 icsd-246709 icsd-26894 icsd-78074 icsd-2504 icsd-174549 icsd-246708 icsd-36060,9,619.0
823,Y0.35Gd0.6V0.6P0.4O4Eu0.05,Y0.35Gd0.6V0.6P0.4O4,Eu,https://doi.org/10.1021/cm061042a,mp-19133, icsd-15604 icsd-107638 icsd-246709 icsd-26894 icsd-78074 icsd-2504 icsd-174549 icsd-246708 icsd-36060,8,619.0
824,Y0.15Gd0.8V0.6P0.4O4Eu0.05,Y0.15Gd0.8V0.6P0.4O4,Eu,https://doi.org/10.1021/cm061042a,mp-19133, icsd-15604 icsd-107638 icsd-246709 icsd-26894 icsd-78074 icsd-2504 icsd-174549 icsd-246708 icsd-36060,6,619.0
825,Gd0.95V0.6P0.4O4Eu0.05,Gd0.95V0.6P0.4O4,Eu,https://doi.org/10.1021/cm061042a,mp-22024, icsd-15607 icsd-238224 icsd-238223 icsd-152692 icsd-81703 icsd-186232 icsd-186231,8,619.0
826,Ca2GdF4PO4Eu0.05,Ca2GdF4PO4,Eu,https://doi.org/10.1364/OE.19.006303,,,7,611.0
827,Ca2YF4PO4Eu0.05,Ca2YF4PO4,Eu,https://doi.org/10.1364/OE.19.006303,,,9,611.0
828,Sr2MgTeO6Eu0.25,Sr2MgTeO6,Eu,https://doi.org/10.1016/j.optlastec.2017.11.046,mp-1078995, icsd-290893,8,614.0
829,Ca2.98TeO6Eu0.01,Ca2.98TeO6,Eu,https://doi.org/10.1016/j.jlumin.2019.03.001,mp-5279, icsd-35085 icsd-16362,4,616.0
830,Ca2.8TeO6Eu0.1,Ca2.8TeO6,Eu,https://doi.org/10.1016/j.jlumin.2019.03.001,mp-5279, icsd-35085 icsd-16362,9,616.0
831,Ca2.6TeO6Eu0.2,Ca2.6TeO6,Eu,https://doi.org/10.1016/j.jlumin.2019.03.001,mp-5279, icsd-35085 icsd-16362,2,616.0
832,Ca3Sr3P4O16Sm0.015,Ca3Sr3P4O16,Sm,https://doi.org/10.1016/j.ceramint.2018.07.276,,,5,603.0
833,Ca3Sr3P4O16Sm0.03,Ca3Sr3P4O16,Sm,https://doi.org/10.1016/j.ceramint.2018.07.276,,,9,603.0
834,Ca3Sr3P4O16Sm0.06,Ca3Sr3P4O16,Sm,https://doi.org/10.1016/j.ceramint.2018.07.276,,,1,603.0
835,Ca3Sr3P4O16Li0.06Sm0.06,Ca3Sr3P4O16Li0.06,Sm,https://doi.org/10.1016/j.ceramint.2018.07.276,,,10,603.0
836,Ca3Sr3P4O16Na0.06Sm0.06,Ca3Sr3P4O16Na0.06,Sm,https://doi.org/10.1016/j.ceramint.2018.07.276,,,3,603.0
837,Ca3Sr3P4O16K0.06Sm0.06,Ca3Sr3P4O16K0.06,Sm,https://doi.org/10.1016/j.ceramint.2018.07.276,,,9,603.0
838,Li3Y3Te2O12Eu0.05,Li3Y3Te2O12,Eu,https://doi.org/10.1016/j.jallcom.2012.11.118,mp-1211226,,3,611.0
839,Li3Y3Te2O12Eu0.4,Li3Y3Te2O12,Eu,https://doi.org/10.1016/j.jallcom.2012.11.118,mp-1211226,,4,611.0
840,Li3Y3Te2O12Eu1,Li3Y3Te2O12,Eu,https://doi.org/10.1016/j.jallcom.2012.11.118,mp-1211226,,1,611.0
841,Na5W4O16Eu1,Na5W4O16,Eu,https://doi.org/10.1016/j.jlumin.2012.05.022,,,2,616.0
842,CaSEu0.01,CaS,Eu,https://doi.org/10.1016/j.radmeas.2009.09.010,mp-1672, icsd-619534 icsd-619527 icsd-186785 icsd-53940 icsd-619528 icsd-603165 icsd-619533 icsd-28902 icsd-60200 icsd-619538 icsd-619540 icsd-619529 icsd-619530 icsd-41956 icsd-52784 icsd-30236 icsd-619537,6,663.0
843,Ca0.8Sr0.2SEu0.01,Ca0.8Sr0.2S,Eu,https://doi.org/10.1016/j.radmeas.2009.09.010,mp-1672, icsd-619534 icsd-619527 icsd-186785 icsd-53940 icsd-619528 icsd-603165 icsd-619533 icsd-28902 icsd-60200 icsd-619538 icsd-619540 icsd-619529 icsd-619530 icsd-41956 icsd-52784 icsd-30236 icsd-619537,6,662.0
844,Ca0.5Sr0.5SEu0.01,Ca0.5Sr0.5S,Eu,https://doi.org/10.1016/j.radmeas.2009.09.010,mp-1672, icsd-619534 icsd-619527 icsd-186785 icsd-53940 icsd-619528 icsd-603165 icsd-619533 icsd-28902 icsd-60200 icsd-619538 icsd-619540 icsd-619529 icsd-619530 icsd-41956 icsd-52784 icsd-30236 icsd-619537,6,656.0
845,Ca0.2Sr0.8SEu0.01,Ca0.2Sr0.8S,Eu,https://doi.org/10.1016/j.radmeas.2009.09.010,mp-1672, icsd-619534 icsd-619527 icsd-186785 icsd-53940 icsd-619528 icsd-603165 icsd-619533 icsd-28902 icsd-60200 icsd-619538 icsd-619540 icsd-619529 icsd-619530 icsd-41956 icsd-52784 icsd-30236 icsd-619537,1,635.0
846,SrSEu0.01,SrS,Eu,https://doi.org/10.1016/j.radmeas.2009.09.010,"mp-1087,mp-10627", icsd-651057 icsd-651060 icsd-659132 icsd-53941 icsd-182724 icsd-651062 icsd-290055 icsd-52112 icsd-28900 icsd-651059 icsd-30239 icsd-651061 icsd-164143 icsd-651056 icsd-651068 icsd-249177 icsd-651054 icsd-164144 icsd-52111,6,619.0
847,Y1.95O2SEu0.05,Y1.95O2S,Eu,https://doi.org/10.1149/1.3501964,mp-12894, icsd-154582,7,627.0
848,Gd1.4MoO6Eu0.3,Gd1.4MoO6,Eu,https://doi.org/10.1039/C6RA25652J,mp-582797, icsd-62886,8,610.0
849,Gd1.4MoO6Eu0.3,Gd1.4MoO6,Eu,https://doi.org/10.1039/C6RA25652J,mp-582797, icsd-62886,2,610.0
850,SrLa1.5Mg2W2O12Eu0.5,SrLa1.5Mg2W2O12,Eu,https://doi.org/10.1016/j.ceramint.2013.01.013,mp-1223130,,8,613.0
851,SrLa1.5Mg2W2O12Eu0.5,SrLa1.5Mg2W2O12,Eu,https://doi.org/10.1016/j.ceramint.2013.01.013,mp-1223130,,9,613.0
852,Y2O3Eu0.05,Y2O3,Eu,https://doi.org/10.1016/j.ceramint.2013.01.013,"mp-2652,mp-558573,mp-754759,mp-775907,mp-775906,mp-13061,mp-777514,mp-1244949,mp-1245017,mp-1244888,mp-1245291,mp-1216050,mp-673247", icsd-290965 icsd-192862 icsd-181825 icsd-78581 icsd-27772 icsd-237970 icsd-186675 icsd-80033 icsd-66242 icsd-86813 icsd-85355 icsd-81861 icsd-41936 icsd-647653 icsd-86814 icsd-160890 icsd-193377 icsd-155173 icsd-290963 icsd-151761 icsd-181871 icsd-290961 icsd-26190 icsd-290960 icsd-193042 icsd-16394 icsd-66243 icsd-86817 icsd-184530 icsd-66730 icsd-193376 icsd-153500 icsd-77081 icsd-151760 icsd-290962 icsd-23811 icsd-185295 icsd-290964 icsd-41267 icsd-193374 icsd-193375 icsd-187274 icsd-82420 icsd-86815 icsd-181826 icsd-192863 icsd-160219 icsd-647650 icsd-160204 icsd-181827 icsd-192864,7,615.0
853,Y2O3Eu0.05,Y2O3,Eu,https://doi.org/10.1016/j.ceramint.2013.01.013,"mp-2652,mp-558573,mp-754759,mp-775907,mp-775906,mp-13061,mp-777514,mp-1244949,mp-1245017,mp-1244888,mp-1245291,mp-1216050,mp-673247", icsd-290965 icsd-192862 icsd-181825 icsd-78581 icsd-27772 icsd-237970 icsd-186675 icsd-80033 icsd-66242 icsd-86813 icsd-85355 icsd-81861 icsd-41936 icsd-647653 icsd-86814 icsd-160890 icsd-193377 icsd-155173 icsd-290963 icsd-151761 icsd-181871 icsd-290961 icsd-26190 icsd-290960 icsd-193042 icsd-16394 icsd-66243 icsd-86817 icsd-184530 icsd-66730 icsd-193376 icsd-153500 icsd-77081 icsd-151760 icsd-290962 icsd-23811 icsd-185295 icsd-290964 icsd-41267 icsd-193374 icsd-193375 icsd-187274 icsd-82420 icsd-86815 icsd-181826 icsd-192863 icsd-160219 icsd-647650 icsd-160204 icsd-181827 icsd-192864,9,615.0
854,Bi4Si3O12Eu0.02,Bi4Si3O12,Eu,https://doi.org/10.1038/srep42464,mp-23331, icsd-402349 icsd-36156 icsd-108873 icsd-86277 icsd-84519 icsd-69430 icsd-26787,10,611.0
855,Bi4Si3O12Eu0.02,Bi4Si3O12,Eu,https://doi.org/10.1038/srep42464,mp-23331, icsd-402349 icsd-36156 icsd-108873 icsd-86277 icsd-84519 icsd-69430 icsd-26787,1,611.0
856,Bi4Si3O12Eu0.02,Bi4Si3O12,Eu,https://doi.org/10.1038/srep42464,mp-23331, icsd-402349 icsd-36156 icsd-108873 icsd-86277 icsd-84519 icsd-69430 icsd-26787,4,611.0
857,Bi4Si3O12Eu0.02,Bi4Si3O12,Eu,https://doi.org/10.1038/srep42464,mp-23331, icsd-402349 icsd-36156 icsd-108873 icsd-86277 icsd-84519 icsd-69430 icsd-26787,2,611.0
858,Bi4Si3O12Eu0.02,Bi4Si3O12,Eu,https://doi.org/10.1038/srep42464,mp-23331, icsd-402349 icsd-36156 icsd-108873 icsd-86277 icsd-84519 icsd-69430 icsd-26787,7,611.0
859,Bi4Si3O12Eu0.02,Bi4Si3O12,Eu,https://doi.org/10.1038/srep42464,mp-23331, icsd-402349 icsd-36156 icsd-108873 icsd-86277 icsd-84519 icsd-69430 icsd-26787,2,700.0
860,Bi4Si3O12Eu0.02,Bi4Si3O12,Eu,https://doi.org/10.1038/srep42464,mp-23331, icsd-402349 icsd-36156 icsd-108873 icsd-86277 icsd-84519 icsd-69430 icsd-26787,10,700.0
861,Bi4Si3O12Eu0.02,Bi4Si3O12,Eu,https://doi.org/10.1038/srep42464,mp-23331, icsd-402349 icsd-36156 icsd-108873 icsd-86277 icsd-84519 icsd-69430 icsd-26787,3,700.0
862,Bi4Si3O12Eu0.02,Bi4Si3O12,Eu,https://doi.org/10.1038/srep42464,mp-23331, icsd-402349 icsd-36156 icsd-108873 icsd-86277 icsd-84519 icsd-69430 icsd-26787,3,700.0
863,Bi4Si3O12Eu0.02,Bi4Si3O12,Eu,https://doi.org/10.1038/srep42464,mp-23331, icsd-402349 icsd-36156 icsd-108873 icsd-86277 icsd-84519 icsd-69430 icsd-26787,10,700.0
864,Sr3LaV3O12Eu,Sr3LaV3O12,Eu,https://doi.org/10.1039/C4TC02783C,mp-1218724,,6,611.0
865,Sr3La0.99V3O12Eu0.01,Sr3La0.99V3O12,Eu,https://doi.org/10.1039/C4TC02783C,mp-1218724,,5,612.0
866,Sr3La0.97V3O12Eu0.03,Sr3La0.97V3O12,Eu,https://doi.org/10.1039/C4TC02783C,mp-1218724,,9,612.0
867,Sr3La0.95V3O12Eu0.05,Sr3La0.95V3O12,Eu,https://doi.org/10.1039/C4TC02783C,mp-1218724,,1,612.0
868,Sr3La0.93V3O12Eu0.07,Sr3La0.93V3O12,Eu,https://doi.org/10.1039/C4TC02783C,mp-1218724,,7,612.0
869,Sr3La0.91V3O12Eu0.09,Sr3La0.91V3O12,Eu,https://doi.org/10.1039/C4TC02783C,mp-1218724,,3,612.0
870,Ca1.99Na1.01Zn2V3O12Eu0.01,Ca1.99Na1.01Zn2V3O12,Eu,https://doi.org/10.1016/j.jpcs.2013.05.002,mp-706235,,10,613.0
871,Ca1.97Na1.03Zn2V3O12Eu0.03,Ca1.97Na1.03Zn2V3O12,Eu,https://doi.org/10.1016/j.jpcs.2013.05.002,mp-706235,,6,613.0
872,Ca1.92Na1.08Zn2V3O12Eu0.08,Ca1.92Na1.08Zn2V3O12,Eu,https://doi.org/10.1016/j.jpcs.2013.05.002,mp-706235,,8,613.0
873,Ca1.9Na1.1Zn2V3O12Eu0.1,Ca1.9Na1.1Zn2V3O12,Eu,https://doi.org/10.1016/j.jpcs.2013.05.002,mp-706235,,4,613.0
874,Ca1.99Na1.01Zn2V3O12Sm0.01,Ca1.99Na1.01Zn2V3O12,Sm,https://doi.org/10.1016/j.jpcs.2013.05.002,mp-706235,,4,497.0
875,Ca1.97Na1.03Zn2V3O12Sm0.03,Ca1.97Na1.03Zn2V3O12,Sm,https://doi.org/10.1016/j.jpcs.2013.05.002,mp-706235,,8,497.0
876,Ca1.92Na1.08Zn2V3O12Sm0.08,Ca1.92Na1.08Zn2V3O12,Sm,https://doi.org/10.1016/j.jpcs.2013.05.002,mp-706235,,9,497.0
877,Ca1.9Na1.1Zn2V3O12Sm0.1,Ca1.9Na1.1Zn2V3O12,Sm,https://doi.org/10.1016/j.jpcs.2013.05.002,mp-706235,,10,497.0
878,CsK2Gd0.9V2O8Eu0.1,CsK2Gd0.9V2O8,Eu,https://doi.org/10.1021/ic500208h,,,10,593.0
879,CsK2Gd0.8V2O8Eu0.2,CsK2Gd0.8V2O8,Eu,https://doi.org/10.1021/ic500208h,,,4,593.0
880,CsK2Gd0.7V2O8Eu0.3,CsK2Gd0.7V2O8,Eu,https://doi.org/10.1021/ic500208h,,,10,593.0
881,CsK2Gd0.6V2O8Eu0.4,CsK2Gd0.6V2O8,Eu,https://doi.org/10.1021/ic500208h,,,2,593.0
882,CsK2Gd0.5V2O8Eu0.5,CsK2Gd0.5V2O8,Eu,https://doi.org/10.1021/ic500208h,,,7,593.0
883,CsK2Gd0.4V2O8Eu0.6,CsK2Gd0.4V2O8,Eu,https://doi.org/10.1021/ic500208h,,,9,593.0
884,CsK2Gd0.3V2O8Eu0.7,CsK2Gd0.3V2O8,Eu,https://doi.org/10.1021/ic500208h,,,8,593.0
885,CsK2Gd0.2V2O8Eu0.8,CsK2Gd0.2V2O8,Eu,https://doi.org/10.1021/ic500208h,,,8,593.0
886,CsK2Gd0.1V2O8Eu0.9,CsK2Gd0.1V2O8,Eu,https://doi.org/10.1021/ic500208h,,,1,593.0
887,CsK2V2O8Eu1,CsK2V2O8,Eu,https://doi.org/10.1021/ic500208h,,,6,593.0
888,Rb3LuV2O8Eu0.02,Rb3LuV2O8,Eu,https://doi.org/10.1021/acs.inorgchem.0c00015,mp-1209398,,4,619.0
889,Rb3LuV2O8Eu0.05,Rb3LuV2O8,Eu,https://doi.org/10.1021/acs.inorgchem.0c00015,mp-1209398,,2,619.0
890,Rb3LuV2O8Eu0.08,Rb3LuV2O8,Eu,https://doi.org/10.1021/acs.inorgchem.0c00015,mp-1209398,,8,619.0
891,Rb3LuV2O8Eu0.1,Rb3LuV2O8,Eu,https://doi.org/10.1021/acs.inorgchem.0c00015,mp-1209398,,2,619.0
892,Rb3LuV2O8Eu0.15,Rb3LuV2O8,Eu,https://doi.org/10.1021/acs.inorgchem.0c00015,mp-1209398,,4,619.0
893,Rb3LuV2O8Eu0.2,Rb3LuV2O8,Eu,https://doi.org/10.1021/acs.inorgchem.0c00015,mp-1209398,,3,619.0
894,Sr1.95VO4ClEu0.05,Sr1.95VO4Cl,Eu,https://doi.org/10.1039/C3RA42724B,mp-558952, icsd-73946,8,612.0
895,Sr4.95V3O12ClEu0.05,Sr4.95V3O12Cl,Eu,https://doi.org/10.1039/C3RA42724B,mp-556224, icsd-184835 icsd-171381 icsd-184833 icsd-184834,9,612.0
896,Sr4.9V3O12ClNa0.05Eu0.05,Sr4.9V3O12ClNa0.05,Eu,https://doi.org/10.1039/C3RA42724B,mp-556224, icsd-184835 icsd-171381 icsd-184833 icsd-184834,9,612.0
897,Ca2Lu0.8TaO6Eu0.2,Ca2Lu0.8TaO6,Eu,https://doi.org/10.1016/j.jallcom.2019.06.260,,,6,616.0
898,Ca2Lu0.7TaO6Eu0.3,Ca2Lu0.7TaO6,Eu,https://doi.org/10.1016/j.jallcom.2019.06.260,,,6,616.0
899,Ca2Lu0.6TaO6Eu0.4,Ca2Lu0.6TaO6,Eu,https://doi.org/10.1016/j.jallcom.2019.06.260,,,7,616.0
900,Ca2Lu0.5TaO6Eu0.5,Ca2Lu0.5TaO6,Eu,https://doi.org/10.1016/j.jallcom.2019.06.260,,,1,616.0
901,Ca2Lu0.4TaO6Eu0.6,Ca2Lu0.4TaO6,Eu,https://doi.org/10.1016/j.jallcom.2019.06.260,,,6,616.0
902,Ca2Lu0.3TaO6Eu0.7,Ca2Lu0.3TaO6,Eu,https://doi.org/10.1016/j.jallcom.2019.06.260,,,9,616.0
903,Ca2Lu0.2TaO6Eu0.8,Ca2Lu0.2TaO6,Eu,https://doi.org/10.1016/j.jallcom.2019.06.260,,,4,616.0
904,SrBi2Ta2O9Eu0.01,SrBi2Ta2O9,Eu,https://doi.org/10.1016/j.jlumin.2019.03.057,"mp-23089,mp-559951,mp-554675,mp-556569", icsd-95918 icsd-167947 icsd-155725 icsd-97064 icsd-92057 icsd-157794 icsd-87722 icsd-89014 icsd-158292 icsd-92958 icsd-93605 icsd-97041,5,615.0
905,SrBi2Ta2O9Eu0.02,SrBi2Ta2O9,Eu,https://doi.org/10.1016/j.jlumin.2019.03.057,"mp-23089,mp-559951,mp-554675,mp-556569", icsd-95918 icsd-167947 icsd-155725 icsd-97064 icsd-92057 icsd-157794 icsd-87722 icsd-89014 icsd-158292 icsd-92958 icsd-93605 icsd-97041,5,615.0
906,SrBi2Ta2O9Eu0.04,SrBi2Ta2O9,Eu,https://doi.org/10.1016/j.jlumin.2019.03.057,"mp-23089,mp-559951,mp-554675,mp-556569", icsd-95918 icsd-167947 icsd-155725 icsd-97064 icsd-92057 icsd-157794 icsd-87722 icsd-89014 icsd-158292 icsd-92958 icsd-93605 icsd-97041,2,615.0
907,SrBi2Ta2O9Eu0.1,SrBi2Ta2O9,Eu,https://doi.org/10.1016/j.jlumin.2019.03.057,"mp-23089,mp-559951,mp-554675,mp-556569", icsd-95918 icsd-167947 icsd-155725 icsd-97064 icsd-92057 icsd-157794 icsd-87722 icsd-89014 icsd-158292 icsd-92958 icsd-93605 icsd-97041,3,615.0
908,SrBi2Ta2O9Eu0.2,SrBi2Ta2O9,Eu,https://doi.org/10.1016/j.jlumin.2019.03.057,"mp-23089,mp-559951,mp-554675,mp-556569", icsd-95918 icsd-167947 icsd-155725 icsd-97064 icsd-92057 icsd-157794 icsd-87722 icsd-89014 icsd-158292 icsd-92958 icsd-93605 icsd-97041,7,615.0
909,SrBi2Ta2O9Eu0.3,SrBi2Ta2O9,Eu,https://doi.org/10.1016/j.jlumin.2019.03.057,"mp-23089,mp-559951,mp-554675,mp-556569", icsd-95918 icsd-167947 icsd-155725 icsd-97064 icsd-92057 icsd-157794 icsd-87722 icsd-89014 icsd-158292 icsd-92958 icsd-93605 icsd-97041,5,615.0
910,SrBi2Ta2O9Eu0.4,SrBi2Ta2O9,Eu,https://doi.org/10.1016/j.jlumin.2019.03.057,"mp-23089,mp-559951,mp-554675,mp-556569", icsd-95918 icsd-167947 icsd-155725 icsd-97064 icsd-92057 icsd-157794 icsd-87722 icsd-89014 icsd-158292 icsd-92958 icsd-93605 icsd-97041,6,615.0
911,SrBi2Ta2O9Eu0.6,SrBi2Ta2O9,Eu,https://doi.org/10.1016/j.jlumin.2019.03.057,"mp-23089,mp-559951,mp-554675,mp-556569", icsd-95918 icsd-167947 icsd-155725 icsd-97064 icsd-92057 icsd-157794 icsd-87722 icsd-89014 icsd-158292 icsd-92958 icsd-93605 icsd-97041,9,615.0
912,BaGd0.99B9O16Eu0.01,BaGd0.99B9O16,Eu,https://doi.org/10.1016/S1002-0721(14)60394-X,,,8,614.0
913,BaGd0.91La0.08B9O16Eu0.01,BaGd0.91La0.08B9O16,Eu,https://doi.org/10.1016/S1002-0721(14)60394-X,,,3,614.0
914,BaGd0.91Y0.08B9O16Eu0.01,BaGd0.91Y0.08B9O16,Eu,https://doi.org/10.1016/S1002-0721(14)60394-X,,,5,614.0
915,SrBi1.96TeO7Eu0.02,SrBi1.96TeO7,Eu,https://doi.org/10.1016/j.materresbull.2017.08.002,,,3,613.0
916,SrBi1.7TeO7Eu0.15,SrBi1.7TeO7,Eu,https://doi.org/10.1016/j.materresbull.2017.08.002,,,1,613.0
917,SrBi1.4TeO7Eu0.3,SrBi1.4TeO7,Eu,https://doi.org/10.1016/j.materresbull.2017.08.002,,,6,613.0
918,SrBi1.4TeO7Eu0.3,SrBi1.4TeO7,Eu,https://doi.org/10.1016/j.materresbull.2017.08.002,,,7,613.0
919,Li6CaLa2Ta2O12Eu0.5,Li6CaLa2Ta2O12,Eu,https://doi.org/10.1016/j.ceramint.2014.06.069,,,8,608.0
920,Li6CaLa2Sb2O12Eu0.4,Li6CaLa2Sb2O12,Eu,https://doi.org/10.1016/j.ceramint.2014.06.069,,,9,611.0
921,Ca0.85LaGa3S7Eu0.15,Ca0.85LaGa3S7,Eu,https://doi.org/10.1016/j.jlumin.2012.05.004,,,5,554.0
922,Ca0.85LaGa3S7Eu0.15,Ca0.85LaGa3S7,Eu,https://doi.org/10.1016/j.jlumin.2012.05.004,,,6,554.0
923,Ca0.85LaGa3S7Eu0.15,Ca0.85LaGa3S7,Eu,https://doi.org/10.1016/j.jlumin.2012.05.004,,,3,554.0
924,La1.95Zr2O7Eu0.05,La1.95Zr2O7,Eu,https://doi.org/10.1016/j.dyepig.2018.04.045,"mp-4974,mp-674999,mp-557453", icsd-248878 icsd-154752 icsd-153814 icsd-15165 icsd-51573 icsd-150206 icsd-153222 icsd-159321 icsd-184099 icsd-184100 icsd-173795 icsd-184096 icsd-184093 icsd-184102 icsd-184091 icsd-184089 icsd-184095 icsd-184090 icsd-184098 icsd-184097 icsd-184092 icsd-184094 icsd-184101,7,586.0
925,La1.95Zr2O7Eu0.05,La1.95Zr2O7,Eu,https://doi.org/10.1016/j.dyepig.2018.04.045,"mp-4974,mp-674999,mp-557453", icsd-248878 icsd-154752 icsd-153814 icsd-15165 icsd-51573 icsd-150206 icsd-153222 icsd-159321 icsd-184099 icsd-184100 icsd-173795 icsd-184096 icsd-184093 icsd-184102 icsd-184091 icsd-184089 icsd-184095 icsd-184090 icsd-184098 icsd-184097 icsd-184092 icsd-184094 icsd-184101,2,586.0
926,La1.95Zr2O7Eu0.05,La1.95Zr2O7,Eu,https://doi.org/10.1016/j.dyepig.2018.04.045,"mp-4974,mp-674999,mp-557453", icsd-248878 icsd-154752 icsd-153814 icsd-15165 icsd-51573 icsd-150206 icsd-153222 icsd-159321 icsd-184099 icsd-184100 icsd-173795 icsd-184096 icsd-184093 icsd-184102 icsd-184091 icsd-184089 icsd-184095 icsd-184090 icsd-184098 icsd-184097 icsd-184092 icsd-184094 icsd-184101,3,586.0
927,La1.95Zr2O7Eu0.05,La1.95Zr2O7,Eu,https://doi.org/10.1016/j.dyepig.2018.04.045,"mp-4974,mp-674999,mp-557453", icsd-248878 icsd-154752 icsd-153814 icsd-15165 icsd-51573 icsd-150206 icsd-153222 icsd-159321 icsd-184099 icsd-184100 icsd-173795 icsd-184096 icsd-184093 icsd-184102 icsd-184091 icsd-184089 icsd-184095 icsd-184090 icsd-184098 icsd-184097 icsd-184092 icsd-184094 icsd-184101,4,586.0
928,La1.95Zr2O7Eu0.05,La1.95Zr2O7,Eu,https://doi.org/10.1016/j.dyepig.2018.04.045,"mp-4974,mp-674999,mp-557453", icsd-248878 icsd-154752 icsd-153814 icsd-15165 icsd-51573 icsd-150206 icsd-153222 icsd-159321 icsd-184099 icsd-184100 icsd-173795 icsd-184096 icsd-184093 icsd-184102 icsd-184091 icsd-184089 icsd-184095 icsd-184090 icsd-184098 icsd-184097 icsd-184092 icsd-184094 icsd-184101,8,586.0
929,La1.95Zr2O7Eu0.05,La1.95Zr2O7,Eu,https://doi.org/10.1016/j.dyepig.2018.04.045,"mp-4974,mp-674999,mp-557453", icsd-248878 icsd-154752 icsd-153814 icsd-15165 icsd-51573 icsd-150206 icsd-153222 icsd-159321 icsd-184099 icsd-184100 icsd-173795 icsd-184096 icsd-184093 icsd-184102 icsd-184091 icsd-184089 icsd-184095 icsd-184090 icsd-184098 icsd-184097 icsd-184092 icsd-184094 icsd-184101,2,586.0
930,La1.95Zr2O7Eu0.05,La1.95Zr2O7,Eu,https://doi.org/10.1016/j.dyepig.2018.04.045,"mp-4974,mp-674999,mp-557453", icsd-248878 icsd-154752 icsd-153814 icsd-15165 icsd-51573 icsd-150206 icsd-153222 icsd-159321 icsd-184099 icsd-184100 icsd-173795 icsd-184096 icsd-184093 icsd-184102 icsd-184091 icsd-184089 icsd-184095 icsd-184090 icsd-184098 icsd-184097 icsd-184092 icsd-184094 icsd-184101,3,586.0
931,Gd2.9Zn2Nb3O14Eu0.1,Gd2.9Zn2Nb3O14,Eu,https://doi.org/10.1016/j.jallcom.2018.04.135,,,4,613.0
932,Gd2.8Zn2Nb3O14Eu0.2,Gd2.8Zn2Nb3O14,Eu,https://doi.org/10.1016/j.jallcom.2018.04.135,,,3,613.0
933,Gd2.7Zn2Nb3O14Eu0.3,Gd2.7Zn2Nb3O14,Eu,https://doi.org/10.1016/j.jallcom.2018.04.135,,,8,613.0
934,Gd2.6Zn2Nb3O14Eu0.4,Gd2.6Zn2Nb3O14,Eu,https://doi.org/10.1016/j.jallcom.2018.04.135,,,8,613.0
935,Gd2.5Zn2Nb3O14Eu0.5,Gd2.5Zn2Nb3O14,Eu,https://doi.org/10.1016/j.jallcom.2018.04.135,,,9,613.0
936,Na3Ga0.95F6Eu0.05,Na3Ga0.95F6,Eu,https://doi.org/10.1016/j.jlumin.2018.06.080,mp-1114330,,6,595.0
937,Na3Ga0.93F6Eu0.07,Na3Ga0.93F6,Eu,https://doi.org/10.1016/j.jlumin.2018.06.080,mp-1114330,,2,595.0
938,Na1.98Ca1.98Nb4O13Eu0.02,Na1.98Ca1.98Nb4O13,Eu,https://doi.org/10.1016/j.jlumin.2018.12.064,,,6,613.0
939,Na1.96Ca1.96Nb4O13Eu0.04,Na1.96Ca1.96Nb4O13,Eu,https://doi.org/10.1016/j.jlumin.2018.12.064,,,5,613.0
940,Na1.94Ca1.94Nb4O13Eu0.06,Na1.94Ca1.94Nb4O13,Eu,https://doi.org/10.1016/j.jlumin.2018.12.064,,,2,613.0
941,Na1.92Ca1.92Nb4O13Eu0.08,Na1.92Ca1.92Nb4O13,Eu,https://doi.org/10.1016/j.jlumin.2018.12.064,,,4,613.0
942,Na1.9Ca1.9Nb4O13Eu0.1,Na1.9Ca1.9Nb4O13,Eu,https://doi.org/10.1016/j.jlumin.2018.12.064,,,1,613.0
943,Na1.88Ca1.88Nb4O13Eu0.12,Na1.88Ca1.88Nb4O13,Eu,https://doi.org/10.1016/j.jlumin.2018.12.064,,,5,613.0
944,Ca0.96ZnOSEu0.04,Ca0.96ZnOS,Eu,https://doi.org/10.1364/OE.18.008187,mp-7204, icsd-245309,2,650.0
945,CaLaGa3S6OCe0.1,CaLaGa3S6O,Ce,https://doi.org/10.1016/j.cplett.2008.01.039,mp-1227181,,8,442.0
946,CaLaGa3S6OCe0.1,CaLaGa3S6O,Ce,https://doi.org/10.1016/j.cplett.2008.01.039,mp-1227181,,6,442.0
947,Ba1.99ZnS3Eu0.01,Ba1.99ZnS3,Eu,https://doi.org/10.1016/j.jcrysgro.2008.09.044,"mp-5587,mp-1190623", icsd-653999 icsd-25554 icsd-262215,8,660.0
948,Ba1.79Sr0.2ZnS3Eu0.01,Ba1.79Sr0.2ZnS3,Eu,https://doi.org/10.1016/j.jcrysgro.2008.09.044,"mp-5587,mp-1190623", icsd-653999 icsd-25554 icsd-262215,2,660.0
949,Ba1.59Sr0.4ZnS3Eu0.01,Ba1.59Sr0.4ZnS3,Eu,https://doi.org/10.1016/j.jcrysgro.2008.09.044,"mp-5587,mp-1190623", icsd-653999 icsd-25554 icsd-262215,3,660.0
950,Ba1.39Sr0.6ZnS3Eu0.01,Ba1.39Sr0.6ZnS3,Eu,https://doi.org/10.1016/j.jcrysgro.2008.09.044,"mp-5587,mp-1190623", icsd-653999 icsd-25554 icsd-262215,6,660.0
951,Ba1.29Sr0.7ZnS3Eu0.01,Ba1.29Sr0.7ZnS3,Eu,https://doi.org/10.1016/j.jcrysgro.2008.09.044,"mp-5587,mp-1190623", icsd-653999 icsd-25554 icsd-262215,5,660.0
952,Bi3.95Ti3O12Er0.05,Bi3.95Ti3O12,Er,https://doi.org/10.1016/j.ceramint.2015.01.062,"mp-723064,mp-23427,mp-558277,mp-622198,mp-1179025,mp-23335", icsd-70000 icsd-59796 icsd-159930 icsd-151452 icsd-163544 icsd-87809 icsd-87808 icsd-240210 icsd-87810 icsd-159929 icsd-237194 icsd-151886 icsd-16488 icsd-195919 icsd-195916 icsd-87811 icsd-24735 icsd-195918 icsd-195917,2,550.0
953,Bi3.9Ti3O12Er0.1,Bi3.9Ti3O12,Er,https://doi.org/10.1016/j.ceramint.2015.01.062,"mp-723064,mp-23427,mp-558277,mp-622198,mp-1179025,mp-23335", icsd-70000 icsd-59796 icsd-159930 icsd-151452 icsd-163544 icsd-87809 icsd-87808 icsd-240210 icsd-87810 icsd-159929 icsd-237194 icsd-151886 icsd-16488 icsd-195919 icsd-195916 icsd-87811 icsd-24735 icsd-195918 icsd-195917,8,550.0
954,Bi3.8Ti3O12Er0.2,Bi3.8Ti3O12,Er,https://doi.org/10.1016/j.ceramint.2015.01.062,"mp-723064,mp-23427,mp-558277,mp-622198,mp-1179025,mp-23335", icsd-70000 icsd-59796 icsd-159930 icsd-151452 icsd-163544 icsd-87809 icsd-87808 icsd-240210 icsd-87810 icsd-159929 icsd-237194 icsd-151886 icsd-16488 icsd-195919 icsd-195916 icsd-87811 icsd-24735 icsd-195918 icsd-195917,9,550.0
955,Bi3.7Ti3O12Er0.3,Bi3.7Ti3O12,Er,https://doi.org/10.1016/j.ceramint.2015.01.062,"mp-723064,mp-23427,mp-558277,mp-622198,mp-1179025,mp-23335", icsd-70000 icsd-59796 icsd-159930 icsd-151452 icsd-163544 icsd-87809 icsd-87808 icsd-240210 icsd-87810 icsd-159929 icsd-237194 icsd-151886 icsd-16488 icsd-195919 icsd-195916 icsd-87811 icsd-24735 icsd-195918 icsd-195917,10,550.0
956,Bi3TiNbO9Eu0.003,Bi3TiNbO9,Eu,https://doi.org/10.1016/j.matchemphys.2009.04.005,"mp-1216863,mp-1216832,mp-1216974",,10,616.0
957,Bi3TiNbO9Eu0.035,Bi3TiNbO9,Eu,https://doi.org/10.1016/j.matchemphys.2009.04.005,"mp-1216863,mp-1216832,mp-1216974",,9,616.0
958,Bi3TiNbO9Eu0.05,Bi3TiNbO9,Eu,https://doi.org/10.1016/j.matchemphys.2009.04.005,"mp-1216863,mp-1216832,mp-1216974",,7,616.0
959,CaBi2Ta2O9Sm0.07,CaBi2Ta2O9,Sm,https://doi.org/10.1016/j.optcom.2014.03.072,"mp-556697,mvc-16422,mp-556848", icsd-92056 icsd-20667,9,602.0
960,CaBi2Ta2O9Tb0.15,CaBi2Ta2O9,Tb,https://doi.org/10.1016/j.optcom.2014.03.072,"mp-556697,mvc-16422,mp-556848", icsd-92056 icsd-20667,10,544.0
961,CaBi2Ta2O9Tm0.1,CaBi2Ta2O9,Tm,https://doi.org/10.1016/j.optcom.2014.03.072,"mp-556697,mvc-16422,mp-556848", icsd-92056 icsd-20667,4,458.0
962,Bi2MoO6Eu0.01,Bi2MoO6,Eu,https://doi.org/10.1039/C5RA03913D,"mp-23064,mp-23423,mp-555748,mp-555658", icsd-14266 icsd-47139 icsd-201685 icsd-92326 icsd-78179 icsd-17070 icsd-37251,4,613.0
963,Bi2MoO6Eu0.05,Bi2MoO6,Eu,https://doi.org/10.1039/C5RA03913D,"mp-23064,mp-23423,mp-555748,mp-555658", icsd-14266 icsd-47139 icsd-201685 icsd-92326 icsd-78179 icsd-17070 icsd-37251,3,613.0
964,Bi2MoO6Eu0.1,Bi2MoO6,Eu,https://doi.org/10.1039/C5RA03913D,"mp-23064,mp-23423,mp-555748,mp-555658", icsd-14266 icsd-47139 icsd-201685 icsd-92326 icsd-78179 icsd-17070 icsd-37251,2,613.0
965,Bi2MoO6Eu0.15,Bi2MoO6,Eu,https://doi.org/10.1039/C5RA03913D,"mp-23064,mp-23423,mp-555748,mp-555658", icsd-14266 icsd-47139 icsd-201685 icsd-92326 icsd-78179 icsd-17070 icsd-37251,3,613.0
966,Bi2MoO6Eu0.2,Bi2MoO6,Eu,https://doi.org/10.1039/C5RA03913D,"mp-23064,mp-23423,mp-555748,mp-555658", icsd-14266 icsd-47139 icsd-201685 icsd-92326 icsd-78179 icsd-17070 icsd-37251,5,613.0
967,SrMoO4Eu0.05,SrMoO4,Eu,https://doi.org/10.1016/j.materresbull.2010.12.016,mp-18834, icsd-193794 icsd-250491 icsd-23700 icsd-28025 icsd-194080 icsd-173125 icsd-173120 icsd-245803 icsd-245802 icsd-173122 icsd-239418 icsd-248458 icsd-99089 icsd-194081,8,617.0
968,SrMoO4Tb0.05,SrMoO4,Tb,https://doi.org/10.1016/j.materresbull.2010.12.016,mp-18834, icsd-193794 icsd-250491 icsd-23700 icsd-28025 icsd-194080 icsd-173125 icsd-173120 icsd-245803 icsd-245802 icsd-173122 icsd-239418 icsd-248458 icsd-99089 icsd-194081,6,544.0
969,SrMoO4Dy0.03,SrMoO4,Dy,https://doi.org/10.1016/j.materresbull.2010.12.016,mp-18834, icsd-193794 icsd-250491 icsd-23700 icsd-28025 icsd-194080 icsd-173125 icsd-173120 icsd-245803 icsd-245802 icsd-173122 icsd-239418 icsd-248458 icsd-99089 icsd-194081,8,573.0
970,NaGdW2O8Eu0.6,NaGdW2O8,Eu,https://doi.org/10.1016/j.cap.2010.09.002,mp-1192304, icsd-408189,8,615.0
971,La2W3O12Eu0.05,La2W3O12,Eu,https://doi.org/10.1016/S0022-4596(02)00221-9,mp-16808, icsd-193382 icsd-78180,9,535.0
972,Gd2W3O12Eu0.05,Gd2W3O12,Eu,https://doi.org/10.1016/S0022-4596(02)00221-9,"mp-778228,mp-778269,mp-773192",,10,615.0
973,Na13Sr1.8Ta2P9O36Eu0.2,Na13Sr1.8Ta2P9O36,Eu,https://doi.org/10.1016/j.jlumin.2019.116976,,,4,614.0
974,Na13Sr1.6Ta2P9O36Li0.2Eu0.2,Na13Sr1.6Ta2P9O36Li0.2,Eu,https://doi.org/10.1016/j.jlumin.2019.116976,,,2,614.0
975,Na13Sr1.6Ta2P9O36Na0.2Eu0.2,Na13Sr1.6Ta2P9O36Na0.2,Eu,https://doi.org/10.1016/j.jlumin.2019.116976,,,10,614.0
976,Na13Sr1.6Ta2P9O36K0.2Eu0.2,Na13Sr1.6Ta2P9O36K0.2,Eu,https://doi.org/10.1016/j.jlumin.2019.116976,,,4,614.0
977,Ca2Al3O6FCe0.08,Ca2Al3O6F,Ce,https://doi.org/10.1021/jp304722z,mp-1227590,,8,413.0
978,Ba3La0.8P3O12Tb0.2,Ba3La0.8P3O12,Tb,https://doi.org/10.1021/acs.inorgchem.7b00737,,,4,540.0
979,Ba3La0.95P3O12Sm0.05,Ba3La0.95P3O12,Sm,https://doi.org/10.1021/acs.inorgchem.7b00737,,,1,593.0
980,BaMg2Si2O7Eu0.01,BaMg2Si2O7,Eu,https://doi.org/10.1021/acs.jpcc.7b12204,mp-1019549, icsd-420258,9,396.0
981,BaMg2Si2O7Eu0.02,BaMg2Si2O7,Eu,https://doi.org/10.1021/acs.jpcc.7b12204,mp-1019549, icsd-420258,2,396.0
982,BaMg2Si2O7Eu0.02,BaMg2Si2O7,Eu,https://doi.org/10.1021/acs.jpcc.7b12204,mp-1019549, icsd-420258,6,396.0
983,BaMg2Si2O7Eu0.03,BaMg2Si2O7,Eu,https://doi.org/10.1021/acs.jpcc.7b12204,mp-1019549, icsd-420258,7,396.0
984,BaMg2Si2O7Eu0.05,BaMg2Si2O7,Eu,https://doi.org/10.1021/acs.jpcc.7b12204,mp-1019549, icsd-420258,6,396.0
985,LiY8.995Si6O26Ce0.005,LiY8.995Si6O26,Ce,https://doi.org/10.1021/acs.inorgchem.6b01656,mp-1222506,,1,366.0
986,LiY8.985Si6O26Ce0.15,LiY8.985Si6O26,Ce,https://doi.org/10.1021/acs.inorgchem.6b01656,mp-1222506,,5,366.0
987,LiY8.5Si6O26Ce0.5,LiY8.5Si6O26,Ce,https://doi.org/10.1021/acs.inorgchem.6b01656,mp-1222506,,5,366.0
988,LiY8.5Si6O26Ce0.5,LiY8.5Si6O26,Ce,https://doi.org/10.1021/acs.inorgchem.6b01656,mp-1222506,,3,366.0
989,LiY8.5Si6O26Ce0.5,LiY8.5Si6O26,Ce,https://doi.org/10.1021/acs.inorgchem.6b01656,mp-1222506,,7,366.0
990,LiY8.5Si6O26Ce0.5,LiY8.5Si6O26,Ce,https://doi.org/10.1021/acs.inorgchem.6b01656,mp-1222506,,3,366.0
991,LiY8.5Si6O26Ce0.5,LiY8.5Si6O26,Ce,https://doi.org/10.1021/acs.inorgchem.6b01656,mp-1222506,,9,366.0
992,LiY8Si6O26Ce1,LiY8Si6O26,Ce,https://doi.org/10.1021/acs.inorgchem.6b01656,mp-1222506,,9,400.0
993,LiY7Si6O26Ce2,LiY7Si6O26,Ce,https://doi.org/10.1021/acs.inorgchem.6b01656,mp-1222506,,1,468.0
994,LiY6Si6O26Ce3,LiY6Si6O26,Ce,https://doi.org/10.1021/acs.inorgchem.6b01656,mp-1222506,,3,468.0
995,Sr1.97Sb2O7Bi0.03,Sr1.97Sb2O7,Bi,https://doi.org/10.1021/acssuschemeng.1c01396,mp-4103, icsd-77062 icsd-62960,10,496.0
996,Sr1.773Ca0.197Sb2O7Bi0.03,Sr1.773Ca0.197Sb2O7,Bi,https://doi.org/10.1021/acssuschemeng.1c01396,mp-4103, icsd-77062 icsd-62960,9,496.0
997,Sr1.576Ca0.394Sb2O7Bi0.03,Sr1.576Ca0.394Sb2O7,Bi,https://doi.org/10.1021/acssuschemeng.1c01396,mp-4103, icsd-77062 icsd-62960,5,496.0
998,Sr1.182Ca0.788Sb2O7Bi0.03,Sr1.182Ca0.788Sb2O7,Bi,https://doi.org/10.1021/acssuschemeng.1c01396,mp-4103, icsd-77062 icsd-62960,3,496.0
999,Sr0.788Ca1.182Sb2O7Bi0.03,Sr0.788Ca1.182Sb2O7,Bi,https://doi.org/10.1021/acssuschemeng.1c01396,mp-4103, icsd-77062 icsd-62960,2,437.0
1000,Sr0.394Ca1.576Sb2O7Bi0.03,Sr0.394Ca1.576Sb2O7,Bi,https://doi.org/10.1021/acssuschemeng.1c01396,mp-4103, icsd-77062 icsd-62960,1,437.0
1001,Ca1.97Sb2O7Bi0.03,Ca1.97Sb2O7,Bi,https://doi.org/10.1021/acssuschemeng.1c01396,"mp-16280,mp-1190115,mp-14145", icsd-261535 icsd-77063 icsd-166282 icsd-238545 icsd-24245,4,437.0
1002,Sr2LiScB4O10Ce0.03,Sr2LiScB4O10,Ce,https://doi.org/10.1021/acs.inorgchem.9b00639,mp-8796, icsd-68429,9,385.0
1003,BaMgSi4O10Eu0.04,BaMgSi4O10,Eu,https://doi.org/10.1021/acs.inorgchem.0c01803,,,9,464.0
1004,BaMgSi4O10Mn0.08,BaMgSi4O10,Mn,https://doi.org/10.1021/acs.inorgchem.0c01803,,,1,537.0
1005,Ga1.97O3Cr0.03,Ga1.97O3,Cr,https://doi.org/10.1021/acsami.1c05949,"mp-886,mp-1243,mp-1244900,mp-1245167,mp-1244938,mp-1245018,mp-1244932,mp-685090,mp-13134", icsd-603563 icsd-184327 icsd-166198 icsd-34243 icsd-83645 icsd-33644 icsd-635016 icsd-166199 icsd-27431 icsd-162252,3,713.0
1006,Ga1.87In0.1O3Cr0.03,Ga1.87In0.1O3,Cr,https://doi.org/10.1021/acsami.1c05949,"mp-886,mp-1243,mp-1244900,mp-1245167,mp-1244938,mp-1245018,mp-1244932,mp-685090,mp-13134", icsd-603563 icsd-184327 icsd-166198 icsd-34243 icsd-83645 icsd-33644 icsd-635016 icsd-166199 icsd-27431 icsd-162252,6,760.0
1007,Ga1.77In0.2O3Cr0.03,Ga1.77In0.2O3,Cr,https://doi.org/10.1021/acsami.1c05949,"mp-886,mp-1243,mp-1244900,mp-1245167,mp-1244938,mp-1245018,mp-1244932,mp-685090,mp-13134", icsd-603563 icsd-184327 icsd-166198 icsd-34243 icsd-83645 icsd-33644 icsd-635016 icsd-166199 icsd-27431 icsd-162252,6,780.0
1008,Ga1.67In0.3O3Cr0.03,Ga1.67In0.3O3,Cr,https://doi.org/10.1021/acsami.1c05949,"mp-886,mp-1243,mp-1244900,mp-1245167,mp-1244938,mp-1245018,mp-1244932,mp-685090,mp-13134", icsd-603563 icsd-184327 icsd-166198 icsd-34243 icsd-83645 icsd-33644 icsd-635016 icsd-166199 icsd-27431 icsd-162252,9,795.0
1009,Ga1.57In0.4O3Cr0.03,Ga1.57In0.4O3,Cr,https://doi.org/10.1021/acsami.1c05949,"mp-886,mp-1243,mp-1244900,mp-1245167,mp-1244938,mp-1245018,mp-1244932,mp-685090,mp-13134", icsd-603563 icsd-184327 icsd-166198 icsd-34243 icsd-83645 icsd-33644 icsd-635016 icsd-166199 icsd-27431 icsd-162252,5,815.0
1010,Ga1.47In0.5O3Cr0.03,Ga1.47In0.5O3,Cr,https://doi.org/10.1021/acsami.1c05949,"mp-886,mp-1243,mp-1244900,mp-1245167,mp-1244938,mp-1245018,mp-1244932,mp-685090,mp-13134", icsd-603563 icsd-184327 icsd-166198 icsd-34243 icsd-83645 icsd-33644 icsd-635016 icsd-166199 icsd-27431 icsd-162252,2,820.0
1011,Ba2Y5B5O17Ce0.25,Ba2Y5B5O17,Ce,https://doi.org/10.1021/acs.chemmater.7b01416,,,9,457.0
1012,Ba2Y3.75Lu1.25B5O17Ce0.25,Ba2Y3.75Lu1.25B5O17,Ce,https://doi.org/10.1021/acs.chemmater.7b01416,,,9,458.0
1013,Ba2Y2.5Lu2.5B5O17Ce0.25,Ba2Y2.5Lu2.5B5O17,Ce,https://doi.org/10.1021/acs.chemmater.7b01416,,,6,452.0
1014,Ba2Y1.25Lu3.75B5O17Ce0.25,Ba2Y1.25Lu3.75B5O17,Ce,https://doi.org/10.1021/acs.chemmater.7b01416,,,3,450.0
1015,Ba2Lu5B5O17Ce0.25,Ba2Lu5B5O17,Ce,https://doi.org/10.1021/acs.chemmater.7b01416,,,9,447.0
1016,NaLa3.6Mo3O15FEu0.1,NaLa3.6Mo3O15F,Eu,https://doi.org/10.1364/OME.4.000190,,,10,615.0
1017,NaLa3.2Mo3O15FEu0.2,NaLa3.2Mo3O15F,Eu,https://doi.org/10.1364/OME.4.000190,,,3,615.0
1018,NaLa2.8Mo3O15FEu0.3,NaLa2.8Mo3O15F,Eu,https://doi.org/10.1364/OME.4.000190,,,2,615.0
1019,NaLa2.4Mo3O15FEu0.4,NaLa2.4Mo3O15F,Eu,https://doi.org/10.1364/OME.4.000190,,,7,615.0
1020,NaLa2Mo3O15FEu0.5,NaLa2Mo3O15F,Eu,https://doi.org/10.1364/OME.4.000190,,,10,615.0
1021,NaLa1.6Mo3O15FEu0.6,NaLa1.6Mo3O15F,Eu,https://doi.org/10.1364/OME.4.000190,,,10,615.0
1022,NaLa1.2Mo3O15FEu0.7,NaLa1.2Mo3O15F,Eu,https://doi.org/10.1364/OME.4.000190,,,5,615.0
1023,NaLa0.8Mo3O15FEu0.8,NaLa0.8Mo3O15F,Eu,https://doi.org/10.1364/OME.4.000190,,,1,615.0
1024,NaLa0.4Mo3O15FEu0.9,NaLa0.4Mo3O15F,Eu,https://doi.org/10.1364/OME.4.000190,,,8,615.0
1025,NaMo3O15FEu1,NaMo3O15F,Eu,https://doi.org/10.1364/OME.4.000190,,,1,615.0
1026,Gd6MoO12Eu0.25,Gd6MoO12,Eu,https://doi.org/10.1007/s11051-013-1940-7,,,7,613.0
1027,Gd6MoO12Eu0.25,Gd6MoO12,Eu,https://doi.org/10.1007/s11051-013-1940-7,,,4,613.0
1028,Gd6MoO12Eu0.25,Gd6MoO12,Eu,https://doi.org/10.1007/s11051-013-1940-7,,,10,613.0
1029,Ca2PO4ClEu0.11,Ca2PO4Cl,Eu,https://doi.org/10.1039/B920610H,mp-554081, icsd-15316,3,454.0
1030,Y3Al5O12Ce0.06,Y3Al5O12,Ce,https://doi.org/10.1063/1.2367657,mp-3050, icsd-67102 icsd-236589 icsd-280104 icsd-41144 icsd-74607 icsd-41145 icsd-67103 icsd-170157 icsd-20090 icsd-93635 icsd-16825 icsd-170158 icsd-31496 icsd-23848 icsd-93634,7,560.0
1031,BaBeSiO4Eu0.01,BaBeSiO4,Eu,https://doi.org/10.1364/OME.6.000416,mp-550751, icsd-86792,7,460.0
1032,BaBeSiO4Eu0.02,BaBeSiO4,Eu,https://doi.org/10.1364/OME.6.000416,mp-550751, icsd-86792,8,460.0
1033,BaBeSiO4Eu0.03,BaBeSiO4,Eu,https://doi.org/10.1364/OME.6.000416,mp-550751, icsd-86792,1,460.0
1034,BaBeSiO4Eu0.05,BaBeSiO4,Eu,https://doi.org/10.1364/OME.6.000416,mp-550751, icsd-86792,1,460.0
1035,BaBeSiO4Eu0.07,BaBeSiO4,Eu,https://doi.org/10.1364/OME.6.000416,mp-550751, icsd-86792,8,460.0
1036,BaBeSiO4Eu0.1,BaBeSiO4,Eu,https://doi.org/10.1364/OME.6.000416,mp-550751, icsd-86792,3,460.0
1037,Ca9LaP7O28Eu0.005,Ca9LaP7O28,Eu,https://doi.org/10.1364/OE.18.005089,,,3,502.0
1038,Ba0.99YSi2Al2O2N5Eu0.01,Ba0.99YSi2Al2O2N5,Eu,https://doi.org/10.1039/C0JM03573D,,,10,510.0
1039,Ba0.98YSi2Al2O2N5Eu0.02,Ba0.98YSi2Al2O2N5,Eu,https://doi.org/10.1039/C0JM03573D,,,9,512.0
1040,Ba0.96YSi2Al2O2N5Eu0.04,Ba0.96YSi2Al2O2N5,Eu,https://doi.org/10.1039/C0JM03573D,,,5,515.0
1041,Ba0.92YSi2Al2O2N5Eu0.08,Ba0.92YSi2Al2O2N5,Eu,https://doi.org/10.1039/C0JM03573D,,,4,519.0
1042,Ba0.88YSi2Al2O2N5Eu0.12,Ba0.88YSi2Al2O2N5,Eu,https://doi.org/10.1039/C0JM03573D,,,8,527.0
1043,Ba0.84YSi2Al2O2N5Eu0.16,Ba0.84YSi2Al2O2N5,Eu,https://doi.org/10.1039/C0JM03573D,,,1,533.0
1044,Ba0.82Sr0.1YSi2Al2O2N5Eu0.08,Ba0.82Sr0.1YSi2Al2O2N5,Eu,https://doi.org/10.1039/C0JM03573D,,,3,528.0
1045,Ba0.72Sr0.2YSi2Al2O2N5Eu0.08,Ba0.72Sr0.2YSi2Al2O2N5,Eu,https://doi.org/10.1039/C0JM03573D,,,9,533.0
1046,Ba0.52Sr0.4YSi2Al2O2N5Eu0.08,Ba0.52Sr0.4YSi2Al2O2N5,Eu,https://doi.org/10.1039/C0JM03573D,,,7,545.0
1047,Ba0.32Sr0.6YSi2Al2O2N5Eu0.08,Ba0.32Sr0.6YSi2Al2O2N5,Eu,https://doi.org/10.1039/C0JM03573D,,,3,550.0
1048,Ba0.12Sr0.8YSi2Al2O2N5Eu0.08,Ba0.12Sr0.8YSi2Al2O2N5,Eu,https://doi.org/10.1039/C0JM03573D,,,8,565.0
1049,Ba0.98La2Si2S8Eu0.02,Ba0.98La2Si2S8,Eu,https://doi.org/10.1021/am505613s,,,7,645.0
1050,Ca0.975Sr0.975SiO4Eu0.05,Ca0.975Sr0.975SiO4,Eu,https://doi.org/10.1016/j.ceramint.2014.12.131,mp-554006, icsd-20544,1,509.0
1051,Sr7.92MgYP7O28Eu0.01,Sr7.92MgYP7O28,Eu,https://doi.org/10.1021/ic200515w,,,10,610.0
1052,Sr7.76MgLaP7O28Eu0.03,Sr7.76MgLaP7O28,Eu,https://doi.org/10.1021/ic200515w,,,6,611.0
1053,Ca0.94Al2Si2O8Eu0.01,Ca0.94Al2Si2O8,Eu,https://doi.org/10.1021/cm050638f,"mp-6532,mp-758658,mp-1227479", icsd-252652 icsd-252654 icsd-252649 icsd-654 icsd-31127 icsd-86319 icsd-34942 icsd-252657 icsd-252653 icsd-252650 icsd-86317 icsd-252655 icsd-252656 icsd-23922 icsd-22023 icsd-252648 icsd-22022 icsd-86318 icsd-252651 icsd-202712,1,425.0
1054,Sr0.99Zn2P2O8Eu0.01,Sr0.99Zn2P2O8,Eu,https://doi.org/10.1063/1.2182026,mp-8810, icsd-68881,1,416.0
1055,SrZn1.96P2O8Mn0.04,SrZn1.96P2O8,Mn,https://doi.org/10.1063/1.2182026,mp-8810, icsd-68881,3,538.0
1056,Ca1.992MgSi2O7Eu0.004,Ca1.992MgSi2O7,Eu,https://doi.org/10.1063/1.2722670,"mp-6094,mp-559083,mp-677780", icsd-94146 icsd-85089 icsd-94142 icsd-160358 icsd-94145 icsd-94140 icsd-92773 icsd-50065 icsd-160352 icsd-50068 icsd-50070 icsd-163285 icsd-160353 icsd-94141 icsd-160355 icsd-160354 icsd-187931 icsd-50067 icsd-160356 icsd-34805 icsd-50071 icsd-100736 icsd-26683 icsd-192373 icsd-94144 icsd-50066 icsd-67691 icsd-39924 icsd-160357 icsd-50069 icsd-163286 icsd-158177 icsd-94143 icsd-85088 icsd-163287,4,528.0
1057,Ca2Mg0.75Si2O7Mn0.25,Ca2Mg0.75Si2O7,Mn,https://doi.org/10.1063/1.2722670,"mp-6094,mp-559083,mp-677780", icsd-94146 icsd-85089 icsd-94142 icsd-160358 icsd-94145 icsd-94140 icsd-92773 icsd-50065 icsd-160352 icsd-50068 icsd-50070 icsd-163285 icsd-160353 icsd-94141 icsd-160355 icsd-160354 icsd-187931 icsd-50067 icsd-160356 icsd-34805 icsd-50071 icsd-100736 icsd-26683 icsd-192373 icsd-94144 icsd-50066 icsd-67691 icsd-39924 icsd-160357 icsd-50069 icsd-163286 icsd-158177 icsd-94143 icsd-85088 icsd-163287,5,602.0
1058,Ca9.9KP7O28Eu0.01,Ca9.9KP7O28,Eu,https://doi.org/10.1149/1.3121531,mp-6813, icsd-91525,5,460.0
1059,Sr3B2O6Ce0.01,Sr3B2O6,Ce,https://doi.org/10.1063/1.2772195,mp-16432, icsd-93395,10,434.0
1060,Sr3B2O6Eu0.01,Sr3B2O6,Eu,https://doi.org/10.1063/1.2772195,mp-16432, icsd-93395,9,574.0
1061,LiBa0.99PO4Eu0.01,LiBa0.99PO4,Eu,https://doi.org/10.1063/1.3673331,,,3,470.0
1062,LiBa0.97PO4Eu0.03,LiBa0.97PO4,Eu,https://doi.org/10.1063/1.3673331,,,9,470.0
1063,LiBa0.95PO4Eu0.05,LiBa0.95PO4,Eu,https://doi.org/10.1063/1.3673331,,,6,470.0
1064,LiBa0.93PO4Eu0.07,LiBa0.93PO4,Eu,https://doi.org/10.1063/1.3673331,,,1,470.0
1065,LiBa0.91PO4Eu0.09,LiBa0.91PO4,Eu,https://doi.org/10.1063/1.3673331,,,8,470.0
1066,LiBa0.9PO5Tb0.1,LiBa0.9PO5,Tb,https://doi.org/10.1063/1.3673331,,,8,545.0
1067,LiBa0.8PO5Tb0.2,LiBa0.8PO5,Tb,https://doi.org/10.1063/1.3673331,,,4,545.0
1068,LiBa0.7PO5Tb0.3,LiBa0.7PO5,Tb,https://doi.org/10.1063/1.3673331,,,3,545.0
1069,LiBa0.6PO5Tb0.4,LiBa0.6PO5,Tb,https://doi.org/10.1063/1.3673331,,,9,545.0
1070,LiBa0.5PO5Tb0.5,LiBa0.5PO5,Tb,https://doi.org/10.1063/1.3673331,,,9,545.0
1071,LiBa0.98PO4Sm0.02,LiBa0.98PO4,Sm,https://doi.org/10.1063/1.3673331,,,3,599.0
1072,LiBa0.96PO4Sm0.04,LiBa0.96PO4,Sm,https://doi.org/10.1063/1.3673331,,,5,599.0
1073,LiBa0.94PO4Sm0.06,LiBa0.94PO4,Sm,https://doi.org/10.1063/1.3673331,,,4,599.0
1074,LiBa0.91PO4Sm0.09,LiBa0.91PO4,Sm,https://doi.org/10.1063/1.3673331,,,7,599.0
1075,LiBa0.88PO4Sm0.12,LiBa0.88PO4,Sm,https://doi.org/10.1063/1.3673331,,,4,599.0
1076,Ca2Y0.995TaO6Eu0.005,Ca2Y0.995TaO6,Eu,https://doi.org/10.1016/j.jre.2020.07.006,,,10,612.0
1077,Ca2Y0.99TaO6Eu0.01,Ca2Y0.99TaO6,Eu,https://doi.org/10.1016/j.jre.2020.07.006,,,9,612.0
1078,Ca2Y0.98TaO6Eu0.02,Ca2Y0.98TaO6,Eu,https://doi.org/10.1016/j.jre.2020.07.006,,,5,612.0
1079,Ca2Y0.95TaO6Eu0.05,Ca2Y0.95TaO6,Eu,https://doi.org/10.1016/j.jre.2020.07.006,,,7,612.0
1080,Ca2Y0.9TaO6Eu0.1,Ca2Y0.9TaO6,Eu,https://doi.org/10.1016/j.jre.2020.07.006,,,2,612.0
1081,Ca2Y0.8TaO6Eu0.2,Ca2Y0.8TaO6,Eu,https://doi.org/10.1016/j.jre.2020.07.006,,,9,612.0
1082,Ca2Y0.7TaO6Eu0.3,Ca2Y0.7TaO6,Eu,https://doi.org/10.1016/j.jre.2020.07.006,,,10,612.0
1083,Ca2Y0.6TaO6Eu0.4,Ca2Y0.6TaO6,Eu,https://doi.org/10.1016/j.jre.2020.07.006,,,1,612.0
1084,Ca2Y0.5TaO6Eu0.5,Ca2Y0.5TaO6,Eu,https://doi.org/10.1016/j.jre.2020.07.006,,,3,612.0
1085,Ca2In0.95SbO6Eu0.05,Ca2In0.95SbO6,Eu,https://doi.org/10.1016/j.jallcom.2020.156249,,,2,616.0
1086,Ca2In0.9SbO6Eu0.1,Ca2In0.9SbO6,Eu,https://doi.org/10.1016/j.jallcom.2020.156249,,,5,616.0
1087,Ca2In0.8SbO6Eu0.2,Ca2In0.8SbO6,Eu,https://doi.org/10.1016/j.jallcom.2020.156249,,,1,616.0
1088,Ca2In0.6SbO6Eu0.4,Ca2In0.6SbO6,Eu,https://doi.org/10.1016/j.jallcom.2020.156249,,,7,616.0
1089,Ca2In0.4SbO6Eu0.6,Ca2In0.4SbO6,Eu,https://doi.org/10.1016/j.jallcom.2020.156249,,,4,616.0
1090,Ca2In0.2SbO6Eu0.8,Ca2In0.2SbO6,Eu,https://doi.org/10.1016/j.jallcom.2020.156249,,,4,616.0
1091,Ca2SbO6Eu1,Ca2SbO6,Eu,https://doi.org/10.1016/j.jallcom.2020.156249,,,4,616.0
1092,Ba2La7.98Ge6O26Eu0.02,Ba2La7.98Ge6O26,Eu,https://doi.org/10.1016/j.jre.2020.10.019,,,9,611.0
1093,Ba2La7.92Ge6O26Eu0.08,Ba2La7.92Ge6O26,Eu,https://doi.org/10.1016/j.jre.2020.10.019,,,8,611.0
1094,Ba2La7.86Ge6O26Eu0.14,Ba2La7.86Ge6O26,Eu,https://doi.org/10.1016/j.jre.2020.10.019,,,5,611.0
1095,Ba3.72Na2W2O11Eu0.07,Ba3.72Na2W2O11,Eu,https://doi.org/10.1016/j.jallcom.2015.09.182,mp-1228581,,10,615.0
1096,Ba3.72Na2W2O11Eu0.07,Ba3.72Na2W2O11,Eu,https://doi.org/10.1016/j.jallcom.2015.09.182,mp-1228581,,7,615.0
1097,Ba3.96Na2W2O11Eu0.01,Ba3.96Na2W2O11,Eu,https://doi.org/10.1016/j.jallcom.2015.09.182,mp-1228581,,8,615.0
1098,Ba3.96Na2W2O11Eu0.01,Ba3.96Na2W2O11,Eu,https://doi.org/10.1016/j.jallcom.2015.09.182,mp-1228581,,8,615.0
1099,Ba3.88Na2W2O11Eu0.03,Ba3.88Na2W2O11,Eu,https://doi.org/10.1016/j.jallcom.2015.09.182,mp-1228581,,9,615.0
1100,Ba3.8Na2W2O11Eu0.05,Ba3.8Na2W2O11,Eu,https://doi.org/10.1016/j.jallcom.2015.09.182,mp-1228581,,2,615.0
1101,Ba3.72Na2W2O11Eu0.07,Ba3.72Na2W2O11,Eu,https://doi.org/10.1016/j.jallcom.2015.09.182,mp-1228581,,7,615.0
1102,Ba3.72Na2W2O11Eu0.07,Ba3.72Na2W2O11,Eu,https://doi.org/10.1016/j.jallcom.2015.09.182,mp-1228581,,2,615.0
1103,Ba3.64Na2W2O11Eu0.09,Ba3.64Na2W2O11,Eu,https://doi.org/10.1016/j.jallcom.2015.09.182,mp-1228581,,2,615.0
1104,Ba3.72Na2W2O11Eu0.07,Ba3.72Na2W2O11,Eu,https://doi.org/10.1016/j.jallcom.2015.09.182,mp-1228581,,5,615.0
1105,Y2O2SEu0.05,Y2O2S,Eu,https://doi.org/10.1016/j.jallcom.2015.09.182,mp-12894, icsd-154582,4,627.0
1106,Y2O2SEu0.05,Y2O2S,Eu,https://doi.org/10.1016/j.jallcom.2015.09.182,mp-12894, icsd-154582,1,627.0
1107,Ba4La5.64Si6O25Eu0.06,Ba4La5.64Si6O25,Eu,https://doi.org/10.1039/C5TC03919C,,,5,613.0
1108,Ca9LaP5O24SiF2Ce0.05,Ca9LaP5O24SiF2,Ce,https://doi.org/10.1016/j.optcom.2014.09.010,,,7,404.0
1109,Ba3La0.99KP3O12FTb0.01,Ba3La0.99KP3O12F,Tb,https://doi.org/10.1016/j.materresbull.2015.12.008,,,9,549.0
1110,Ba3La0.99KP3O12FTb0.01,Ba3La0.99KP3O12F,Tb,https://doi.org/10.1016/j.materresbull.2015.12.008,,,2,549.0
1111,Ba3La0.97KP3O12FTb0.03,Ba3La0.97KP3O12F,Tb,https://doi.org/10.1016/j.materresbull.2015.12.008,,,3,549.0
1112,Ba3La0.95KP3O12FTb0.05,Ba3La0.95KP3O12F,Tb,https://doi.org/10.1016/j.materresbull.2015.12.008,,,5,549.0
1113,Ba3La0.9KP3O12FTb0.1,Ba3La0.9KP3O12F,Tb,https://doi.org/10.1016/j.materresbull.2015.12.008,,,4,549.0
1114,Ba3La0.85KP3O12FTb0.15,Ba3La0.85KP3O12F,Tb,https://doi.org/10.1016/j.materresbull.2015.12.008,,,4,549.0
1115,Ba3La0.8KP3O12FTb0.2,Ba3La0.8KP3O12F,Tb,https://doi.org/10.1016/j.materresbull.2015.12.008,,,9,549.0
1116,Ba3La0.7KP3O12FTb0.3,Ba3La0.7KP3O12F,Tb,https://doi.org/10.1016/j.materresbull.2015.12.008,,,2,549.0
1117,Ba3La0.6KP3O12FTb0.4,Ba3La0.6KP3O12F,Tb,https://doi.org/10.1016/j.materresbull.2015.12.008,,,3,549.0
1118,Ba3La0.6KP3O12FTb0.4,Ba3La0.6KP3O12F,Tb,https://doi.org/10.1016/j.materresbull.2015.12.008,,,6,549.0
1119,Ba3La0.5KP3O12FTb0.5,Ba3La0.5KP3O12F,Tb,https://doi.org/10.1016/j.materresbull.2015.12.008,,,9,549.0
1120,Sr2La7.93Si6O24F2Ce0.07,Sr2La7.93Si6O24F2,Ce,https://doi.org/10.1016/j.jssc.2014.12.017,,,6,415.0
1121,Ba3Sc0.95P3O12Sm0.05,Ba3Sc0.95P3O12,Sm,https://doi.org/10.1016/j.cplett.2016.04.092,,,3,603.0
1122,Ba2.9LaKP3O12FEu0.1,Ba2.9LaKP3O12F,Eu,https://doi.org/10.1016/j.poly.2016.09.001,,,8,460.0
1123,Ca8NaGd0.98P6O24F2Ce0.02,Ca8NaGd0.98P6O24F2,Ce,https://doi.org/10.1016/j.materresbull.2012.11.114,,,9,337.0
1124,La5.95Ba4Si6O24F2Ce0.05,La5.95Ba4Si6O24F2,Ce,https://doi.org/10.1016/j.jlumin.2013.07.035,mp-686674,,5,413.0
1125,Sr3Y0.94P3O12Eu0.06,Sr3Y0.94P3O12,Eu,https://doi.org/10.1016/j.poly.2016.09.001,,,1,613.0
1126,ZnMoO4Eu0.05,ZnMoO4,Eu,https://doi.org/10.1016/S1002-0721(14)60527-5,"mp-16882,mp-1095420", icsd-411378 icsd-17030 icsd-236416 icsd-195515 icsd-236417,9,616.0
1127,Mg0.10Zn0.85MoO4Eu0.05,Mg0.10Zn0.85MoO4,Eu,https://doi.org/10.1016/S1002-0721(14)60527-5,"mp-16882,mp-1095420", icsd-411378 icsd-17030 icsd-236416 icsd-195515 icsd-236417,9,616.0
1128,Mg0.20Zn0.75MoO4Eu0.05,Mg0.20Zn0.75MoO4,Eu,https://doi.org/10.1016/S1002-0721(14)60527-5,"mp-16882,mp-1095420", icsd-411378 icsd-17030 icsd-236416 icsd-195515 icsd-236417,4,616.0
1129,Mg0.30Zn0.65MoO4Eu0.05,Mg0.30Zn0.65MoO4,Eu,https://doi.org/10.1016/S1002-0721(14)60527-5,"mp-16882,mp-1095420", icsd-411378 icsd-17030 icsd-236416 icsd-195515 icsd-236417,10,616.0
1130,Mg0.40Zn0.55MoO4Eu0.05,Mg0.40Zn0.55MoO4,Eu,https://doi.org/10.1016/S1002-0721(14)60527-5,"mp-16882,mp-1095420", icsd-411378 icsd-17030 icsd-236416 icsd-195515 icsd-236417,10,616.0
1131,Ca1.64Gd8Si6O26Mn0.18,Ca1.64Gd8Si6O26,Mn,https://doi.org/10.1039/C1JM11650A,,,3,590.0
1132,Ca1.9Gd7.6Si6O26Ce0.05,Ca1.9Gd7.6Si6O26,Ce,https://doi.org/10.1039/C1JM11650A,,,2,403.0
1133,Ca1.9Gd8Si6O26Ce0.05,Ca1.9Gd8Si6O26,Ce,https://doi.org/10.1039/C1JM11650A,,,2,428.0
1134,Mg2Y8Si6O26Mn0.18,Mg2Y8Si6O26,Mn,https://doi.org/10.1021/jp204824d,,,1,613.0
1135,Mg2Y8Si6O26Ce0.01,Mg2Y8Si6O26,Ce,https://doi.org/10.1021/jp204824d,,,2,425.0
1136,Mg2Y8Si6O26Ce0.01,Mg2Y8Si6O26,Ce,https://doi.org/10.1021/jp204824d,,,10,455.0
1137,Na3Sc1.94P3O12Ce0.03,Na3Sc1.94P3O12,Ce,https://doi.org/10.1016/j.dyepig.2017.12.051,"mp-16956,mp-1221280,mp-555608", icsd-65406 icsd-20740,1,380.0
1138,Ca3Gd0.95Ga3B4O15Ce0.05,Ca3Gd0.95Ga3B4O15,Ce,https://doi.org/10.1016/j.ceramint.2017.12.082,,,4,400.0
1139,NaBi0.9F4Eu0.1,NaBi0.9F4,Eu,https://doi.org/10.1016/j.cej.2017.12.063,,,9,616.0
1140,NaBi0.8F4Eu0.2,NaBi0.8F4,Eu,https://doi.org/10.1016/j.cej.2017.12.063,,,8,616.0
1141,NaBi0.6F4Eu0.4,NaBi0.6F4,Eu,https://doi.org/10.1016/j.cej.2017.12.063,,,9,616.0
1142,NaBi0.4F4Eu0.6,NaBi0.4F4,Eu,https://doi.org/10.1016/j.cej.2017.12.063,,,7,616.0
1143,NaBi0.3F4Eu0.7,NaBi0.3F4,Eu,https://doi.org/10.1016/j.cej.2017.12.063,,,4,616.0
1144,Ba2.97LaNaP3O12FEu0.01,Ba2.97LaNaP3O12F,Eu,https://doi.org/10.1021/ic401033u,,,7,465.0
1145,Na0.95ScSi2O6Eu0.05,Na0.95ScSi2O6,Eu,https://doi.org/10.1021/jp4062225,mp-7074, icsd-74553 icsd-159541,7,533.0
1146,K2Gd0.5PWO8Tb0.5,K2Gd0.5PWO8,Tb,https://doi.org/10.1039/C4TC02406K,,,3,543.0
1147,Na2Y2B2O7Ce0.03,Na2Y2B2O7,Ce,https://doi.org/10.1016/j.jssc.2014.02.002,mp-6331, icsd-191128 icsd-245226 icsd-99206,10,422.0
1148,Na0.34Ca0.66Al1.66Si2.34O8Eu0.07,Na0.34Ca0.66Al1.66Si2.34O8,Eu,https://doi.org/10.1021/ic300956m,,,9,420.0
1149,NaSrBO3Ce0.01,NaSrBO3,Ce,https://doi.org/10.1039/C1JM10765H,mp-556695, icsd-172420 icsd-239003,8,420.0
1150,NaSrBO3Ce0.03,NaSrBO3,Ce,https://doi.org/10.1039/C1JM10765H,mp-556695, icsd-172420 icsd-239003,9,420.0
1151,NaSrBO3Ce0.05,NaSrBO3,Ce,https://doi.org/10.1039/C1JM10765H,mp-556695, icsd-172420 icsd-239003,5,420.0
1152,NaSrBO3Ce0.07,NaSrBO3,Ce,https://doi.org/10.1039/C1JM10765H,mp-556695, icsd-172420 icsd-239003,10,420.0
1153,Ca3La2W1.996O12Mn0.002,Ca3La2W1.996O12,Mn,https://doi.org/10.1016/j.dyepig.2018.01.022,,,10,711.0
1154,Ca3La2W1.992O12Mn0.004,Ca3La2W1.992O12,Mn,https://doi.org/10.1016/j.dyepig.2018.01.022,,,10,711.0
1155,Ca3La2W1.984O12Mn0.008,Ca3La2W1.984O12,Mn,https://doi.org/10.1016/j.dyepig.2018.01.022,,,8,711.0
1156,Ca3La2W1.98O12Mn0.01,Ca3La2W1.98O12,Mn,https://doi.org/10.1016/j.dyepig.2018.01.022,,,8,711.0
1157,Ca3La2W1.976O12Mn0.012,Ca3La2W1.976O12,Mn,https://doi.org/10.1016/j.dyepig.2018.01.022,,,6,711.0
1158,Ca3La2W1.97O12Mn0.015,Ca3La2W1.97O12,Mn,https://doi.org/10.1016/j.dyepig.2018.01.022,,,9,711.0
1159,Ca3La2W1.96O12Mn0.02,Ca3La2W1.96O12,Mn,https://doi.org/10.1016/j.dyepig.2018.01.022,,,5,711.0
1160,Na3Sc2P3O12Dy0.01,Na3Sc2P3O12,Dy,https://doi.org/10.1016/j.dyepig.2018.03.053,"mp-16956,mp-1221280,mp-555608", icsd-65406 icsd-20740,6,575.0
1161,Na3Sc2P3O12Dy0.03,Na3Sc2P3O12,Dy,https://doi.org/10.1016/j.dyepig.2018.03.053,"mp-16956,mp-1221280,mp-555608", icsd-65406 icsd-20740,3,575.0
1162,Na3Sc2P3O12Dy0.05,Na3Sc2P3O12,Dy,https://doi.org/10.1016/j.dyepig.2018.03.053,"mp-16956,mp-1221280,mp-555608", icsd-65406 icsd-20740,10,575.0
1163,Na3Sc2P3O12Dy0.08,Na3Sc2P3O12,Dy,https://doi.org/10.1016/j.dyepig.2018.03.053,"mp-16956,mp-1221280,mp-555608", icsd-65406 icsd-20740,5,575.0
1164,Na3Sc2P3O12Dy0.1,Na3Sc2P3O12,Dy,https://doi.org/10.1016/j.dyepig.2018.03.053,"mp-16956,mp-1221280,mp-555608", icsd-65406 icsd-20740,2,575.0
1165,Na3Sc2P3O12Eu0.1,Na3Sc2P3O12,Eu,https://doi.org/10.1016/j.dyepig.2018.03.053,"mp-16956,mp-1221280,mp-555608", icsd-65406 icsd-20740,5,621.0
1166,Ca0.98Zr4P6O24Dy0.02,Ca0.98Zr4P6O24,Dy,https://doi.org/10.1016/j.saa.2014.07.052,mp-556440, icsd-151683,9,487.0
1167,Ca0.96Zr4P6O24Dy0.04,Ca0.96Zr4P6O24,Dy,https://doi.org/10.1016/j.saa.2014.07.052,mp-556440, icsd-151683,8,487.0
1168,Ca0.94Zr4P6O24Dy0.06,Ca0.94Zr4P6O24,Dy,https://doi.org/10.1016/j.saa.2014.07.052,mp-556440, icsd-151683,7,487.0
1169,Ca0.92Zr4P6O24Dy0.08,Ca0.92Zr4P6O24,Dy,https://doi.org/10.1016/j.saa.2014.07.052,mp-556440, icsd-151683,6,487.0
1170,Ca0.9Zr4P6O24Dy0.1,Ca0.9Zr4P6O24,Dy,https://doi.org/10.1016/j.saa.2014.07.052,mp-556440, icsd-151683,5,487.0
1171,NaSr2Nb5O15Dy0.005,NaSr2Nb5O15,Dy,https://doi.org/10.1016/j.matlet.2012.09.072,mp-1220952,,5,576.0
1172,NaSr2Nb5O15Dy0.01,NaSr2Nb5O15,Dy,https://doi.org/10.1016/j.matlet.2012.09.072,mp-1220952,,8,576.0
1173,NaSr2Nb5O15Dy0.02,NaSr2Nb5O15,Dy,https://doi.org/10.1016/j.matlet.2012.09.072,mp-1220952,,1,576.0
1174,NaSr2Nb5O15Dy0.03,NaSr2Nb5O15,Dy,https://doi.org/10.1016/j.matlet.2012.09.072,mp-1220952,,8,576.0
1175,NaSr2Nb5O15Dy0.04,NaSr2Nb5O15,Dy,https://doi.org/10.1016/j.matlet.2012.09.072,mp-1220952,,2,576.0
1176,K1.02Sr3.98B3O9Dy0.005,K1.02Sr3.98B3O9,Dy,https://doi.org/10.1016/j.jlumin.2016.01.010,mp-554346, icsd-423814 icsd-425548 icsd-171423,3,573.0
1177,K1.02Sr3.98B3O9Eu0.005,K1.02Sr3.98B3O9,Eu,https://doi.org/10.1016/j.jlumin.2016.01.010,mp-554346, icsd-423814 icsd-425548 icsd-171423,5,612.0
1178,Sr3Y0.94P3O12Dy0.06,Sr3Y0.94P3O12,Dy,https://doi.org/10.1016/j.mseb.2016.07.017,,,5,482.0
1179,Sr3Y0.94P3O12Dy0.06,Sr3Y0.94P3O12,Dy,https://doi.org/10.1016/j.mseb.2016.07.017,,,5,482.0
1180,Sr3Y0.98P3O12Eu0.02,Sr3Y0.98P3O12,Eu,https://doi.org/10.1016/j.mseb.2016.07.017,,,10,614.0
1181,Sr3Sc0.93P3O12Dy0.07,Sr3Sc0.93P3O12,Dy,https://doi.org/10.1016/j.ijleo.2017.08.110,,,4,483.0
1182,BaLa1.75WO7Dy0.25,BaLa1.75WO7,Dy,https://doi.org/10.1016/j.materresbull.2014.05.035,"mp-1203123,mp-1201679", icsd-166617 icsd-247840,6,484.0
1183,K2YWPO8Tm0.01,K2YWPO8,Tm,https://doi.org/10.1016/j.jlumin.2016.03.020,,,10,572.0
1184,K2YWPO8Dy0.05,K2YWPO8,Dy,https://doi.org/10.1016/j.jlumin.2016.03.020,,,10,572.0
1185,NaGdW2O8Dy0.03,NaGdW2O8,Dy,https://doi.org/10.1021/ic501284y,,,1,575.0
1186,NaGdW2O8Tm0.01,NaGdW2O8,Tm,https://doi.org/10.1021/ic501284y,,,8,454.0
1187,NaGdW2O8Tm0.01,NaGdW2O8,Tm,https://doi.org/10.1021/ic501284y,,,5,454.0
1188,NaGdW2O8Eu0.05,NaGdW2O8,Eu,https://doi.org/10.1039/C3CE41712C,mp-1220735,,8,613.0
1189,NaGdW2O8Tb0.05,NaGdW2O8,Tb,https://doi.org/10.1039/C3CE41712C,mp-1220735,,2,541.0
1190,NaGdW2O8Tm0.05,NaGdW2O8,Tm,https://doi.org/10.1039/C3CE41712C,mp-1220735,,1,461.0
1191,KSr3.96B3O9Tm0.01,KSr3.96B3O9,Tm,https://doi.org/10.1039/C2JM15506K,mp-554346, icsd-423814 icsd-425548 icsd-171423,8,453.0
1192,KSr3.96B3O9Dy0.01,KSr3.96B3O9,Dy,https://doi.org/10.1039/C2JM15506K,mp-554346, icsd-423814 icsd-425548 icsd-171423,2,574.0
1193,Na2Y1.99B2O7Ce0.01,Na2Y1.99B2O7,Ce,https://doi.org/10.1039/C3DT52214H,mp-6331, icsd-191128 icsd-245226 icsd-99206,2,421.0
1194,Na2Y1.95B2O7Tb0.05,Na2Y1.95B2O7,Tb,https://doi.org/10.1039/C3DT52214H,mp-6331, icsd-191128 icsd-245226 icsd-99206,2,542.0
1195,YP0.5V0.5O4Dy0.01,YP0.5V0.5O4,Dy,https://doi.org/10.1039/C3TC31586J,"mvc-15449,mvc-16805,mvc-4606",,5,574.0
1196,YP0.6V0.4O4Dy0.01,YP0.6V0.4O4,Dy,https://doi.org/10.1039/C3TC31586J,"mvc-15449,mvc-16805,mvc-4606",,4,574.0
1197,YP0.65V0.35O4Dy0.01,YP0.65V0.35O4,Dy,https://doi.org/10.1039/C3TC31586J,"mvc-15449,mvc-16805,mvc-4606",,8,574.0
1198,YP0.7V0.3O4Dy0.01,YP0.7V0.3O4,Dy,https://doi.org/10.1039/C3TC31586J,"mvc-15449,mvc-16805,mvc-4606",,1,574.0
1199,YP0.75V0.25O4Dy0.01,YP0.75V0.25O4,Dy,https://doi.org/10.1039/C3TC31586J,"mvc-15449,mvc-16805,mvc-4606",,9,574.0
1200,YP0.8V0.2O4Dy0.01,YP0.8V0.2O4,Dy,https://doi.org/10.1039/C3TC31586J,"mvc-15449,mvc-16805,mvc-4606",,3,574.0
1201,YP0.85V0.15O4Dy0.01,YP0.85V0.15O4,Dy,https://doi.org/10.1039/C3TC31586J,"mvc-15449,mvc-16805,mvc-4606",,7,574.0
1202,YP0.9V0.1O4Dy0.01,YP0.9V0.1O4,Dy,https://doi.org/10.1039/C3TC31586J,"mvc-15449,mvc-16805,mvc-4606",,6,574.0
1203,YP0.8V0.2O4Dy0.001,YP0.8V0.2O4,Dy,https://doi.org/10.1039/C3TC31586J,"mvc-15449,mvc-16805,mvc-4606",,9,574.0
1204,YP0.8V0.2O4Dy0.0025,YP0.8V0.2O4,Dy,https://doi.org/10.1039/C3TC31586J,"mvc-15449,mvc-16805,mvc-4606",,3,574.0
1205,YP0.8V0.2O4Dy0.005,YP0.8V0.2O4,Dy,https://doi.org/10.1039/C3TC31586J,"mvc-15449,mvc-16805,mvc-4606",,8,574.0
1206,YP0.8V0.2O4Dy0.0075,YP0.8V0.2O4,Dy,https://doi.org/10.1039/C3TC31586J,"mvc-15449,mvc-16805,mvc-4606",,7,574.0
1207,YP0.8V0.2O4Dy0.015,YP0.8V0.2O4,Dy,https://doi.org/10.1039/C3TC31586J,"mvc-15449,mvc-16805,mvc-4606",,4,574.0
1208,YP0.8V0.2O4Dy0.02,YP0.8V0.2O4,Dy,https://doi.org/10.1039/C3TC31586J,"mvc-15449,mvc-16805,mvc-4606",,1,574.0
1209,YP0.8V0.2O4Dy0.03,YP0.8V0.2O4,Dy,https://doi.org/10.1039/C3TC31586J,"mvc-15449,mvc-16805,mvc-4606",,8,574.0
1210,Ca4.85P2SiO12Ce0.03,Ca4.85P2SiO12,Ce,https://doi.org/10.1039/C3TC00039G,mp-1227400,,1,416.0
1211,SrLa0.93MgTaO6Dy0.07,SrLa0.93MgTaO6,Dy,https://doi.org/10.1016/j.materresbull.2016.12.035,mp-1218203,,2,577.0
1212,Ca9GdP7O28Eu0.007,Ca9GdP7O28,Eu,https://doi.org/10.1021/jp106693z,,,9,494.0
1213,Na3Bi1.95P3O12Eu0.05,Na3Bi1.95P3O12,Eu,https://doi.org/10.1016/S1002-0721(16)60106-0,,,9,621.0
1214,Na3Bi1.9P3O12Eu0.1,Na3Bi1.9P3O12,Eu,https://doi.org/10.1016/S1002-0721(16)60106-0,,,8,598.0
1215,Na3Bi1.875P3O12Eu0.125,Na3Bi1.875P3O12,Eu,https://doi.org/10.1016/S1002-0721(16)60106-0,,,10,598.0
1216,Na3Bi1.85P3O12Eu0.15,Na3Bi1.85P3O12,Eu,https://doi.org/10.1016/S1002-0721(16)60106-0,,,5,598.0
1217,Na3Bi1.8P3O12Eu0.2,Na3Bi1.8P3O12,Eu,https://doi.org/10.1016/S1002-0721(16)60106-0,,,8,598.0
1218,Na3Bi1.75P3O12Eu0.25,Na3Bi1.75P3O12,Eu,https://doi.org/10.1016/S1002-0721(16)60106-0,,,9,598.0
1219,Na3Bi1.7P3O12Eu0.3,Na3Bi1.7P3O12,Eu,https://doi.org/10.1016/S1002-0721(16)60106-0,,,9,598.0
1220,Na3Bi0.95P3O12Eu0.05,Na3Bi0.95P3O12,Eu,https://doi.org/10.1016/S1002-0721(16)60106-0,,,5,623.0
1221,Na3Bi0.9P3O12Eu0.1,Na3Bi0.9P3O12,Eu,https://doi.org/10.1016/S1002-0721(16)60106-0,,,1,623.0
1222,Na3Bi0.875P3O12Eu0.125,Na3Bi0.875P3O12,Eu,https://doi.org/10.1016/S1002-0721(16)60106-0,,,1,623.0
1223,Na3Bi0.85P3O12Eu0.15,Na3Bi0.85P3O12,Eu,https://doi.org/10.1016/S1002-0721(16)60106-0,,,1,623.0
1224,Na3Bi0.8P3O12Eu0.2,Na3Bi0.8P3O12,Eu,https://doi.org/10.1016/S1002-0721(16)60106-0,,,7,623.0
1225,Na3Bi0.75P3O12Eu0.25,Na3Bi0.75P3O12,Eu,https://doi.org/10.1016/S1002-0721(16)60106-0,,,3,623.0
1226,Na3Bi0.7P3O12Eu0.3,Na3Bi0.7P3O12,Eu,https://doi.org/10.1016/S1002-0721(16)60106-0,,,5,623.0
1227,Sr3GdP3O12Ce0.006,Sr3GdP3O12,Ce,https://doi.org/10.1016/j.jlumin.2013.01.015,,,9,374.0
1228,Ba0.99MoO4Eu0.01,Ba0.99MoO4,Eu,https://doi.org/10.1016/j.saa.2013.12.007,mp-19276, icsd-194082 icsd-161851 icsd-50821 icsd-155140 icsd-16166 icsd-56109 icsd-194083 icsd-250487 icsd-193795,5,613.0
1229,Ba0.97MoO4Eu0.03,Ba0.97MoO4,Eu,https://doi.org/10.1016/j.saa.2013.12.007,mp-19276, icsd-194082 icsd-161851 icsd-50821 icsd-155140 icsd-16166 icsd-56109 icsd-194083 icsd-250487 icsd-193795,2,613.0
1230,Ba0.94MoO4Eu0.06,Ba0.94MoO4,Eu,https://doi.org/10.1016/j.saa.2013.12.007,mp-19276, icsd-194082 icsd-161851 icsd-50821 icsd-155140 icsd-16166 icsd-56109 icsd-194083 icsd-250487 icsd-193795,7,613.0
1231,Ba0.91MoO4Eu0.09,Ba0.91MoO4,Eu,https://doi.org/10.1016/j.saa.2013.12.007,mp-19276, icsd-194082 icsd-161851 icsd-50821 icsd-155140 icsd-16166 icsd-56109 icsd-194083 icsd-250487 icsd-193795,1,613.0
1232,Ba0.88MoO4Eu0.12,Ba0.88MoO4,Eu,https://doi.org/10.1016/j.saa.2013.12.007,mp-19276, icsd-194082 icsd-161851 icsd-50821 icsd-155140 icsd-16166 icsd-56109 icsd-194083 icsd-250487 icsd-193795,5,613.0
1233,Sr1.96V2O7Eu0.04,Sr1.96V2O7,Eu,https://doi.org/10.1016/j.actamat.2013.03.036,"mp-19660,mp-19368", icsd-10330 icsd-20401 icsd-72200,4,518.0
1234,Sr1.92V2O7Eu0.08,Sr1.92V2O7,Eu,https://doi.org/10.1016/j.actamat.2013.03.036,"mp-19660,mp-19368", icsd-10330 icsd-20401 icsd-72200,4,518.0
1235,Sr1.88V2O7Eu0.12,Sr1.88V2O7,Eu,https://doi.org/10.1016/j.actamat.2013.03.036,"mp-19660,mp-19368", icsd-10330 icsd-20401 icsd-72200,6,518.0
1236,Sr1.84V2O7Eu0.16,Sr1.84V2O7,Eu,https://doi.org/10.1016/j.actamat.2013.03.036,"mp-19660,mp-19368", icsd-10330 icsd-20401 icsd-72200,8,518.0
1237,Sr1.80V2O7Eu0.2,Sr1.80V2O7,Eu,https://doi.org/10.1016/j.actamat.2013.03.036,"mp-19660,mp-19368", icsd-10330 icsd-20401 icsd-72200,6,518.0
1238,Sr1.76V2O7Eu0.24,Sr1.76V2O7,Eu,https://doi.org/10.1016/j.actamat.2013.03.036,"mp-19660,mp-19368", icsd-10330 icsd-20401 icsd-72200,10,518.0
1239,NaGdF4Dy0.03,NaGdF4,Dy,https://doi.org/10.1039/C4NJ00688G,mp-1221034,,7,478.0
1240,NaGdF4Eu0.07,NaGdF4,Eu,https://doi.org/10.1039/C4NJ00688G,mp-1221034,,7,616.0
1241,CaZrO3Eu0.01,CaZrO3,Eu,https://doi.org/10.1016/j.jsamd.2017.01.002,"mp-4571,mp-776024,mp-542112", icsd-130053 icsd-183757 icsd-239370 icsd-167889 icsd-97465 icsd-37264 icsd-183758 icsd-97463 icsd-97466 icsd-97464 icsd-29003 icsd-56094,2,593.0
1242,CaZrO3Eu0.02,CaZrO3,Eu,https://doi.org/10.1016/j.jsamd.2017.01.002,"mp-4571,mp-776024,mp-542112", icsd-130053 icsd-183757 icsd-239370 icsd-167889 icsd-97465 icsd-37264 icsd-183758 icsd-97463 icsd-97466 icsd-97464 icsd-29003 icsd-56094,6,593.0
1243,CaZrO3Eu0.03,CaZrO3,Eu,https://doi.org/10.1016/j.jsamd.2017.01.002,"mp-4571,mp-776024,mp-542112", icsd-130053 icsd-183757 icsd-239370 icsd-167889 icsd-97465 icsd-37264 icsd-183758 icsd-97463 icsd-97466 icsd-97464 icsd-29003 icsd-56094,9,593.0
1244,CaZrO3Eu0.04,CaZrO3,Eu,https://doi.org/10.1016/j.jsamd.2017.01.002,"mp-4571,mp-776024,mp-542112", icsd-130053 icsd-183757 icsd-239370 icsd-167889 icsd-97465 icsd-37264 icsd-183758 icsd-97463 icsd-97466 icsd-97464 icsd-29003 icsd-56094,3,593.0
1245,CaZrO3Eu0.05,CaZrO3,Eu,https://doi.org/10.1016/j.jsamd.2017.01.002,"mp-4571,mp-776024,mp-542112", icsd-130053 icsd-183757 icsd-239370 icsd-167889 icsd-97465 icsd-37264 icsd-183758 icsd-97463 icsd-97466 icsd-97464 icsd-29003 icsd-56094,1,593.0
1246,ZrO2Dy0.01,ZrO2,Dy,https://doi.org/10.1111/jace.12149,"mp-2858, mp-776404,mp-754403,mp-1190186,mp-556605 ,mp-755089,mp-755759,mp-2574,mp-776427,mp-775909,mp-775980,mp-755769,mp-775910,mp-1565,mp-754741,mp-775935 ,mp-776386,mp-963,mp-1245318,mp-1100824", icsd-82544 icsd-187209 icsd-80043 icsd-172161 icsd-173959 icsd-82543 icsd-291451 icsd-80042 icsd-658755 icsd-94887 icsd-186674 icsd-41010 icsd-80044 icsd-18190 icsd-62993 icsd-248445 icsd-68782 icsd-57158 icsd-157403 icsd-94886 icsd-86692 icsd-57451 icsd-89426 icsd-417639 icsd-187208 icsd-80048 icsd-80046 icsd-80045 icsd-291120 icsd-41572 icsd-248446 icsd-80050 icsd-80049 icsd-187207 icsd-26488 icsd-15983 icsd-82545 icsd-60900 icsd-647691 icsd-57157 icsd-96537 icsd-80047 icsd-185125 icsd-659226 icsd-60901 icsd-237008 icsd-248449 icsd-173960 icsd-67004 icsd-94931 icsd-66784 icsd-66783 icsd-92091 icsd-92093 icsd-85322 icsd-157620 icsd-237007 icsd-647692 icsd-9993 icsd-92092 icsd-66781 icsd-164736 icsd-51051 icsd-93124 icsd-66786 icsd-248448 icsd-291452 icsd-173961 icsd-157621 icsd-66788 icsd-88022 icsd-93028 icsd-66782 icsd-185124 icsd-93125 icsd-66787 icsd-93033 icsd-93032 icsd-93030 icsd-66785 icsd-93031 icsd-68781 icsd-92090 icsd-180936 icsd-157618 icsd-97004 icsd-248447 icsd-164862 icsd-186673 icsd-157619 icsd-66789 icsd-93123 icsd-93126 icsd-23928 icsd-93029 icsd-68589 icsd-655671 icsd-248444 icsd-53998 icsd-105553 icsd-164861 icsd-291119 icsd-92096 icsd-248443 icsd-186672 icsd-291453 icsd-157617 icsd-173962 icsd-647689 icsd-92095 icsd-237006 icsd-185123 icsd-89429 icsd-79914 icsd-173963 icsd-56696 icsd-83862 icsd-79915,9,583.0
1247,ZrO2Eu0.05,ZrO2,Eu,https://doi.org/10.1111/jace.12149,"mp-2858, mp-776404,mp-754403,mp-1190186,mp-556605 ,mp-755089,mp-755759,mp-2574,mp-776427,mp-775909,mp-775980,mp-755769,mp-775910,mp-1565,mp-754741,mp-775935 ,mp-776386,mp-963,mp-1245318,mp-1100824", icsd-82544 icsd-187209 icsd-80043 icsd-172161 icsd-173959 icsd-82543 icsd-291451 icsd-80042 icsd-658755 icsd-94887 icsd-186674 icsd-41010 icsd-80044 icsd-18190 icsd-62993 icsd-248445 icsd-68782 icsd-57158 icsd-157403 icsd-94886 icsd-86692 icsd-57451 icsd-89426 icsd-417639 icsd-187208 icsd-80048 icsd-80046 icsd-80045 icsd-291120 icsd-41572 icsd-248446 icsd-80050 icsd-80049 icsd-187207 icsd-26488 icsd-15983 icsd-82545 icsd-60900 icsd-647691 icsd-57157 icsd-96537 icsd-80047 icsd-185125 icsd-659226 icsd-60901 icsd-237008 icsd-248449 icsd-173960 icsd-67004 icsd-94931 icsd-66784 icsd-66783 icsd-92091 icsd-92093 icsd-85322 icsd-157620 icsd-237007 icsd-647692 icsd-9993 icsd-92092 icsd-66781 icsd-164736 icsd-51051 icsd-93124 icsd-66786 icsd-248448 icsd-291452 icsd-173961 icsd-157621 icsd-66788 icsd-88022 icsd-93028 icsd-66782 icsd-185124 icsd-93125 icsd-66787 icsd-93033 icsd-93032 icsd-93030 icsd-66785 icsd-93031 icsd-68781 icsd-92090 icsd-180936 icsd-157618 icsd-97004 icsd-248447 icsd-164862 icsd-186673 icsd-157619 icsd-66789 icsd-93123 icsd-93126 icsd-23928 icsd-93029 icsd-68589 icsd-655671 icsd-248444 icsd-53998 icsd-105553 icsd-164861 icsd-291119 icsd-92096 icsd-248443 icsd-186672 icsd-291453 icsd-157617 icsd-173962 icsd-647689 icsd-92095 icsd-237006 icsd-185123 icsd-89429 icsd-79914 icsd-173963 icsd-56696 icsd-83862 icsd-79915,4,610.0
1248,Sr3Lu0.993V2O8Eu0.007,Sr3Lu0.993V2O8,Eu,https://doi.org/10.1111/jace.17689,"mp-18972,mp-541507,mp-555382,mp-1237534", icsd-69012 icsd-69000 icsd-72219 icsd-71450 icsd-80602 icsd-80601 icsd-80602,6,615.0
1249,Sr3Lu0.991V2O8Eu0.009,Sr3Lu0.991V2O8,Eu,https://doi.org/10.1111/jace.17689,"mp-18972,mp-541507,mp-555382,mp-1237534", icsd-69012 icsd-69000 icsd-72219 icsd-71450 icsd-80602 icsd-80601 icsd-80602,3,615.0
1250,Sr3Lu0.98V2O8Eu0.02,Sr3Lu0.98V2O8,Eu,https://doi.org/10.1111/jace.17689,"mp-18972,mp-541507,mp-555382,mp-1237534", icsd-69012 icsd-69000 icsd-72219 icsd-71450 icsd-80602 icsd-80601 icsd-80602,8,615.0
1251,Sr3Lu0.96V2O8Eu0.04,Sr3Lu0.96V2O8,Eu,https://doi.org/10.1111/jace.17689,"mp-18972,mp-541507,mp-555382,mp-1237534", icsd-69012 icsd-69000 icsd-72219 icsd-71450 icsd-80602 icsd-80601 icsd-80602,1,615.0
1252,Sr3Lu0.94V2O8Eu0.06,Sr3Lu0.94V2O8,Eu,https://doi.org/10.1111/jace.17689,"mp-18972,mp-541507,mp-555382,mp-1237534", icsd-69012 icsd-69000 icsd-72219 icsd-71450 icsd-80602 icsd-80601 icsd-80602,8,615.0
1253,La1.97MgGeO6Dy0.03,La1.97MgGeO6,Dy,https://doi.org/10.1111/jace.15923,mp-11585,,8,575.0
1254,KBaSc2P3O12Ce0.04,KBaSc2P3O12,Ce,https://doi.org/10.1002/cphc.201500387,,,6,380.0
1255,KBaSc2P3O12Eu0.04,KBaSc2P3O12,Eu,https://doi.org/10.1002/cphc.201500387,,,6,420.0
1256,Li2Sr0.99SiO4Dy0.01,Li2Sr0.99SiO4,Dy,https://doi.org/10.1002/bio.2692,mp-1191141, icsd-167334,8,479.0
1257,Li2Sr0.98SiO4Dy0.02,Li2Sr0.98SiO4,Dy,https://doi.org/10.1002/bio.2692,mp-1191141, icsd-167334,10,479.0
1258,Li2Sr0.97SiO4Dy0.03,Li2Sr0.97SiO4,Dy,https://doi.org/10.1002/bio.2692,mp-1191141, icsd-167334,2,479.0
1259,Li2Sr0.95SiO4Dy0.05,Li2Sr0.95SiO4,Dy,https://doi.org/10.1002/bio.2692,mp-1191141, icsd-167334,3,479.0
1260,Li2Sr0.93SiO4Dy0.07,Li2Sr0.93SiO4,Dy,https://doi.org/10.1002/bio.2692,mp-1191141, icsd-167334,9,479.0
1261,Li2Sr0.98SiO4Dy0.02,Li2Sr0.98SiO4,Dy,https://doi.org/10.1002/bio.2692,mp-1191141, icsd-167334,1,479.0
1262,La2.98SbO7Sm0.02,La2.98SbO7,Sm,https://doi.org/10.1002/bio.2983,"mp-1211549,mp-1190600", icsd-246732 icsd-188501,7,608.0
1263,La2.9SbO7Sm0.1,La2.9SbO7,Sm,https://doi.org/10.1002/bio.2983,"mp-1211549,mp-1190600", icsd-246732 icsd-188501,1,608.0
1264,La2.8SbO7Sm0.2,La2.8SbO7,Sm,https://doi.org/10.1002/bio.2983,"mp-1211549,mp-1190600", icsd-246732 icsd-188501,4,608.0
1265,Sr0.97MoO4Tb0.02,Sr0.97MoO4,Tb,https://doi.org/10.1002/bio.2971,mp-18834, icsd-193794 icsd-250491 icsd-23700 icsd-28025 icsd-194080 icsd-173125 icsd-173120 icsd-245803 icsd-245802 icsd-173122 icsd-239418 icsd-248458 icsd-99089 icsd-194081,7,545.0
1266,Sr0.925MoO4Sm0.05,Sr0.925MoO4,Sm,https://doi.org/10.1002/bio.2971,mp-18834, icsd-193794 icsd-250491 icsd-23700 icsd-28025 icsd-194080 icsd-173125 icsd-173120 icsd-245803 icsd-245802 icsd-173122 icsd-239418 icsd-248458 icsd-99089 icsd-194081,2,646.0
1267,Sr0.9MoO4Na0.05Sm0.05,Sr0.9MoO4Na0.05,Sm,https://doi.org/10.1002/bio.2971,mp-18834, icsd-193794 icsd-250491 icsd-23700 icsd-28025 icsd-194080 icsd-173125 icsd-173120 icsd-245803 icsd-245802 icsd-173122 icsd-239418 icsd-248458 icsd-99089 icsd-194081,10,646.0
1268,LiGd0.5MgWO6Eu0.5,LiGd0.5MgWO6,Eu,https://doi.org/10.1016/j.dyepig.2018.08.013,,,1,615.0
1269,LiGd0.5MgWO6Eu0.5,LiGd0.5MgWO6,Eu,https://doi.org/10.1016/j.dyepig.2018.08.013,,,5,615.0
1270,Rb1.01Ba0.98PO4Eu0.01,Rb1.01Ba0.98PO4,Eu,https://doi.org/10.1007/s10854-015-3745-1,mp-17832, icsd-72001,2,612.0
1271,Rb1.03Ba0.94PO4Eu0.03,Rb1.03Ba0.94PO4,Eu,https://doi.org/10.1007/s10854-015-3745-1,mp-17832, icsd-72001,5,612.0
1272,Rb1.05Ba0.9PO4Eu0.05,Rb1.05Ba0.9PO4,Eu,https://doi.org/10.1007/s10854-015-3745-1,mp-17832, icsd-72001,1,612.0
1273,Rb1.07Ba0.86PO4Eu0.07,Rb1.07Ba0.86PO4,Eu,https://doi.org/10.1007/s10854-015-3745-1,mp-17832, icsd-72001,4,612.0
1274,Rb1.09Ba0.82PO4Eu0.09,Rb1.09Ba0.82PO4,Eu,https://doi.org/10.1007/s10854-015-3745-1,mp-17832, icsd-72001,7,612.0
1275,Rb1.09Ba0.82PO4Eu0.09,Rb1.09Ba0.82PO4,Eu,https://doi.org/10.1007/s10854-015-3745-1,mp-17832, icsd-72001,10,612.0
1276,Rb1.09Ba0.82PO4Eu0.09,Rb1.09Ba0.82PO4,Eu,https://doi.org/10.1007/s10854-015-3745-1,mp-17832, icsd-72001,8,612.0
1277,Rb1.09Ba0.82PO4Eu0.09,Rb1.09Ba0.82PO4,Eu,https://doi.org/10.1007/s10854-015-3745-1,mp-17832, icsd-72001,9,612.0
1278,Rb1.09Ba0.82PO4Eu0.09,Rb1.09Ba0.82PO4,Eu,https://doi.org/10.1007/s10854-015-3745-1,mp-17832, icsd-72001,1,612.0
1279,Rb1.09Ba0.82PO4Eu0.09,Rb1.09Ba0.82PO4,Eu,https://doi.org/10.1007/s10854-015-3745-1,mp-17832, icsd-72001,4,612.0
1280,Rb1.09Ba0.82PO4Eu0.09,Rb1.09Ba0.82PO4,Eu,https://doi.org/10.1007/s10854-015-3745-1,mp-17832, icsd-72001,7,612.0
1281,Rb1.09Ba0.82PO4Eu0.09,Rb1.09Ba0.82PO4,Eu,https://doi.org/10.1007/s10854-015-3745-1,mp-17832, icsd-72001,5,612.0
1282,Rb1.09Ba0.82PO4Eu0.09,Rb1.09Ba0.82PO4,Eu,https://doi.org/10.1007/s10854-015-3745-1,mp-17832, icsd-72001,10,612.0
1283,Rb1.09Ba0.82PO4Eu0.09,Rb1.09Ba0.82PO4,Eu,https://doi.org/10.1007/s10854-015-3745-1,mp-17832, icsd-72001,4,612.0
1284,Rb1.11Ba0.78PO4Eu0.11,Rb1.11Ba0.78PO4,Eu,https://doi.org/10.1007/s10854-015-3745-1,mp-17832, icsd-72001,5,612.0
1285,Rb1.13Ba0.74PO4Eu0.13,Rb1.13Ba0.74PO4,Eu,https://doi.org/10.1007/s10854-015-3745-1,mp-17832, icsd-72001,4,612.0
1286,BiOClTb0.01,BiOCl,Tb,https://doi.org/10.1016/j.jallcom.2016.11.224,mp-22939, icsd-29143 icsd-195115 icsd-24608 icsd-74502 icsd-185970,1,543.0
1287,BiOClTb0.03,BiOCl,Tb,https://doi.org/10.1016/j.jallcom.2016.11.224,mp-22939, icsd-29143 icsd-195115 icsd-24608 icsd-74502 icsd-185970,2,543.0
1288,BiOClTb0.05,BiOCl,Tb,https://doi.org/10.1016/j.jallcom.2016.11.224,mp-22939, icsd-29143 icsd-195115 icsd-24608 icsd-74502 icsd-185970,1,543.0
1289,BiOClTb0.07,BiOCl,Tb,https://doi.org/10.1016/j.jallcom.2016.11.224,mp-22939, icsd-29143 icsd-195115 icsd-24608 icsd-74502 icsd-185970,1,543.0
1290,BiOClTb0.09,BiOCl,Tb,https://doi.org/10.1016/j.jallcom.2016.11.224,mp-22939, icsd-29143 icsd-195115 icsd-24608 icsd-74502 icsd-185970,1,543.0
1291,BiOClTb0.11,BiOCl,Tb,https://doi.org/10.1016/j.jallcom.2016.11.224,mp-22939, icsd-29143 icsd-195115 icsd-24608 icsd-74502 icsd-185970,10,543.0
1292,KMg4P3O12Eu0.005,KMg4P3O12,Eu,https://doi.org/10.1038/srep09673,mp-557844, icsd-154111,3,450.0
1293,KMg4P3O12Eu0.01,KMg4P3O12,Eu,https://doi.org/10.1038/srep09673,mp-557844, icsd-154111,1,450.0
1294,KMg4P3O12Eu0.02,KMg4P3O12,Eu,https://doi.org/10.1038/srep09673,mp-557844, icsd-154111,10,450.0
1295,KMg4P3O12Eu0.04,KMg4P3O12,Eu,https://doi.org/10.1038/srep09673,mp-557844, icsd-154111,9,450.0
1296,KMg4P3O12Eu0.06,KMg4P3O12,Eu,https://doi.org/10.1038/srep09673,mp-557844, icsd-154111,8,450.0
1297,KMg4P3O12Eu0.08,KMg4P3O12,Eu,https://doi.org/10.1038/srep09673,mp-557844, icsd-154111,10,450.0
1298,CaGd1.92ZnO5Tb0.04,CaGd1.92ZnO5,Tb,https://doi.org/10.1039/C4RA15376F,,,2,541.0
1299,Na3MgZrP3O12Eu0.01,Na3MgZrP3O12,Eu,https://doi.org/10.1007/s10854-017-8135-4,mp-690382,,2,611.0
1300,CaWO4Eu0.08,CaWO4,Eu,https://doi.org/10.1016/j.dyepig.2017.04.037,"mp-19426,mp-1190383", icsd-60550 icsd-193491 icsd-60548 icsd-60551 icsd-15869 icsd-155423 icsd-193047 icsd-15586 icsd-60549 icsd-18135 icsd-77335 icsd-157428 icsd-291535 icsd-60547 icsd-155791 icsd-238259 icsd-238258,10,614.0
1301,CaW0.9Mo0.1O4Eu0.08,CaW0.9Mo0.1O4,Eu,https://doi.org/10.1016/j.dyepig.2017.04.037,"mp-19426,mp-1190383", icsd-60550 icsd-193491 icsd-60548 icsd-60551 icsd-15869 icsd-155423 icsd-193047 icsd-15586 icsd-60549 icsd-18135 icsd-77335 icsd-157428 icsd-291535 icsd-60547 icsd-155791 icsd-238259 icsd-238258,6,614.0
1302,CaW0.7Mo0.3O4Eu0.08,CaW0.7Mo0.3O4,Eu,https://doi.org/10.1016/j.dyepig.2017.04.037,"mp-19426,mp-1190383", icsd-60550 icsd-193491 icsd-60548 icsd-60551 icsd-15869 icsd-155423 icsd-193047 icsd-15586 icsd-60549 icsd-18135 icsd-77335 icsd-157428 icsd-291535 icsd-60547 icsd-155791 icsd-238259 icsd-238258,4,614.0
1303,CaW0.4Mo0.6O4Eu0.08,CaW0.4Mo0.6O4,Eu,https://doi.org/10.1016/j.dyepig.2017.04.037,"mp-19426,mp-1190383", icsd-60550 icsd-193491 icsd-60548 icsd-60551 icsd-15869 icsd-155423 icsd-193047 icsd-15586 icsd-60549 icsd-18135 icsd-77335 icsd-157428 icsd-291535 icsd-60547 icsd-155791 icsd-238259 icsd-238258,2,614.0
1304,CaW0.2Mo0.8O4Eu0.08,CaW0.2Mo0.8O4,Eu,https://doi.org/10.1016/j.dyepig.2017.04.037,"mp-19426,mp-1190383", icsd-60550 icsd-193491 icsd-60548 icsd-60551 icsd-15869 icsd-155423 icsd-193047 icsd-15586 icsd-60549 icsd-18135 icsd-77335 icsd-157428 icsd-291535 icsd-60547 icsd-155791 icsd-238259 icsd-238258,3,614.0
1305,CaMoO4Eu0.08,CaMoO4,Eu,https://doi.org/10.1016/j.dyepig.2017.04.037,mp-19330, icsd-23699 icsd-60558 icsd-193793 icsd-183446 icsd-60557 icsd-194078 icsd-60554 icsd-60553 icsd-417513 icsd-183447 icsd-62219 icsd-60552 icsd-22351 icsd-194079 icsd-60556 icsd-60555 icsd-77334,7,614.0
1306,Sr0.99MoO4Eu0.01,Sr0.99MoO4,Eu,https://doi.org/10.1039/C5RA06053B,mp-18834, icsd-193794 icsd-250491 icsd-23700 icsd-28025 icsd-194080 icsd-173125 icsd-173120 icsd-245803 icsd-245802 icsd-173122 icsd-239418 icsd-248458 icsd-99089 icsd-194081,10,615.0
1307,Sr4.995P3O12ClEu0.005,Sr4.995P3O12Cl,Eu,https://doi.org/10.1039/C5TC02482J,mp-23121, icsd-80085 icsd-2089 icsd-80084,4,444.0
1308,Sr4.99P3O12ClEu0.01,Sr4.99P3O12Cl,Eu,https://doi.org/10.1039/C5TC02482J,mp-23121, icsd-80085 icsd-2089 icsd-80084,9,444.0
1309,Sr4.99P3O12ClEu0.01,Sr4.99P3O12Cl,Eu,https://doi.org/10.1039/C5TC02482J,mp-23121, icsd-80085 icsd-2089 icsd-80084,2,444.0
1310,Sr4.98P3O12ClEu0.02,Sr4.98P3O12Cl,Eu,https://doi.org/10.1039/C5TC02482J,mp-23121, icsd-80085 icsd-2089 icsd-80084,4,444.0
1311,Sr4.97P3O12ClEu0.03,Sr4.97P3O12Cl,Eu,https://doi.org/10.1039/C5TC02482J,mp-23121, icsd-80085 icsd-2089 icsd-80084,1,444.0
1312,Sr4.95P3O12ClEu0.05,Sr4.95P3O12Cl,Eu,https://doi.org/10.1039/C5TC02482J,mp-23121, icsd-80085 icsd-2089 icsd-80084,9,444.0
1313,La0.99BWO6Tb0.01,La0.99BWO6,Tb,https://doi.org/10.1016/j.dyepig.2017.11.003,,,1,543.0
1314,CaWO4Tm0.02,CaWO4,Tm,https://doi.org/10.1039/C6RA02594C,"mp-19426,mp-1190383", icsd-60550 icsd-193491 icsd-60548 icsd-60551 icsd-15869 icsd-155423 icsd-193047 icsd-15586 icsd-60549 icsd-18135 icsd-77335 icsd-157428 icsd-291535 icsd-60547 icsd-155791 icsd-238259 icsd-238258,2,454.0
1315,Ca0.5LaMo2O8Eu0.6,Ca0.5LaMo2O8,Eu,https://doi.org/10.1039/C5RA21208A,,,5,615.0
1316,CaMoO4Eu0.24,CaMoO4,Eu,https://doi.org/10.1039/C5RA21208A,mp-19330, icsd-23699 icsd-60558 icsd-193793 icsd-183446 icsd-60557 icsd-194078 icsd-60554 icsd-60553 icsd-417513 icsd-183447 icsd-62219 icsd-60552 icsd-22351 icsd-194079 icsd-60556 icsd-60555 icsd-77334,5,615.0
1317,Bi3.64Ge3O12Eu0.09,Bi3.64Ge3O12,Eu,https://doi.org/10.1016/j.jallcom.2016.09.115,mp-23560, icsd-156438 icsd-86276 icsd-201356 icsd-260560 icsd-108872 icsd-39231 icsd-156439 icsd-39227,2,612.0
1318,CsGd0.99Mo2O8Dy0.01,CsGd0.99Mo2O8,Dy,https://doi.org/10.1016/j.dyepig.2016.10.016,"mp-1213392,mp-1213304",,4,575.0
1319,CsGd0.97Mo2O8Dy0.03,CsGd0.97Mo2O8,Dy,https://doi.org/10.1016/j.dyepig.2016.10.016,"mp-1213392,mp-1213304",,3,575.0
1320,CsGd0.95Mo2O8Dy0.05,CsGd0.95Mo2O8,Dy,https://doi.org/10.1016/j.dyepig.2016.10.016,"mp-1213392,mp-1213304",,4,575.0
1321,CsGd0.93Mo2O8Dy0.07,CsGd0.93Mo2O8,Dy,https://doi.org/10.1016/j.dyepig.2016.10.016,"mp-1213392,mp-1213304",,4,575.0
1322,CsGd0.9Mo2O8Dy0.1,CsGd0.9Mo2O8,Dy,https://doi.org/10.1016/j.dyepig.2016.10.016,"mp-1213392,mp-1213304",,1,575.0
1323,CsGd0.88Mo2O8Dy0.12,CsGd0.88Mo2O8,Dy,https://doi.org/10.1016/j.dyepig.2016.10.016,"mp-1213392,mp-1213304",,6,575.0
1324,CsGd0.85Mo2O8Dy0.15,CsGd0.85Mo2O8,Dy,https://doi.org/10.1016/j.dyepig.2016.10.016,"mp-1213392,mp-1213304",,8,575.0
1325,CsGd0.95Mo2O8Dy0.05,CsGd0.95Mo2O8,Dy,https://doi.org/10.1016/j.dyepig.2016.10.016,"mp-1213392,mp-1213304",,8,575.0
1326,CsGd0.95Mo2O8Dy0.05,CsGd0.95Mo2O8,Dy,https://doi.org/10.1016/j.dyepig.2016.10.016,"mp-1213392,mp-1213304",,7,575.0
1327,CsGd0.95Mo2O8Eu0.05,CsGd0.95Mo2O8,Eu,https://doi.org/10.1016/j.dyepig.2016.10.016,"mp-1213392,mp-1213304",,10,614.0
1328,CsGd0.95Mo2O8Eu0.05,CsGd0.95Mo2O8,Eu,https://doi.org/10.1016/j.dyepig.2016.10.016,"mp-1213392,mp-1213304",,8,614.0
1329,CaSb2O6Eu0.05,CaSb2O6,Eu,https://doi.org/10.1007/s10854-015-4186-6,"mp-9125,mvc-1657", icsd-74539,7,612.0
1330,CaSb2O6Bi0.02,CaSb2O6,Bi,https://doi.org/10.1007/s10854-015-4186-6,"mp-9125,mvc-1657", icsd-74539,2,450.0
1331,CaSb2O6Bi0.02,CaSb2O6,Bi,https://doi.org/10.1007/s10854-015-4186-6,"mp-9125,mvc-1657", icsd-74539,7,450.0
1332,Sr2.985ScP3O12Eu0.005,Sr2.985ScP3O12,Eu,https://doi.org/10.1039/C3DT32946A,,,1,500.0
1333,NaCaBO3Ce0.01,NaCaBO3,Ce,https://doi.org/10.1039/C3DT52328D,,,1,425.0
1334,NaCaBO3Tb0.15,NaCaBO3,Tb,https://doi.org/10.1039/C3DT52328D,,,6,543.0
1335,NaCaBO3Mn0.05,NaCaBO3,Mn,https://doi.org/10.1039/C3DT52328D,,,7,610.0
1336,LiGdW2O8Tm0.05,LiGdW2O8,Tm,https://doi.org/10.1039/C5RA19345A,"mp-1210920,mp-1222332",,3,455.0
1337,LiGdW2O8Tb0.05,LiGdW2O8,Tb,https://doi.org/10.1039/C5RA19345A,"mp-1210920,mp-1222332",,3,547.0
1338,LiGdW2O8Dy0.05,LiGdW2O8,Dy,https://doi.org/10.1039/C5RA19345A,"mp-1210920,mp-1222332",,1,576.0
1339,LiGdW2O8Eu0.05,LiGdW2O8,Eu,https://doi.org/10.1039/C5RA19345A,"mp-1210920,mp-1222332",,7,617.0
1340,LiGdW2O8Tm0.02,LiGdW2O8,Tm,https://doi.org/10.1039/C5RA19345A,"mp-1210920,mp-1222332",,2,455.0
1341,Sr7La2.9P2.5Si3B1.5O26Ce0.01,Sr7La2.9P2.5Si3B1.5O26,Ce,https://doi.org/10.1039/C4TC00217B,,,5,415.0
1342,Sr6.2La3P2.5Si3B1.5O26Mn0.08,Sr6.2La3P2.5Si3B1.5O26,Mn,https://doi.org/10.1039/C4TC00217B,,,6,628.0
1343,BaY1.95Si3O10Ce0.05,BaY1.95Si3O10,Ce,https://doi.org/10.1039/C5TC00962F,mp-560478, icsd-240470,6,436.0
1344,Gd0.99BO3Ce0.01,Gd0.99BO3,Ce,https://doi.org/10.1016/j.optmat.2014.02.009,"mp-1224628,mp-561949,mp-29762", icsd-87779 icsd-87778,1,412.0
1345,Sr1.94P2O7Tb0.06,Sr1.94P2O7,Tb,https://doi.org/10.1111/jace.13497,mp-5616, icsd-31004 icsd-59395 icsd-34467,6,545.0
1346,Sr1.98P2O7Eu0.02,Sr1.98P2O7,Eu,https://doi.org/10.1111/jace.13497,mp-5616, icsd-31004 icsd-59395 icsd-34467,9,593.0
1347,Sr1.92P2O7Tb0.06,Sr1.92P2O7,Tb,https://doi.org/10.1111/jace.13497,mp-5616, icsd-31004 icsd-59395 icsd-34467,5,545.0
1348,Na2Ca3.96Mg2Si4O15Eu0.01,Na2Ca3.96Mg2Si4O15,Eu,https://doi.org/10.1039/C3RA46474A,,,9,480.0
1349,Ca3Gd7PSi5O26Ce0.05,Ca3Gd7PSi5O26,Ce,https://doi.org/10.1021/ic3015578,,,6,380.0
1350,Ca3Gd7PSi5O26Mn0.09,Ca3Gd7PSi5O26,Mn,https://doi.org/10.1021/ic3015578,,,8,575.0
1351,Y10Al2Si3O18N4Ce0.05,Y10Al2Si3O18N4,Ce,https://doi.org/10.1039/C3CP51854J,,,1,460.0
1352,NaLaMo2O8Dy0.05,NaLaMo2O8,Dy,https://doi.org/10.1016/j.jallcom.2015.08.256,mp-1220757,,1,573.0
1353,La2.85GaGe5O16Tb0.15,La2.85GaGe5O16,Tb,https://doi.org/10.1039/C4TC01091D,mp-652961, icsd-50521,8,544.0
1354,BaLu5.82Si7O24Ce0.18,BaLu5.82Si7O24,Ce,https://doi.org/10.1016/j.dyepig.2016.12.059,,,10,402.0
1355,BaLu1.94Si3O10Ce0.06,BaLu1.94Si3O10,Ce,https://doi.org/10.1039/C6TC00579A,,,5,423.0
1356,CaYAlO4Tb0.001,CaYAlO4,Tb,https://doi.org/10.1039/C2DT12222G,mp-1227044,,5,548.0
1357,CaYAlO4Tb0.003,CaYAlO4,Tb,https://doi.org/10.1039/C2DT12222G,mp-1227044,,2,548.0
1358,CaYAlO4Tb0.005,CaYAlO4,Tb,https://doi.org/10.1039/C2DT12222G,mp-1227044,,7,548.0
1359,CaYAlO4Tb0.01,CaYAlO4,Tb,https://doi.org/10.1039/C2DT12222G,mp-1227044,,4,548.0
1360,CaYAlO4Tb0.03,CaYAlO4,Tb,https://doi.org/10.1039/C2DT12222G,mp-1227044,,2,548.0
1361,CaYAlO4Tb0.05,CaYAlO4,Tb,https://doi.org/10.1039/C2DT12222G,mp-1227044,,5,548.0
1362,CaYAlO4Tb0.07,CaYAlO4,Tb,https://doi.org/10.1039/C2DT12222G,mp-1227044,,6,548.0
1363,CaYAlO4Tb0.09,CaYAlO4,Tb,https://doi.org/10.1039/C2DT12222G,mp-1227044,,10,548.0
1364,CaYAlO4Eu0.01,CaYAlO4,Eu,https://doi.org/10.1039/C2DT12222G,mp-1227044,,3,623.0
1365,CaYAlO4Eu0.03,CaYAlO4,Eu,https://doi.org/10.1039/C2DT12222G,mp-1227044,,9,623.0
1366,CaYAlO4Eu0.05,CaYAlO4,Eu,https://doi.org/10.1039/C2DT12222G,mp-1227044,,4,623.0
1367,CaYAlO4Eu0.07,CaYAlO4,Eu,https://doi.org/10.1039/C2DT12222G,mp-1227044,,10,623.0
1368,CaYAlO4Eu0.08,CaYAlO4,Eu,https://doi.org/10.1039/C2DT12222G,mp-1227044,,1,623.0
1369,CaYAlO4Eu0.1,CaYAlO4,Eu,https://doi.org/10.1039/C2DT12222G,mp-1227044,,10,623.0
1370,CaYAlO4Eu0.11,CaYAlO4,Eu,https://doi.org/10.1039/C2DT12222G,mp-1227044,,4,623.0
1371,CaYAlO4Eu0.12,CaYAlO4,Eu,https://doi.org/10.1039/C2DT12222G,mp-1227044,,7,623.0
1372,MgYSi2O5NCe0.01,MgYSi2O5N,Ce,https://doi.org/10.1016/j.dyepig.2016.12.012,,,1,393.0
1373,Na0.5Gd0.25MoO4Eu0.25,Na0.5Gd0.25MoO4,Eu,https://doi.org/10.1016/j.jlumin.2016.07.045,,,9,615.0
1374,Ba2Y4.95B5O17Ce0.01,Ba2Y4.95B5O17,Ce,https://doi.org/10.1016/j.dyepig.2017.11.046,,,5,440.0
1375,NaCa0.99BO3Eu0.01,NaCa0.99BO3,Eu,https://doi.org/10.1016/j.ceramint.2014.06.034,,,3,613.0
1376,NaCa0.97BO3Eu0.03,NaCa0.97BO3,Eu,https://doi.org/10.1016/j.ceramint.2014.06.034,,,5,613.0
1377,NaCa0.95BO3Eu0.05,NaCa0.95BO3,Eu,https://doi.org/10.1016/j.ceramint.2014.06.034,,,9,613.0
1378,NaCa0.93BO3Eu0.07,NaCa0.93BO3,Eu,https://doi.org/10.1016/j.ceramint.2014.06.034,,,1,613.0
1379,NaCa0.91BO3Eu0.09,NaCa0.91BO3,Eu,https://doi.org/10.1016/j.ceramint.2014.06.034,,,4,613.0
1380,NaCa0.89BO3Eu0.11,NaCa0.89BO3,Eu,https://doi.org/10.1016/j.ceramint.2014.06.034,,,5,613.0
1381,NaCa0.87BO3Eu0.13,NaCa0.87BO3,Eu,https://doi.org/10.1016/j.ceramint.2014.06.034,,,5,613.0
1382,NaCa0.85BO3Eu0.15,NaCa0.85BO3,Eu,https://doi.org/10.1016/j.ceramint.2014.06.034,,,3,613.0
1383,Sr9Sc0.6P7O28Eu0.4,Sr9Sc0.6P7O28,Eu,https://doi.org/10.1016/j.jallcom.2013.10.116,,,6,590.0
1384,Ca0.98SrAl2SiO7Eu0.02,Ca0.98SrAl2SiO7,Eu,https://doi.org/10.1016/j.physb.2012.04.001,,,8,617.0
1385,Ca0.94SrAl2SiO7Eu0.06,Ca0.94SrAl2SiO7,Eu,https://doi.org/10.1016/j.physb.2012.04.001,,,2,617.0
1386,Ca0.9SrAl2SiO7Eu0.1,Ca0.9SrAl2SiO7,Eu,https://doi.org/10.1016/j.physb.2012.04.001,,,1,617.0
1387,Ca0.86SrAl2SiO7Eu0.14,Ca0.86SrAl2SiO7,Eu,https://doi.org/10.1016/j.physb.2012.04.001,,,3,617.0
1388,Ca0.82SrAl2SiO7Eu0.18,Ca0.82SrAl2SiO7,Eu,https://doi.org/10.1016/j.physb.2012.04.001,,,8,617.0
1389,Ca0.78SrAl2SiO7Eu0.22,Ca0.78SrAl2SiO7,Eu,https://doi.org/10.1016/j.physb.2012.04.001,,,6,617.0
1390,NaCa0.995BO3Ce0.005,NaCa0.995BO3,Ce,https://doi.org/10.1016/j.jlumin.2014.01.012,,,10,427.0
1391,NaCa0.99BO3Ce0.01,NaCa0.99BO3,Ce,https://doi.org/10.1016/j.jlumin.2014.01.012,,,6,427.0
1392,NaCa0.98BO3Ce0.02,NaCa0.98BO3,Ce,https://doi.org/10.1016/j.jlumin.2014.01.012,,,8,427.0
1393,NaCa0.96BO3Ce0.04,NaCa0.96BO3,Ce,https://doi.org/10.1016/j.jlumin.2014.01.012,,,2,427.0
1394,NaCa0.95BO3Ce0.05,NaCa0.95BO3,Ce,https://doi.org/10.1016/j.jlumin.2014.01.012,,,2,427.0
1395,Li1.05Sr3.9B3O9Ce0.05,Li1.05Sr3.9B3O9,Ce,https://doi.org/10.1016/j.jallcom.2011.01.194,mp-554003, icsd-170861,4,427.0
1396,Na1.09Sr3.82B3O9Ce0.09,Na1.09Sr3.82B3O9,Ce,https://doi.org/10.1016/j.jallcom.2011.01.194,mp-560768, icsd-170862,8,420.0
1397,Li6Y0.15B3O9Eu0.85,Li6Y0.15B3O9,Eu,https://doi.org/10.1016/j.optmat.2011.03.002,mp-14704, icsd-184291 icsd-184285 icsd-184287 icsd-184286 icsd-184289 icsd-184283 icsd-184292 icsd-184284 icsd-184290 icsd-184288 icsd-68653,7,614.0
1398,CaBi1.83B2O7Eu0.17,CaBi1.83B2O7,Eu,https://doi.org/10.1016/j.ijleo.2016.01.155,mp-557371,,6,591.0
1399,Ba2YB2O6ClEu0.03,Ba2YB2O6Cl,Eu,https://doi.org/10.1021/ic200988w,mp-866310, icsd-262072,8,526.0
1400,Ba2GdB2O6ClEu0.03,Ba2GdB2O6Cl,Eu,https://doi.org/10.1021/ic200988w,mp-866304, icsd-262073,10,548.0
1401,Ba2LuB2O6ClEu0.03,Ba2LuB2O6Cl,Eu,https://doi.org/10.1021/ic200988w,mp-1228639,,5,511.0
1402,Lu1.88CaMg2Si3O12Ce0.12,Lu1.88CaMg2Si3O12,Ce,https://doi.org/10.1021/jp508409r,mp-1211091,,4,600.0
1403,Ca2La0.98Zr2Ga3O12Ce0.02,Ca2La0.98Zr2Ga3O12,Ce,https://doi.org/10.1021/jp508409r,,,6,515.0
1404,Ca2La0.94Zr2Ga3O12Ce0.06,Ca2La0.94Zr2Ga3O12,Ce,https://doi.org/10.1021/jp508409r,,,5,515.0
1405,Ca2La0.8Zr2Ga3O12Ce0.2,Ca2La0.8Zr2Ga3O12,Ce,https://doi.org/10.1021/jp508409r,,,6,515.0
1406,Li6Y0.95B3O9Eu0.05,Li6Y0.95B3O9,Eu,https://doi.org/10.1002/bio.3006,mp-14704, icsd-184291 icsd-184285 icsd-184287 icsd-184286 icsd-184289 icsd-184283 icsd-184292 icsd-184284 icsd-184290 icsd-184288 icsd-68653,1,614.0
1407,Li6Y0.9B3O9Eu0.1,Li6Y0.9B3O9,Eu,https://doi.org/10.1002/bio.3006,mp-14704, icsd-184291 icsd-184285 icsd-184287 icsd-184286 icsd-184289 icsd-184283 icsd-184292 icsd-184284 icsd-184290 icsd-184288 icsd-68653,8,614.0
1408,Li6Y0.8B3O9Eu0.2,Li6Y0.8B3O9,Eu,https://doi.org/10.1002/bio.3006,mp-14704, icsd-184291 icsd-184285 icsd-184287 icsd-184286 icsd-184289 icsd-184283 icsd-184292 icsd-184284 icsd-184290 icsd-184288 icsd-68653,10,614.0
1409,Li6Y0.5B3O9Eu0.5,Li6Y0.5B3O9,Eu,https://doi.org/10.1002/bio.3006,mp-14704, icsd-184291 icsd-184285 icsd-184287 icsd-184286 icsd-184289 icsd-184283 icsd-184292 icsd-184284 icsd-184290 icsd-184288 icsd-68653,9,614.0
1410,Li6B3O9Eu1,Li6B3O9,Eu,https://doi.org/10.1002/bio.3006,mp-14704, icsd-184291 icsd-184285 icsd-184287 icsd-184286 icsd-184289 icsd-184283 icsd-184292 icsd-184284 icsd-184290 icsd-184288 icsd-68653,4,614.0
1411,LiBa0.98BO3Eu0.02,LiBa0.98BO3,Eu,https://doi.org/10.1002/bio.3295,mp-6499, icsd-92843 icsd-73218,4,613.0
1412,LiBa0.975BO3Eu0.025,LiBa0.975BO3,Eu,https://doi.org/10.1002/bio.3295,mp-6499, icsd-92843 icsd-73218,4,613.0
1413,Ca9La0.9P7O28Eu0.1,Ca9La0.9P7O28,Eu,https://doi.org/10.1007/s00339-017-1226-5,,,3,615.0
1414,Ca9La0.7P7O28Eu0.3,Ca9La0.7P7O28,Eu,https://doi.org/10.1007/s00339-017-1226-5,,,2,615.0
1415,Ca9La0.4P7O28Eu0.6,Ca9La0.4P7O28,Eu,https://doi.org/10.1007/s00339-017-1226-5,,,10,615.0
1416,Ca9La0.1P7O28Eu0.9,Ca9La0.1P7O28,Eu,https://doi.org/10.1007/s00339-017-1226-5,,,9,615.0
1417,Ca9P7O28Eu1,Ca9P7O28,Eu,https://doi.org/10.1007/s00339-017-1226-5,,,8,615.0
1418,Y1.90O3Eu0.05,Y1.90O3,Eu,https://doi.org/10.1007/s00339-017-1226-5,"mp-2652,mp-558573,mp-754759,mp-775907,mp-775906,mp-13061,mp-777514,mp-1244949,mp-1245017,mp-1244888,mp-1245291,mp-1216050,mp-673247", icsd-290965 icsd-192862 icsd-181825 icsd-78581 icsd-27772 icsd-237970 icsd-186675 icsd-80033 icsd-66242 icsd-86813 icsd-85355 icsd-81861 icsd-41936 icsd-647653 icsd-86814 icsd-160890 icsd-193377 icsd-155173 icsd-290963 icsd-151761 icsd-181871 icsd-290961 icsd-26190 icsd-290960 icsd-193042 icsd-16394 icsd-66243 icsd-86817 icsd-184530 icsd-66730 icsd-193376 icsd-153500 icsd-77081 icsd-151760 icsd-290962 icsd-23811 icsd-185295 icsd-290964 icsd-41267 icsd-193374 icsd-193375 icsd-187274 icsd-82420 icsd-86815 icsd-181826 icsd-192863 icsd-160219 icsd-647650 icsd-160204 icsd-181827 icsd-192864,4,611.0
1419,NaSr0.99B5O9Eu0.01,NaSr0.99B5O9,Eu,https://doi.org/10.1016/j.jpcs.2013.07.008,mp-561514, icsd-245570,1,616.0
1420,NaSr0.97B5O9Eu0.03,NaSr0.97B5O9,Eu,https://doi.org/10.1016/j.jpcs.2013.07.008,mp-561514, icsd-245570,6,616.0
1421,NaSr0.95B5O9Eu0.05,NaSr0.95B5O9,Eu,https://doi.org/10.1016/j.jpcs.2013.07.008,mp-561514, icsd-245570,7,616.0
1422,NaSr0.93B5O9Eu0.07,NaSr0.93B5O9,Eu,https://doi.org/10.1016/j.jpcs.2013.07.008,mp-561514, icsd-245570,3,616.0
1423,NaSr0.91B5O9Eu0.09,NaSr0.91B5O9,Eu,https://doi.org/10.1016/j.jpcs.2013.07.008,mp-561514, icsd-245570,7,616.0
1424,Na0.09Sr0.82B2O4Eu0.09,Na0.09Sr0.82B2O4,Eu,https://doi.org/10.1016/j.saa.2011.11.043,"mp-9749,mp-8878", icsd-203226 icsd-69102,7,611.0
1425,Sr0.94B2O4Eu0.06,Sr0.94B2O4,Eu,https://doi.org/10.1016/j.saa.2011.11.043,"mp-9749,mp-8878", icsd-203226 icsd-69102,8,611.0
1426,Ca3YGa3B4O15Ce0.01,Ca3YGa3B4O15,Ce,https://doi.org/10.1021/jp107856d,mp-695475,,7,409.0
1427,Ca3YGa3B4O15Mn0.03,Ca3YGa3B4O15,Mn,https://doi.org/10.1021/jp107856d,mp-695475,,3,589.0
1428,Ca3YGa3B4O15Tb0.07,Ca3YGa3B4O15,Tb,https://doi.org/10.1021/jp107856d,mp-695475,,7,544.0
1429,KCaYP2O8Eu0.01,KCaYP2O8,Eu,https://doi.org/10.1021/ic3007102,,,3,469.0
1430,Ca9Y0.85P7O28Ce0.15,Ca9Y0.85P7O28,Ce,https://doi.org/10.1021/am100043q,,,3,366.0
1431,Ca8.91YP7O28Eu0.01,Ca8.91YP7O28,Eu,https://doi.org/10.1021/am900668r,,,8,486.0
1432,Ba2Tb0.995B2O6ClEu0.005,Ba2Tb0.995B2O6Cl,Eu,https://doi.org/10.1021/ic300401z,,,8,594.0
1433,Ba2Tb0.99B2O6ClEu0.01,Ba2Tb0.99B2O6Cl,Eu,https://doi.org/10.1021/ic300401z,,,3,594.0
1434,Ba2Tb0.98B2O6ClEu0.02,Ba2Tb0.98B2O6Cl,Eu,https://doi.org/10.1021/ic300401z,,,10,594.0
1435,Ba2Tb0.97B2O6ClEu0.03,Ba2Tb0.97B2O6Cl,Eu,https://doi.org/10.1021/ic300401z,,,1,594.0
1436,NaCaLaV2O8Eu0.45,NaCaLaV2O8,Eu,https://doi.org/10.1111/jace.12152,"mp-532028,mp-505741,mp-1182001", icsd-412273,2,613.0
1437,NaSrLaV2O8Eu0.45,NaSrLaV2O8,Eu,https://doi.org/10.1111/jace.12152,mp-19386, icsd-73258 icsd-167701,5,613.0
1438,NaBaLaV2O8Eu0.45,NaBaLaV2O8,Eu,https://doi.org/10.1111/jace.12152,mp-19365, icsd-78169 icsd-14237 icsd-167695,10,613.0
1439,NaCaLaV2O8Eu0.05,NaCaLaV2O8,Eu,https://doi.org/10.1111/jace.12152,"mp-532028,mp-505741,mp-1182001", icsd-412273,10,613.0
1440,LaV2O8Eu0.05,LaV2O8,Eu,https://doi.org/10.1111/jace.12152,,,8,613.0
1441,LiScP2O7Cr0.01,LiScP2O7,Cr,https://doi.org/10.1021/acs.chemmater.9b04934,mp-10517, icsd-91496,4,880.0
1442,LiScP2O7Cr0.03,LiScP2O7,Cr,https://doi.org/10.1021/acs.chemmater.9b04934,mp-10517, icsd-91496,3,880.0
1443,LiScP2O7Cr0.05,LiScP2O7,Cr,https://doi.org/10.1021/acs.chemmater.9b04934,mp-10517, icsd-91496,10,880.0
1444,LiScP2O7Cr0.06,LiScP2O7,Cr,https://doi.org/10.1021/acs.chemmater.9b04934,mp-10517, icsd-91496,6,880.0
1445,LiScP2O7Cr0.07,LiScP2O7,Cr,https://doi.org/10.1021/acs.chemmater.9b04934,mp-10517, icsd-91496,10,880.0
1446,LiScP2O7Cr0.09,LiScP2O7,Cr,https://doi.org/10.1021/acs.chemmater.9b04934,mp-10517, icsd-91496,6,880.0
1447,La2Mg0.99Zr0.99O6Cr0.02,La2Mg0.99Zr0.99O6,Cr,https://doi.org/10.1021/acs.chemmater.9b01587,mp-1223208,,4,825.0
1448,Ga1.97O3Cr0.03,Ga1.97O3,Cr,https://doi.org/10.1021/acsami.1c05949,"mp-886,mp-1243,mp-1244900,mp-1245167,mp-1244938,mp-1245018,mp-1244932,mp-685090,mp-13134", icsd-603563 icsd-184327 icsd-166198 icsd-34243 icsd-83645 icsd-33644 icsd-635016 icsd-166199 icsd-27431 icsd-162252,5,710.0
1449,Ga1.67In0.3O3Cr0.03,Ga1.67In0.3O3,Cr,https://doi.org/10.1021/acsami.1c05949,"mp-886,mp-1243,mp-1244900,mp-1245167,mp-1244938,mp-1245018,mp-1244932,mp-685090,mp-13134", icsd-603563 icsd-184327 icsd-166198 icsd-34243 icsd-83645 icsd-33644 icsd-635016 icsd-166199 icsd-27431 icsd-162252,4,790.0
1450,Ga1.57In0.4O3Cr0.03,Ga1.57In0.4O3,Cr,https://doi.org/10.1021/acsami.1c05949,"mp-886,mp-1243,mp-1244900,mp-1245167,mp-1244938,mp-1245018,mp-1244932,mp-685090,mp-13134", icsd-603563 icsd-184327 icsd-166198 icsd-34243 icsd-83645 icsd-33644 icsd-635016 icsd-166199 icsd-27431 icsd-162252,8,805.0
1451,LiScGeO4Cr0.005,LiScGeO4,Cr,https://doi.org/10.1021/acsami.1c10490,mp-504948, icsd-62481,6,1120.0
1452,LiScGeO4Cr0.01,LiScGeO4,Cr,https://doi.org/10.1021/acsami.1c10490,mp-504948, icsd-62481,5,1120.0
1453,LiScGeO4Cr0.01,LiScGeO4,Cr,https://doi.org/10.1021/acsami.1c10490,mp-504948, icsd-62481,6,1120.0
1454,LiScGeO4Cr0.01,LiScGeO4,Cr,https://doi.org/10.1021/acsami.1c10490,mp-504948, icsd-62481,1,1120.0
1455,LiScGeO4Cr0.01,LiScGeO4,Cr,https://doi.org/10.1021/acsami.1c10490,mp-504948, icsd-62481,5,1120.0
1456,LiScGeO4Cr0.01,LiScGeO4,Cr,https://doi.org/10.1021/acsami.1c10490,mp-504948, icsd-62481,2,1120.0
1457,LiScGeO4Cr0.01,LiScGeO4,Cr,https://doi.org/10.1021/acsami.1c10490,mp-504948, icsd-62481,3,1120.0
1458,LiScGeO4Cr0.01,LiScGeO4,Cr,https://doi.org/10.1021/acsami.1c10490,mp-504948, icsd-62481,9,1120.0
1459,LiScGeO4Cr0.02,LiScGeO4,Cr,https://doi.org/10.1021/acsami.1c10490,mp-504948, icsd-62481,6,1120.0
1460,LiScGeO4Cr0.03,LiScGeO4,Cr,https://doi.org/10.1021/acsami.1c10490,mp-504948, icsd-62481,7,1120.0
1461,LiScGeO4Cr0.05,LiScGeO4,Cr,https://doi.org/10.1021/acsami.1c10490,mp-504948, icsd-62481,3,1120.0
1462,K2NaSc0.9F6Cr0.1,K2NaSc0.9F6,Cr,https://doi.org/10.1002/lpor.202000410,mp-6058, icsd-22112 icsd-65730,5,765.0
1463,Gd2MgTiO6Cr0.001,Gd2MgTiO6,Cr,https://doi.org/10.1111/jace.18011,,,5,737.0
1464,Ca4P2O9Ce0.02,Ca4P2O9,Ce,https://doi.org/10.1039/C5DT01018G,mp-5263, icsd-291496 icsd-2631 icsd-160461,8,460.0
1465,Ca4P2O9Eu0.012,Ca4P2O9,Eu,https://doi.org/10.1039/C5DT01018G,mp-5263, icsd-291496 icsd-2631 icsd-160461,4,650.0
1466,Ca1.97PO4ClCe0.03,Ca1.97PO4Cl,Ce,https://doi.org/10.1039/C4RA03087G,mp-554081, icsd-15316,3,367.0
1467,Sr3Al2O5Cl2Ce0.01,Sr3Al2O5Cl2,Ce,https://doi.org/10.1063/1.3094753,mp-559224, icsd-68365,4,444.0
1468,Sr3Al2O5Cl2Eu0.04,Sr3Al2O5Cl2,Eu,https://doi.org/10.1063/1.3094753,mp-559224, icsd-68365,4,609.0
1469,La2.9NbO7Sm0.1,La2.9NbO7,Sm,https://doi.org/10.1111/jace.17805,"mp-560349,mp-12287", icsd-79481 icsd-190728 icsd-10058,7,648.0
1470,La2.9NbO7Sm0.1,La2.9NbO7,Sm,https://doi.org/10.1111/jace.17805,"mp-560349,mp-12287", icsd-79481 icsd-190728 icsd-10058,9,648.0
1471,LaMgGa10.995O19Cr0.005,LaMgGa10.995O19,Cr,https://doi.org/10.1039/D0QI00063A,,,3,712.0
1472,LaMgGa10.99O19Cr0.01,LaMgGa10.99O19,Cr,https://doi.org/10.1039/D0QI00063A,,,3,712.0
1473,LaMgGa10.98O19Cr0.02,LaMgGa10.98O19,Cr,https://doi.org/10.1039/D0QI00063A,,,7,712.0
1474,LaMgGa10.95O19Cr0.05,LaMgGa10.95O19,Cr,https://doi.org/10.1039/D0QI00063A,,,8,712.0
1475,LaMgGa10.9O19Cr0.1,LaMgGa10.9O19,Cr,https://doi.org/10.1039/D0QI00063A,,,6,712.0
1476,LaMgGa10.8O19Cr0.2,LaMgGa10.8O19,Cr,https://doi.org/10.1039/D0QI00063A,,,1,770.0
1477,Sc0.99BO3Cr0.01,Sc0.99BO3,Cr,https://doi.org/10.1039/C8RA01084F,mp-8697, icsd-65010 icsd-195099,4,800.0
1478,Sc0.98BO3Cr0.02,Sc0.98BO3,Cr,https://doi.org/10.1039/C8RA01084F,mp-8697, icsd-65010 icsd-195099,10,800.0
1479,Sc0.97BO3Cr0.03,Sc0.97BO3,Cr,https://doi.org/10.1039/C8RA01084F,mp-8697, icsd-65010 icsd-195099,10,800.0
1480,Sc0.95BO3Cr0.05,Sc0.95BO3,Cr,https://doi.org/10.1039/C8RA01084F,mp-8697, icsd-65010 icsd-195099,2,800.0
1481,Sc0.92BO3Cr0.08,Sc0.92BO3,Cr,https://doi.org/10.1039/C8RA01084F,mp-8697, icsd-65010 icsd-195099,7,800.0
1482,Ca2YSb0.999O6Mn0.001,Ca2YSb0.999O6,Mn,https://doi.org/10.1039/C8DT00992A,,,10,680.0
1483,Ca2YSb0.997O6Mn0.003,Ca2YSb0.997O6,Mn,https://doi.org/10.1039/C8DT00992A,,,7,680.0
1484,Ca2YSb0.997O6Mn0.003,Ca2YSb0.997O6,Mn,https://doi.org/10.1039/C8DT00992A,,,10,680.0
1485,Ca2YSb0.997O6Mn0.003,Ca2YSb0.997O6,Mn,https://doi.org/10.1039/C8DT00992A,,,10,680.0
1486,Ca2YSb0.995O6Mn0.005,Ca2YSb0.995O6,Mn,https://doi.org/10.1039/C8DT00992A,,,6,680.0
1487,Ca2YSb0.99O6Mn0.01,Ca2YSb0.99O6,Mn,https://doi.org/10.1039/C8DT00992A,,,4,680.0
1488,Ca2YSb0.985O6Mn0.015,Ca2YSb0.985O6,Mn,https://doi.org/10.1039/C8DT00992A,,,6,680.0
1489,Ca2YSb0.98O6Mn0.02,Ca2YSb0.98O6,Mn,https://doi.org/10.1039/C8DT00992A,,,2,680.0
1490,Ca2YSb0.997O6Li0.003Mn0.003,Ca2YSb0.997O6Li0.003,Mn,https://doi.org/10.1039/C8DT00992A,,,3,680.0
1491,Ca2YSb0.997O6Mg0.003Mn0.003,Ca2YSb0.997O6Mg0.003,Mn,https://doi.org/10.1039/C8DT00992A,,,2,680.0
1492,Ca2YSb0.997O6Na0.003Mn0.003,Ca2YSb0.997O6Na0.003,Mn,https://doi.org/10.1039/C8DT00992A,,,8,680.0
1493,Ca2YSb0.997O6K0.003Mn0.003,Ca2YSb0.997O6K0.003,Mn,https://doi.org/10.1039/C8DT00992A,,,7,680.0
1494,Y1.98SiO5Ce0.01,Y1.98SiO5,Ce,https://doi.org/10.1021/jp412702g,"mp-3520,mp-554420", icsd-291362 icsd-28021 icsd-27003 icsd-291358 icsd-51591 icsd-153076,1,423.0
1495,MgY4Si3O13Eu0.03,MgY4Si3O13,Eu,https://doi.org/10.1016/j.ceramint.2017.09.005,,,10,395.0
1496,MgY4Si3O13Tb0.1,MgY4Si3O13,Tb,https://doi.org/10.1016/j.ceramint.2017.09.005,,,10,544.0
1497,MgY4Si3O13Ce0.01,MgY4Si3O13,Ce,https://doi.org/10.1016/j.ceramint.2017.09.005,,,9,616.0
1498,Ba0.95TiO3Eu0.05,Ba0.95TiO3,Eu,https://doi.org/10.1016/j.ceramint.2017.07.069,"mp-5020,mp-5777,mp-5986,mp-558125,mp-5933,mp-2998,mp-644497,mp-1076932,mp-995191,mp-19990,mp-504715", icsd-186463 icsd-73628 icsd-73634 icsd-73629 icsd-186461 icsd-73636 icsd-73633 icsd-73631 icsd-73635 icsd-100464 icsd-100463 icsd-186462 icsd-6102 icsd-73632 icsd-73630 icsd-31155 icsd-237109 icsd-73641 icsd-237106 icsd-73639 icsd-73640 icsd-73638 icsd-73637 icsd-186460 icsd-161340 icsd-161418 icsd-237107 icsd-30617 icsd-23758 icsd-245946 icsd-237105 icsd-185407 icsd-154345 icsd-73645 icsd-183932 icsd-186457 icsd-100801 icsd-189381 icsd-188644 icsd-100803 icsd-157806 icsd-73644 icsd-154343 icsd-164388 icsd-245944 icsd-186458 icsd-73646 icsd-100799 icsd-73643 icsd-237108 icsd-168763 icsd-100800 icsd-73642 icsd-15453 icsd-99737 icsd-100802 icsd-192889 icsd-245945 icsd-34637 icsd-130020 icsd-23759 icsd-67520 icsd-164385 icsd-31153 icsd-190835 icsd-186459 icsd-290023 icsd-95436 icsd-164387 icsd-248395 icsd-252558 icsd-55221 icsd-75240 icsd-164386 icsd-34619 icsd-186528 icsd-28851 icsd-27971 icsd-56093 icsd-187292 icsd-290019 icsd-187291 icsd-28854 icsd-29280 icsd-29146 icsd-28849 icsd-190924 icsd-99736 icsd-31890 icsd-27970 icsd-27975 icsd-27965 icsd-31885 icsd-27974 icsd-31884 icsd-31886 icsd-31889 icsd-27968 icsd-29147 icsd-31888 icsd-29148 icsd-28853 icsd-28848 icsd-28850 icsd-166225 icsd-95437 icsd-186437 icsd-28620 icsd-27966 icsd-43125 icsd-67519 icsd-27969 icsd-185374 icsd-154344 icsd-100804 icsd-252562 icsd-27967 icsd-31887 icsd-27977 icsd-27973 icsd-27976 icsd-67518 icsd-27972 icsd-28852 icsd-154346 icsd-161341 icsd-161419 icsd-161341 icsd-109327,9,615.0
1499,Ba0.94TiO3K0.01Eu0.05,Ba0.94TiO3K0.01,Eu,https://doi.org/10.1016/j.ceramint.2017.07.069,"mp-5020,mp-5777,mp-5986,mp-558125,mp-5933,mp-2998,mp-644497,mp-1076932,mp-995191,mp-19990,mp-504715", icsd-186463 icsd-73628 icsd-73634 icsd-73629 icsd-186461 icsd-73636 icsd-73633 icsd-73631 icsd-73635 icsd-100464 icsd-100463 icsd-186462 icsd-6102 icsd-73632 icsd-73630 icsd-31155 icsd-237109 icsd-73641 icsd-237106 icsd-73639 icsd-73640 icsd-73638 icsd-73637 icsd-186460 icsd-161340 icsd-161418 icsd-237107 icsd-30617 icsd-23758 icsd-245946 icsd-237105 icsd-185407 icsd-154345 icsd-73645 icsd-183932 icsd-186457 icsd-100801 icsd-189381 icsd-188644 icsd-100803 icsd-157806 icsd-73644 icsd-154343 icsd-164388 icsd-245944 icsd-186458 icsd-73646 icsd-100799 icsd-73643 icsd-237108 icsd-168763 icsd-100800 icsd-73642 icsd-15453 icsd-99737 icsd-100802 icsd-192889 icsd-245945 icsd-34637 icsd-130020 icsd-23759 icsd-67520 icsd-164385 icsd-31153 icsd-190835 icsd-186459 icsd-290023 icsd-95436 icsd-164387 icsd-248395 icsd-252558 icsd-55221 icsd-75240 icsd-164386 icsd-34619 icsd-186528 icsd-28851 icsd-27971 icsd-56093 icsd-187292 icsd-290019 icsd-187291 icsd-28854 icsd-29280 icsd-29146 icsd-28849 icsd-190924 icsd-99736 icsd-31890 icsd-27970 icsd-27975 icsd-27965 icsd-31885 icsd-27974 icsd-31884 icsd-31886 icsd-31889 icsd-27968 icsd-29147 icsd-31888 icsd-29148 icsd-28853 icsd-28848 icsd-28850 icsd-166225 icsd-95437 icsd-186437 icsd-28620 icsd-27966 icsd-43125 icsd-67519 icsd-27969 icsd-185374 icsd-154344 icsd-100804 icsd-252562 icsd-27967 icsd-31887 icsd-27977 icsd-27973 icsd-27976 icsd-67518 icsd-27972 icsd-28852 icsd-154346 icsd-161341 icsd-161419 icsd-161341 icsd-109327,1,615.0
1500,Ba0.93TiO3K0.02Eu0.05,Ba0.93TiO3K0.02,Eu,https://doi.org/10.1016/j.ceramint.2017.07.069,"mp-5020,mp-5777,mp-5986,mp-558125,mp-5933,mp-2998,mp-644497,mp-1076932,mp-995191,mp-19990,mp-504715", icsd-186463 icsd-73628 icsd-73634 icsd-73629 icsd-186461 icsd-73636 icsd-73633 icsd-73631 icsd-73635 icsd-100464 icsd-100463 icsd-186462 icsd-6102 icsd-73632 icsd-73630 icsd-31155 icsd-237109 icsd-73641 icsd-237106 icsd-73639 icsd-73640 icsd-73638 icsd-73637 icsd-186460 icsd-161340 icsd-161418 icsd-237107 icsd-30617 icsd-23758 icsd-245946 icsd-237105 icsd-185407 icsd-154345 icsd-73645 icsd-183932 icsd-186457 icsd-100801 icsd-189381 icsd-188644 icsd-100803 icsd-157806 icsd-73644 icsd-154343 icsd-164388 icsd-245944 icsd-186458 icsd-73646 icsd-100799 icsd-73643 icsd-237108 icsd-168763 icsd-100800 icsd-73642 icsd-15453 icsd-99737 icsd-100802 icsd-192889 icsd-245945 icsd-34637 icsd-130020 icsd-23759 icsd-67520 icsd-164385 icsd-31153 icsd-190835 icsd-186459 icsd-290023 icsd-95436 icsd-164387 icsd-248395 icsd-252558 icsd-55221 icsd-75240 icsd-164386 icsd-34619 icsd-186528 icsd-28851 icsd-27971 icsd-56093 icsd-187292 icsd-290019 icsd-187291 icsd-28854 icsd-29280 icsd-29146 icsd-28849 icsd-190924 icsd-99736 icsd-31890 icsd-27970 icsd-27975 icsd-27965 icsd-31885 icsd-27974 icsd-31884 icsd-31886 icsd-31889 icsd-27968 icsd-29147 icsd-31888 icsd-29148 icsd-28853 icsd-28848 icsd-28850 icsd-166225 icsd-95437 icsd-186437 icsd-28620 icsd-27966 icsd-43125 icsd-67519 icsd-27969 icsd-185374 icsd-154344 icsd-100804 icsd-252562 icsd-27967 icsd-31887 icsd-27977 icsd-27973 icsd-27976 icsd-67518 icsd-27972 icsd-28852 icsd-154346 icsd-161341 icsd-161419 icsd-161341 icsd-109327,10,615.0
1501,Ba0.91TiO3K0.04Eu0.05,Ba0.91TiO3K0.04,Eu,https://doi.org/10.1016/j.ceramint.2017.07.069,"mp-5020,mp-5777,mp-5986,mp-558125,mp-5933,mp-2998,mp-644497,mp-1076932,mp-995191,mp-19990,mp-504715", icsd-186463 icsd-73628 icsd-73634 icsd-73629 icsd-186461 icsd-73636 icsd-73633 icsd-73631 icsd-73635 icsd-100464 icsd-100463 icsd-186462 icsd-6102 icsd-73632 icsd-73630 icsd-31155 icsd-237109 icsd-73641 icsd-237106 icsd-73639 icsd-73640 icsd-73638 icsd-73637 icsd-186460 icsd-161340 icsd-161418 icsd-237107 icsd-30617 icsd-23758 icsd-245946 icsd-237105 icsd-185407 icsd-154345 icsd-73645 icsd-183932 icsd-186457 icsd-100801 icsd-189381 icsd-188644 icsd-100803 icsd-157806 icsd-73644 icsd-154343 icsd-164388 icsd-245944 icsd-186458 icsd-73646 icsd-100799 icsd-73643 icsd-237108 icsd-168763 icsd-100800 icsd-73642 icsd-15453 icsd-99737 icsd-100802 icsd-192889 icsd-245945 icsd-34637 icsd-130020 icsd-23759 icsd-67520 icsd-164385 icsd-31153 icsd-190835 icsd-186459 icsd-290023 icsd-95436 icsd-164387 icsd-248395 icsd-252558 icsd-55221 icsd-75240 icsd-164386 icsd-34619 icsd-186528 icsd-28851 icsd-27971 icsd-56093 icsd-187292 icsd-290019 icsd-187291 icsd-28854 icsd-29280 icsd-29146 icsd-28849 icsd-190924 icsd-99736 icsd-31890 icsd-27970 icsd-27975 icsd-27965 icsd-31885 icsd-27974 icsd-31884 icsd-31886 icsd-31889 icsd-27968 icsd-29147 icsd-31888 icsd-29148 icsd-28853 icsd-28848 icsd-28850 icsd-166225 icsd-95437 icsd-186437 icsd-28620 icsd-27966 icsd-43125 icsd-67519 icsd-27969 icsd-185374 icsd-154344 icsd-100804 icsd-252562 icsd-27967 icsd-31887 icsd-27977 icsd-27973 icsd-27976 icsd-67518 icsd-27972 icsd-28852 icsd-154346 icsd-161341 icsd-161419 icsd-161341 icsd-109327,1,615.0
1502,Ba0.89TiO3K0.06Eu0.05,Ba0.89TiO3K0.06,Eu,https://doi.org/10.1016/j.ceramint.2017.07.069,"mp-5020,mp-5777,mp-5986,mp-558125,mp-5933,mp-2998,mp-644497,mp-1076932,mp-995191,mp-19990,mp-504715", icsd-186463 icsd-73628 icsd-73634 icsd-73629 icsd-186461 icsd-73636 icsd-73633 icsd-73631 icsd-73635 icsd-100464 icsd-100463 icsd-186462 icsd-6102 icsd-73632 icsd-73630 icsd-31155 icsd-237109 icsd-73641 icsd-237106 icsd-73639 icsd-73640 icsd-73638 icsd-73637 icsd-186460 icsd-161340 icsd-161418 icsd-237107 icsd-30617 icsd-23758 icsd-245946 icsd-237105 icsd-185407 icsd-154345 icsd-73645 icsd-183932 icsd-186457 icsd-100801 icsd-189381 icsd-188644 icsd-100803 icsd-157806 icsd-73644 icsd-154343 icsd-164388 icsd-245944 icsd-186458 icsd-73646 icsd-100799 icsd-73643 icsd-237108 icsd-168763 icsd-100800 icsd-73642 icsd-15453 icsd-99737 icsd-100802 icsd-192889 icsd-245945 icsd-34637 icsd-130020 icsd-23759 icsd-67520 icsd-164385 icsd-31153 icsd-190835 icsd-186459 icsd-290023 icsd-95436 icsd-164387 icsd-248395 icsd-252558 icsd-55221 icsd-75240 icsd-164386 icsd-34619 icsd-186528 icsd-28851 icsd-27971 icsd-56093 icsd-187292 icsd-290019 icsd-187291 icsd-28854 icsd-29280 icsd-29146 icsd-28849 icsd-190924 icsd-99736 icsd-31890 icsd-27970 icsd-27975 icsd-27965 icsd-31885 icsd-27974 icsd-31884 icsd-31886 icsd-31889 icsd-27968 icsd-29147 icsd-31888 icsd-29148 icsd-28853 icsd-28848 icsd-28850 icsd-166225 icsd-95437 icsd-186437 icsd-28620 icsd-27966 icsd-43125 icsd-67519 icsd-27969 icsd-185374 icsd-154344 icsd-100804 icsd-252562 icsd-27967 icsd-31887 icsd-27977 icsd-27973 icsd-27976 icsd-67518 icsd-27972 icsd-28852 icsd-154346 icsd-161341 icsd-161419 icsd-161341 icsd-109327,7,615.0
1503,Ba0.87TiO3K0.08Eu0.05,Ba0.87TiO3K0.08,Eu,https://doi.org/10.1016/j.ceramint.2017.07.069,"mp-5020,mp-5777,mp-5986,mp-558125,mp-5933,mp-2998,mp-644497,mp-1076932,mp-995191,mp-19990,mp-504715", icsd-186463 icsd-73628 icsd-73634 icsd-73629 icsd-186461 icsd-73636 icsd-73633 icsd-73631 icsd-73635 icsd-100464 icsd-100463 icsd-186462 icsd-6102 icsd-73632 icsd-73630 icsd-31155 icsd-237109 icsd-73641 icsd-237106 icsd-73639 icsd-73640 icsd-73638 icsd-73637 icsd-186460 icsd-161340 icsd-161418 icsd-237107 icsd-30617 icsd-23758 icsd-245946 icsd-237105 icsd-185407 icsd-154345 icsd-73645 icsd-183932 icsd-186457 icsd-100801 icsd-189381 icsd-188644 icsd-100803 icsd-157806 icsd-73644 icsd-154343 icsd-164388 icsd-245944 icsd-186458 icsd-73646 icsd-100799 icsd-73643 icsd-237108 icsd-168763 icsd-100800 icsd-73642 icsd-15453 icsd-99737 icsd-100802 icsd-192889 icsd-245945 icsd-34637 icsd-130020 icsd-23759 icsd-67520 icsd-164385 icsd-31153 icsd-190835 icsd-186459 icsd-290023 icsd-95436 icsd-164387 icsd-248395 icsd-252558 icsd-55221 icsd-75240 icsd-164386 icsd-34619 icsd-186528 icsd-28851 icsd-27971 icsd-56093 icsd-187292 icsd-290019 icsd-187291 icsd-28854 icsd-29280 icsd-29146 icsd-28849 icsd-190924 icsd-99736 icsd-31890 icsd-27970 icsd-27975 icsd-27965 icsd-31885 icsd-27974 icsd-31884 icsd-31886 icsd-31889 icsd-27968 icsd-29147 icsd-31888 icsd-29148 icsd-28853 icsd-28848 icsd-28850 icsd-166225 icsd-95437 icsd-186437 icsd-28620 icsd-27966 icsd-43125 icsd-67519 icsd-27969 icsd-185374 icsd-154344 icsd-100804 icsd-252562 icsd-27967 icsd-31887 icsd-27977 icsd-27973 icsd-27976 icsd-67518 icsd-27972 icsd-28852 icsd-154346 icsd-161341 icsd-161419 icsd-161341 icsd-109327,3,615.0
1504,Ba0.89TiO3K0.06Eu0.05,Ba0.89TiO3K0.06,Eu,https://doi.org/10.1016/j.ceramint.2017.07.069,"mp-5020,mp-5777,mp-5986,mp-558125,mp-5933,mp-2998,mp-644497,mp-1076932,mp-995191,mp-19990,mp-504715", icsd-186463 icsd-73628 icsd-73634 icsd-73629 icsd-186461 icsd-73636 icsd-73633 icsd-73631 icsd-73635 icsd-100464 icsd-100463 icsd-186462 icsd-6102 icsd-73632 icsd-73630 icsd-31155 icsd-237109 icsd-73641 icsd-237106 icsd-73639 icsd-73640 icsd-73638 icsd-73637 icsd-186460 icsd-161340 icsd-161418 icsd-237107 icsd-30617 icsd-23758 icsd-245946 icsd-237105 icsd-185407 icsd-154345 icsd-73645 icsd-183932 icsd-186457 icsd-100801 icsd-189381 icsd-188644 icsd-100803 icsd-157806 icsd-73644 icsd-154343 icsd-164388 icsd-245944 icsd-186458 icsd-73646 icsd-100799 icsd-73643 icsd-237108 icsd-168763 icsd-100800 icsd-73642 icsd-15453 icsd-99737 icsd-100802 icsd-192889 icsd-245945 icsd-34637 icsd-130020 icsd-23759 icsd-67520 icsd-164385 icsd-31153 icsd-190835 icsd-186459 icsd-290023 icsd-95436 icsd-164387 icsd-248395 icsd-252558 icsd-55221 icsd-75240 icsd-164386 icsd-34619 icsd-186528 icsd-28851 icsd-27971 icsd-56093 icsd-187292 icsd-290019 icsd-187291 icsd-28854 icsd-29280 icsd-29146 icsd-28849 icsd-190924 icsd-99736 icsd-31890 icsd-27970 icsd-27975 icsd-27965 icsd-31885 icsd-27974 icsd-31884 icsd-31886 icsd-31889 icsd-27968 icsd-29147 icsd-31888 icsd-29148 icsd-28853 icsd-28848 icsd-28850 icsd-166225 icsd-95437 icsd-186437 icsd-28620 icsd-27966 icsd-43125 icsd-67519 icsd-27969 icsd-185374 icsd-154344 icsd-100804 icsd-252562 icsd-27967 icsd-31887 icsd-27977 icsd-27973 icsd-27976 icsd-67518 icsd-27972 icsd-28852 icsd-154346 icsd-161341 icsd-161419 icsd-161341 icsd-109327,9,615.0
1505,Ba0.89TiO3K0.06Eu0.05,Ba0.89TiO3K0.06,Eu,https://doi.org/10.1016/j.ceramint.2017.07.069,"mp-5020,mp-5777,mp-5986,mp-558125,mp-5933,mp-2998,mp-644497,mp-1076932,mp-995191,mp-19990,mp-504715", icsd-186463 icsd-73628 icsd-73634 icsd-73629 icsd-186461 icsd-73636 icsd-73633 icsd-73631 icsd-73635 icsd-100464 icsd-100463 icsd-186462 icsd-6102 icsd-73632 icsd-73630 icsd-31155 icsd-237109 icsd-73641 icsd-237106 icsd-73639 icsd-73640 icsd-73638 icsd-73637 icsd-186460 icsd-161340 icsd-161418 icsd-237107 icsd-30617 icsd-23758 icsd-245946 icsd-237105 icsd-185407 icsd-154345 icsd-73645 icsd-183932 icsd-186457 icsd-100801 icsd-189381 icsd-188644 icsd-100803 icsd-157806 icsd-73644 icsd-154343 icsd-164388 icsd-245944 icsd-186458 icsd-73646 icsd-100799 icsd-73643 icsd-237108 icsd-168763 icsd-100800 icsd-73642 icsd-15453 icsd-99737 icsd-100802 icsd-192889 icsd-245945 icsd-34637 icsd-130020 icsd-23759 icsd-67520 icsd-164385 icsd-31153 icsd-190835 icsd-186459 icsd-290023 icsd-95436 icsd-164387 icsd-248395 icsd-252558 icsd-55221 icsd-75240 icsd-164386 icsd-34619 icsd-186528 icsd-28851 icsd-27971 icsd-56093 icsd-187292 icsd-290019 icsd-187291 icsd-28854 icsd-29280 icsd-29146 icsd-28849 icsd-190924 icsd-99736 icsd-31890 icsd-27970 icsd-27975 icsd-27965 icsd-31885 icsd-27974 icsd-31884 icsd-31886 icsd-31889 icsd-27968 icsd-29147 icsd-31888 icsd-29148 icsd-28853 icsd-28848 icsd-28850 icsd-166225 icsd-95437 icsd-186437 icsd-28620 icsd-27966 icsd-43125 icsd-67519 icsd-27969 icsd-185374 icsd-154344 icsd-100804 icsd-252562 icsd-27967 icsd-31887 icsd-27977 icsd-27973 icsd-27976 icsd-67518 icsd-27972 icsd-28852 icsd-154346 icsd-161341 icsd-161419 icsd-161341 icsd-109327,3,615.0
1506,Ba0.89TiO3K0.06Eu0.05,Ba0.89TiO3K0.06,Eu,https://doi.org/10.1016/j.ceramint.2017.07.069,"mp-5020,mp-5777,mp-5986,mp-558125,mp-5933,mp-2998,mp-644497,mp-1076932,mp-995191,mp-19990,mp-504715", icsd-186463 icsd-73628 icsd-73634 icsd-73629 icsd-186461 icsd-73636 icsd-73633 icsd-73631 icsd-73635 icsd-100464 icsd-100463 icsd-186462 icsd-6102 icsd-73632 icsd-73630 icsd-31155 icsd-237109 icsd-73641 icsd-237106 icsd-73639 icsd-73640 icsd-73638 icsd-73637 icsd-186460 icsd-161340 icsd-161418 icsd-237107 icsd-30617 icsd-23758 icsd-245946 icsd-237105 icsd-185407 icsd-154345 icsd-73645 icsd-183932 icsd-186457 icsd-100801 icsd-189381 icsd-188644 icsd-100803 icsd-157806 icsd-73644 icsd-154343 icsd-164388 icsd-245944 icsd-186458 icsd-73646 icsd-100799 icsd-73643 icsd-237108 icsd-168763 icsd-100800 icsd-73642 icsd-15453 icsd-99737 icsd-100802 icsd-192889 icsd-245945 icsd-34637 icsd-130020 icsd-23759 icsd-67520 icsd-164385 icsd-31153 icsd-190835 icsd-186459 icsd-290023 icsd-95436 icsd-164387 icsd-248395 icsd-252558 icsd-55221 icsd-75240 icsd-164386 icsd-34619 icsd-186528 icsd-28851 icsd-27971 icsd-56093 icsd-187292 icsd-290019 icsd-187291 icsd-28854 icsd-29280 icsd-29146 icsd-28849 icsd-190924 icsd-99736 icsd-31890 icsd-27970 icsd-27975 icsd-27965 icsd-31885 icsd-27974 icsd-31884 icsd-31886 icsd-31889 icsd-27968 icsd-29147 icsd-31888 icsd-29148 icsd-28853 icsd-28848 icsd-28850 icsd-166225 icsd-95437 icsd-186437 icsd-28620 icsd-27966 icsd-43125 icsd-67519 icsd-27969 icsd-185374 icsd-154344 icsd-100804 icsd-252562 icsd-27967 icsd-31887 icsd-27977 icsd-27973 icsd-27976 icsd-67518 icsd-27972 icsd-28852 icsd-154346 icsd-161341 icsd-161419 icsd-161341 icsd-109327,3,615.0
1507,Ba0.89TiO3K0.06Eu0.05,Ba0.89TiO3K0.06,Eu,https://doi.org/10.1016/j.ceramint.2017.07.069,"mp-5020,mp-5777,mp-5986,mp-558125,mp-5933,mp-2998,mp-644497,mp-1076932,mp-995191,mp-19990,mp-504715", icsd-186463 icsd-73628 icsd-73634 icsd-73629 icsd-186461 icsd-73636 icsd-73633 icsd-73631 icsd-73635 icsd-100464 icsd-100463 icsd-186462 icsd-6102 icsd-73632 icsd-73630 icsd-31155 icsd-237109 icsd-73641 icsd-237106 icsd-73639 icsd-73640 icsd-73638 icsd-73637 icsd-186460 icsd-161340 icsd-161418 icsd-237107 icsd-30617 icsd-23758 icsd-245946 icsd-237105 icsd-185407 icsd-154345 icsd-73645 icsd-183932 icsd-186457 icsd-100801 icsd-189381 icsd-188644 icsd-100803 icsd-157806 icsd-73644 icsd-154343 icsd-164388 icsd-245944 icsd-186458 icsd-73646 icsd-100799 icsd-73643 icsd-237108 icsd-168763 icsd-100800 icsd-73642 icsd-15453 icsd-99737 icsd-100802 icsd-192889 icsd-245945 icsd-34637 icsd-130020 icsd-23759 icsd-67520 icsd-164385 icsd-31153 icsd-190835 icsd-186459 icsd-290023 icsd-95436 icsd-164387 icsd-248395 icsd-252558 icsd-55221 icsd-75240 icsd-164386 icsd-34619 icsd-186528 icsd-28851 icsd-27971 icsd-56093 icsd-187292 icsd-290019 icsd-187291 icsd-28854 icsd-29280 icsd-29146 icsd-28849 icsd-190924 icsd-99736 icsd-31890 icsd-27970 icsd-27975 icsd-27965 icsd-31885 icsd-27974 icsd-31884 icsd-31886 icsd-31889 icsd-27968 icsd-29147 icsd-31888 icsd-29148 icsd-28853 icsd-28848 icsd-28850 icsd-166225 icsd-95437 icsd-186437 icsd-28620 icsd-27966 icsd-43125 icsd-67519 icsd-27969 icsd-185374 icsd-154344 icsd-100804 icsd-252562 icsd-27967 icsd-31887 icsd-27977 icsd-27973 icsd-27976 icsd-67518 icsd-27972 icsd-28852 icsd-154346 icsd-161341 icsd-161419 icsd-161341 icsd-109327,8,615.0
1508,Ba0.89TiO3K0.06Eu0.05,Ba0.89TiO3K0.06,Eu,https://doi.org/10.1016/j.ceramint.2017.07.069,"mp-5020,mp-5777,mp-5986,mp-558125,mp-5933,mp-2998,mp-644497,mp-1076932,mp-995191,mp-19990,mp-504715", icsd-186463 icsd-73628 icsd-73634 icsd-73629 icsd-186461 icsd-73636 icsd-73633 icsd-73631 icsd-73635 icsd-100464 icsd-100463 icsd-186462 icsd-6102 icsd-73632 icsd-73630 icsd-31155 icsd-237109 icsd-73641 icsd-237106 icsd-73639 icsd-73640 icsd-73638 icsd-73637 icsd-186460 icsd-161340 icsd-161418 icsd-237107 icsd-30617 icsd-23758 icsd-245946 icsd-237105 icsd-185407 icsd-154345 icsd-73645 icsd-183932 icsd-186457 icsd-100801 icsd-189381 icsd-188644 icsd-100803 icsd-157806 icsd-73644 icsd-154343 icsd-164388 icsd-245944 icsd-186458 icsd-73646 icsd-100799 icsd-73643 icsd-237108 icsd-168763 icsd-100800 icsd-73642 icsd-15453 icsd-99737 icsd-100802 icsd-192889 icsd-245945 icsd-34637 icsd-130020 icsd-23759 icsd-67520 icsd-164385 icsd-31153 icsd-190835 icsd-186459 icsd-290023 icsd-95436 icsd-164387 icsd-248395 icsd-252558 icsd-55221 icsd-75240 icsd-164386 icsd-34619 icsd-186528 icsd-28851 icsd-27971 icsd-56093 icsd-187292 icsd-290019 icsd-187291 icsd-28854 icsd-29280 icsd-29146 icsd-28849 icsd-190924 icsd-99736 icsd-31890 icsd-27970 icsd-27975 icsd-27965 icsd-31885 icsd-27974 icsd-31884 icsd-31886 icsd-31889 icsd-27968 icsd-29147 icsd-31888 icsd-29148 icsd-28853 icsd-28848 icsd-28850 icsd-166225 icsd-95437 icsd-186437 icsd-28620 icsd-27966 icsd-43125 icsd-67519 icsd-27969 icsd-185374 icsd-154344 icsd-100804 icsd-252562 icsd-27967 icsd-31887 icsd-27977 icsd-27973 icsd-27976 icsd-67518 icsd-27972 icsd-28852 icsd-154346 icsd-161341 icsd-161419 icsd-161341 icsd-109327,4,615.0
1509,Ba0.89TiO3K0.06Eu0.05,Ba0.89TiO3K0.06,Eu,https://doi.org/10.1016/j.ceramint.2017.07.069,"mp-5020,mp-5777,mp-5986,mp-558125,mp-5933,mp-2998,mp-644497,mp-1076932,mp-995191,mp-19990,mp-504715", icsd-186463 icsd-73628 icsd-73634 icsd-73629 icsd-186461 icsd-73636 icsd-73633 icsd-73631 icsd-73635 icsd-100464 icsd-100463 icsd-186462 icsd-6102 icsd-73632 icsd-73630 icsd-31155 icsd-237109 icsd-73641 icsd-237106 icsd-73639 icsd-73640 icsd-73638 icsd-73637 icsd-186460 icsd-161340 icsd-161418 icsd-237107 icsd-30617 icsd-23758 icsd-245946 icsd-237105 icsd-185407 icsd-154345 icsd-73645 icsd-183932 icsd-186457 icsd-100801 icsd-189381 icsd-188644 icsd-100803 icsd-157806 icsd-73644 icsd-154343 icsd-164388 icsd-245944 icsd-186458 icsd-73646 icsd-100799 icsd-73643 icsd-237108 icsd-168763 icsd-100800 icsd-73642 icsd-15453 icsd-99737 icsd-100802 icsd-192889 icsd-245945 icsd-34637 icsd-130020 icsd-23759 icsd-67520 icsd-164385 icsd-31153 icsd-190835 icsd-186459 icsd-290023 icsd-95436 icsd-164387 icsd-248395 icsd-252558 icsd-55221 icsd-75240 icsd-164386 icsd-34619 icsd-186528 icsd-28851 icsd-27971 icsd-56093 icsd-187292 icsd-290019 icsd-187291 icsd-28854 icsd-29280 icsd-29146 icsd-28849 icsd-190924 icsd-99736 icsd-31890 icsd-27970 icsd-27975 icsd-27965 icsd-31885 icsd-27974 icsd-31884 icsd-31886 icsd-31889 icsd-27968 icsd-29147 icsd-31888 icsd-29148 icsd-28853 icsd-28848 icsd-28850 icsd-166225 icsd-95437 icsd-186437 icsd-28620 icsd-27966 icsd-43125 icsd-67519 icsd-27969 icsd-185374 icsd-154344 icsd-100804 icsd-252562 icsd-27967 icsd-31887 icsd-27977 icsd-27973 icsd-27976 icsd-67518 icsd-27972 icsd-28852 icsd-154346 icsd-161341 icsd-161419 icsd-161341 icsd-109327,7,615.0
1510,Ba0.89TiO3K0.06Eu0.05,Ba0.89TiO3K0.06,Eu,https://doi.org/10.1016/j.ceramint.2017.07.069,"mp-5020,mp-5777,mp-5986,mp-558125,mp-5933,mp-2998,mp-644497,mp-1076932,mp-995191,mp-19990,mp-504715", icsd-186463 icsd-73628 icsd-73634 icsd-73629 icsd-186461 icsd-73636 icsd-73633 icsd-73631 icsd-73635 icsd-100464 icsd-100463 icsd-186462 icsd-6102 icsd-73632 icsd-73630 icsd-31155 icsd-237109 icsd-73641 icsd-237106 icsd-73639 icsd-73640 icsd-73638 icsd-73637 icsd-186460 icsd-161340 icsd-161418 icsd-237107 icsd-30617 icsd-23758 icsd-245946 icsd-237105 icsd-185407 icsd-154345 icsd-73645 icsd-183932 icsd-186457 icsd-100801 icsd-189381 icsd-188644 icsd-100803 icsd-157806 icsd-73644 icsd-154343 icsd-164388 icsd-245944 icsd-186458 icsd-73646 icsd-100799 icsd-73643 icsd-237108 icsd-168763 icsd-100800 icsd-73642 icsd-15453 icsd-99737 icsd-100802 icsd-192889 icsd-245945 icsd-34637 icsd-130020 icsd-23759 icsd-67520 icsd-164385 icsd-31153 icsd-190835 icsd-186459 icsd-290023 icsd-95436 icsd-164387 icsd-248395 icsd-252558 icsd-55221 icsd-75240 icsd-164386 icsd-34619 icsd-186528 icsd-28851 icsd-27971 icsd-56093 icsd-187292 icsd-290019 icsd-187291 icsd-28854 icsd-29280 icsd-29146 icsd-28849 icsd-190924 icsd-99736 icsd-31890 icsd-27970 icsd-27975 icsd-27965 icsd-31885 icsd-27974 icsd-31884 icsd-31886 icsd-31889 icsd-27968 icsd-29147 icsd-31888 icsd-29148 icsd-28853 icsd-28848 icsd-28850 icsd-166225 icsd-95437 icsd-186437 icsd-28620 icsd-27966 icsd-43125 icsd-67519 icsd-27969 icsd-185374 icsd-154344 icsd-100804 icsd-252562 icsd-27967 icsd-31887 icsd-27977 icsd-27973 icsd-27976 icsd-67518 icsd-27972 icsd-28852 icsd-154346 icsd-161341 icsd-161419 icsd-161341 icsd-109327,6,615.0
1511,Ca3Lu0.9Ga3B4O15Eu0.1,Ca3Lu0.9Ga3B4O15,Eu,https://doi.org/10.1016/j.jlumin.2018.06.010,,,5,621.0
1512,Ca3Lu0.7Ga3B4O15Eu0.3,Ca3Lu0.7Ga3B4O15,Eu,https://doi.org/10.1016/j.jlumin.2018.06.010,,,5,621.0
1513,Ca3Lu0.5Ga3B4O15Eu0.5,Ca3Lu0.5Ga3B4O15,Eu,https://doi.org/10.1016/j.jlumin.2018.06.010,,,7,621.0
1514,Ca3Lu0.3Ga3B4O15Eu0.7,Ca3Lu0.3Ga3B4O15,Eu,https://doi.org/10.1016/j.jlumin.2018.06.010,,,4,621.0
1515,Ca3Lu0.1Ga3B4O15Eu0.9,Ca3Lu0.1Ga3B4O15,Eu,https://doi.org/10.1016/j.jlumin.2018.06.010,,,10,621.0
1516,Ca3Ga3B4O15Eu1,Ca3Ga3B4O15,Eu,https://doi.org/10.1016/j.jlumin.2018.06.010,,,8,621.0
1517,Sr2ZnWO6Mn0.002,Sr2ZnWO6,Mn,https://doi.org/10.1016/j.ceramint.2016.07.173,"mp-1105272,mp-1079778,mp-19282", icsd-262322 icsd-190595 icsd-239812 icsd-190592 icsd-72811 icsd-28599,3,702.0
1518,Sr2ZnWO6Mn0.004,Sr2ZnWO6,Mn,https://doi.org/10.1016/j.ceramint.2016.07.173,"mp-1105272,mp-1079778,mp-19282", icsd-262322 icsd-190595 icsd-239812 icsd-190592 icsd-72811 icsd-28599,7,702.0
1519,Sr2ZnWO6Mn0.006,Sr2ZnWO6,Mn,https://doi.org/10.1016/j.ceramint.2016.07.173,"mp-1105272,mp-1079778,mp-19282", icsd-262322 icsd-190595 icsd-239812 icsd-190592 icsd-72811 icsd-28599,8,702.0
1520,Sr2ZnWO6Mn0.008,Sr2ZnWO6,Mn,https://doi.org/10.1016/j.ceramint.2016.07.173,"mp-1105272,mp-1079778,mp-19282", icsd-262322 icsd-190595 icsd-239812 icsd-190592 icsd-72811 icsd-28599,10,702.0
1521,Sr2ZnWO6Mn0.01,Sr2ZnWO6,Mn,https://doi.org/10.1016/j.ceramint.2016.07.173,"mp-1105272,mp-1079778,mp-19282", icsd-262322 icsd-190595 icsd-239812 icsd-190592 icsd-72811 icsd-28599,2,702.0
1522,Sr2LaNbO6Mn0.005,Sr2LaNbO6,Mn,https://doi.org/10.1016/j.materresbull.2016.12.045,mp-1206761,,10,694.0
1523,Sr2LaNbO6Mn0.01,Sr2LaNbO6,Mn,https://doi.org/10.1016/j.materresbull.2016.12.045,mp-1206761,,3,694.0
1524,Sr2LaNbO6Mn0.01,Sr2LaNbO6,Mn,https://doi.org/10.1016/j.materresbull.2016.12.045,mp-1206761,,8,694.0
1525,Sr2LaNbO6Mn0.01,Sr2LaNbO6,Mn,https://doi.org/10.1016/j.materresbull.2016.12.045,mp-1206761,,2,694.0
1526,Sr2LaNbO6Mn0.01,Sr2LaNbO6,Mn,https://doi.org/10.1016/j.materresbull.2016.12.045,mp-1206761,,4,694.0
1527,Sr2LaNbO6Mn0.01,Sr2LaNbO6,Mn,https://doi.org/10.1016/j.materresbull.2016.12.045,mp-1206761,,10,694.0
1528,Sr2LaNbO6Mn0.01,Sr2LaNbO6,Mn,https://doi.org/10.1016/j.materresbull.2016.12.045,mp-1206761,,10,694.0
1529,Sr2LaNbO6Mn0.01,Sr2LaNbO6,Mn,https://doi.org/10.1016/j.materresbull.2016.12.045,mp-1206761,,10,694.0
1530,Sr2LaNbO6Mn0.01,Sr2LaNbO6,Mn,https://doi.org/10.1016/j.materresbull.2016.12.045,mp-1206761,,5,694.0
1531,Sr2LaNbO6Mn0.01,Sr2LaNbO6,Mn,https://doi.org/10.1016/j.materresbull.2016.12.045,mp-1206761,,8,694.0
1532,Sr2LaNbO6Mn0.015,Sr2LaNbO6,Mn,https://doi.org/10.1016/j.materresbull.2016.12.045,mp-1206761,,6,694.0
1533,Sr2LaNbO6Mn0.02,Sr2LaNbO6,Mn,https://doi.org/10.1016/j.materresbull.2016.12.045,mp-1206761,,5,694.0
1534,Sr2LaNbO6Mn0.025,Sr2LaNbO6,Mn,https://doi.org/10.1016/j.materresbull.2016.12.045,mp-1206761,,10,694.0
1535,Ba2La7.2Si6O26Eu0.8,Ba2La7.2Si6O26,Eu,https://doi.org/10.1016/j.dyepig.2017.03.048,,,7,615.0
1536,Ba2La6.4Si6O26Eu1.6,Ba2La6.4Si6O26,Eu,https://doi.org/10.1016/j.dyepig.2017.03.048,,,8,615.0
1537,Ba2La5.6Si6O26Eu2.4,Ba2La5.6Si6O26,Eu,https://doi.org/10.1016/j.dyepig.2017.03.048,,,6,615.0
1538,Ba2La4.8Si6O26Eu3.2,Ba2La4.8Si6O26,Eu,https://doi.org/10.1016/j.dyepig.2017.03.048,,,3,615.0
1539,Ba2La4Si6O26Eu4,Ba2La4Si6O26,Eu,https://doi.org/10.1016/j.dyepig.2017.03.048,,,1,615.0
1540,Ba2La3.2Si6O26Eu4.8,Ba2La3.2Si6O26,Eu,https://doi.org/10.1016/j.dyepig.2017.03.048,,,8,615.0
1541,Ba2La1.6Si6O26Eu6.4,Ba2La1.6Si6O26,Eu,https://doi.org/10.1016/j.dyepig.2017.03.048,,,5,615.0
1542,Ba2Si6O26Eu8,Ba2Si6O26,Eu,https://doi.org/10.1016/j.dyepig.2017.03.048,,,8,615.0
1543,Sr0.995Si2N2O2Eu0.005,Sr0.995Si2N2O2,Eu,https://doi.org/10.1021/cm802394w,,,7,535.0
1544,Sr0.99Si2N2O2Eu0.01,Sr0.99Si2N2O2,Eu,https://doi.org/10.1021/cm802394w,,,5,535.0
1545,Sr0.98Si2N2O2Eu0.02,Sr0.98Si2N2O2,Eu,https://doi.org/10.1021/cm802394w,,,6,538.0
1546,Sr0.96Si2N2O2Eu0.04,Sr0.96Si2N2O2,Eu,https://doi.org/10.1021/cm802394w,,,1,541.0
1547,Sr0.92Si2N2O2Eu0.08,Sr0.92Si2N2O2,Eu,https://doi.org/10.1021/cm802394w,,,6,546.0
1548,Sr0.84Si2N2O2Eu0.16,Sr0.84Si2N2O2,Eu,https://doi.org/10.1021/cm802394w,,,8,554.0
1549,Sr0.995Si2N2O2Eu0.02,Sr0.995Si2N2O2,Eu,https://doi.org/10.1021/cm802394w,,,8,538.0
1550,Sr0.99Si2N2O2Eu0.02,Sr0.99Si2N2O2,Eu,https://doi.org/10.1021/cm802394w,,,4,538.0
1551,Sr0.98Si2N2O2Eu0.02,Sr0.98Si2N2O2,Eu,https://doi.org/10.1021/cm802394w,,,3,536.0
1552,Sr0.96Si2N2O2Eu0.02,Sr0.96Si2N2O2,Eu,https://doi.org/10.1021/cm802394w,,,6,542.0
1553,Sr0.92Si2N2O2Eu0.02,Sr0.92Si2N2O2,Eu,https://doi.org/10.1021/cm802394w,,,6,543.0
1554,Sr0.84Si2N2O2Eu0.02,Sr0.84Si2N2O2,Eu,https://doi.org/10.1021/cm802394w,,,8,546.0
1555,Ca0.98Si2N2O2Eu0.02,Ca0.98Si2N2O2,Eu,https://doi.org/10.1021/cm802394w,mp-556884, icsd-413882,8,555.0
1556,Sr0.93Ba0.05Si2N2O2Eu0.02,Sr0.93Ba0.05Si2N2O2,Eu,https://doi.org/10.1021/cm802394w,,,3,538.0
1557,Sr0.88Ba0.10Si2N2O2Eu0.02,Sr0.88Ba0.10Si2N2O2,Eu,https://doi.org/10.1021/cm802394w,,,2,539.0
1558,Sr0.83Ba0.15Si2N2O2Eu0.02,Sr0.83Ba0.15Si2N2O2,Eu,https://doi.org/10.1021/cm802394w,,,1,544.0
1559,Sr0.73Ba0.25Si2N2O2Eu0.02,Sr0.73Ba0.25Si2N2O2,Eu,https://doi.org/10.1021/cm802394w,,,6,544.0
1560,Sr0.48Ba0.5Si2N2O2Eu0.02,Sr0.48Ba0.5Si2N2O2,Eu,https://doi.org/10.1021/cm802394w,,,7,548.0
1561,Sr0.23Ba0.75Si2N2O2Eu0.02,Sr0.23Ba0.75Si2N2O2,Eu,https://doi.org/10.1021/cm802394w,,,2,564.0
1562,Ba0.98Si2N2O2Eu0.02,Ba0.98Si2N2O2,Eu,https://doi.org/10.1021/cm802394w,mp-6764, icsd-419450 icsd-173758,6,495.0
1563,LiGd0.9W2O8Eu0.1,LiGd0.9W2O8,Eu,https://doi.org/10.1039/C6NJ02734B,"mp-1210920,mp-1222332",,6,617.0
1564,LiGd0.8W2O8Eu0.2,LiGd0.8W2O8,Eu,https://doi.org/10.1039/C6NJ02734B,"mp-1210920,mp-1222332",,4,617.0
1565,LiGd0.6W2O8Eu0.4,LiGd0.6W2O8,Eu,https://doi.org/10.1039/C6NJ02734B,"mp-1210920,mp-1222332",,7,617.0
1566,LiGd0.4W2O8Eu0.6,LiGd0.4W2O8,Eu,https://doi.org/10.1039/C6NJ02734B,"mp-1210920,mp-1222332",,5,617.0
1567,LiGd0.2W2O8Eu0.8,LiGd0.2W2O8,Eu,https://doi.org/10.1039/C6NJ02734B,"mp-1210920,mp-1222332",,5,617.0
1568,LiW2O8Eu1,LiW2O8,Eu,https://doi.org/10.1039/C6NJ02734B,"mp-1210920,mp-1222332",,8,617.0
1569,K2BaGe8O18Mn0.002,K2BaGe8O18,Mn,https://doi.org/10.1016/j.dyepig.2017.03.007,mp-662803, icsd-100439,6,666.0
1570,K2BaGe8O18Mn0.005,K2BaGe8O18,Mn,https://doi.org/10.1016/j.dyepig.2017.03.007,mp-662803, icsd-100439,10,666.0
1571,K2BaGe8O18Mn0.01,K2BaGe8O18,Mn,https://doi.org/10.1016/j.dyepig.2017.03.007,mp-662803, icsd-100439,8,666.0
1572,K2BaGe8O18Mn0.04,K2BaGe8O18,Mn,https://doi.org/10.1016/j.dyepig.2017.03.007,mp-662803, icsd-100439,1,666.0
1573,K2BaGe8O18Mn0.08,K2BaGe8O18,Mn,https://doi.org/10.1016/j.dyepig.2017.03.007,mp-662803, icsd-100439,4,666.0
1574,Li2Mg3SnO6Mn0.002,Li2Mg3SnO6,Mn,https://doi.org/10.1016/j.materresbull.2016.11.031,,,2,670.0
1575,Li2Mg3SnO6Mn0.004,Li2Mg3SnO6,Mn,https://doi.org/10.1016/j.materresbull.2016.11.031,,,2,670.0
1576,Li2Mg3SnO6Mn0.006,Li2Mg3SnO6,Mn,https://doi.org/10.1016/j.materresbull.2016.11.031,,,5,670.0
1577,Li2Mg3SnO6Mn0.008,Li2Mg3SnO6,Mn,https://doi.org/10.1016/j.materresbull.2016.11.031,,,2,670.0
1578,Li2Mg3SnO6Mn0.01,Li2Mg3SnO6,Mn,https://doi.org/10.1016/j.materresbull.2016.11.031,,,4,670.0
1579,Li2Sn0.998O3Mn0.002,Li2Sn0.998O3,Mn,https://doi.org/10.1016/j.jallcom.2017.02.079,mp-3540, icsd-21032 icsd-21053,10,658.0
1580,Li2Sn0.996O3Mn0.004,Li2Sn0.996O3,Mn,https://doi.org/10.1016/j.jallcom.2017.02.079,mp-3540, icsd-21032 icsd-21053,5,658.0
1581,Li2Sn0.994O3Mn0.006,Li2Sn0.994O3,Mn,https://doi.org/10.1016/j.jallcom.2017.02.079,mp-3540, icsd-21032 icsd-21053,7,658.0
1582,Li2Sn0.992O3Mn0.008,Li2Sn0.992O3,Mn,https://doi.org/10.1016/j.jallcom.2017.02.079,mp-3540, icsd-21032 icsd-21053,7,658.0
1583,Li2Sn0.99O3Mn0.01,Li2Sn0.99O3,Mn,https://doi.org/10.1016/j.jallcom.2017.02.079,mp-3540, icsd-21032 icsd-21053,5,658.0
1584,Y1.98WO6Eu0.02,Y1.98WO6,Eu,https://doi.org/10.1007/s10853-016-0598-9,"mp-559510,mp-30539,mp-559085,mp-1216117", icsd-20955 icsd-65811 icsd-26532,2,609.0
1585,Y1.94WO6Eu0.06,Y1.94WO6,Eu,https://doi.org/10.1007/s10853-016-0598-9,"mp-559510,mp-30539,mp-559085,mp-1216117", icsd-20955 icsd-65811 icsd-26532,10,609.0
1586,Y1.9WO6Eu0.1,Y1.9WO6,Eu,https://doi.org/10.1007/s10853-016-0598-9,"mp-559510,mp-30539,mp-559085,mp-1216117", icsd-20955 icsd-65811 icsd-26532,4,609.0
1587,Y1.86WO6Eu0.14,Y1.86WO6,Eu,https://doi.org/10.1007/s10853-016-0598-9,"mp-559510,mp-30539,mp-559085,mp-1216117", icsd-20955 icsd-65811 icsd-26532,8,609.0
1588,Y1.82WO6Eu0.18,Y1.82WO6,Eu,https://doi.org/10.1007/s10853-016-0598-9,"mp-559510,mp-30539,mp-559085,mp-1216117", icsd-20955 icsd-65811 icsd-26532,8,609.0
1589,Y1.78WO6Eu0.22,Y1.78WO6,Eu,https://doi.org/10.1007/s10853-016-0598-9,"mp-559510,mp-30539,mp-559085,mp-1216117", icsd-20955 icsd-65811 icsd-26532,10,609.0
1590,Y1.74WO6Eu0.26,Y1.74WO6,Eu,https://doi.org/10.1007/s10853-016-0598-9,"mp-559510,mp-30539,mp-559085,mp-1216117", icsd-20955 icsd-65811 icsd-26532,3,609.0
1591,Y1.7WO6Eu0.3,Y1.7WO6,Eu,https://doi.org/10.1007/s10853-016-0598-9,"mp-559510,mp-30539,mp-559085,mp-1216117", icsd-20955 icsd-65811 icsd-26532,7,609.0
1592,Y1.66WO6Eu0.34,Y1.66WO6,Eu,https://doi.org/10.1007/s10853-016-0598-9,"mp-559510,mp-30539,mp-559085,mp-1216117", icsd-20955 icsd-65811 icsd-26532,6,609.0
1593,Y1.62WO6Eu0.38,Y1.62WO6,Eu,https://doi.org/10.1007/s10853-016-0598-9,"mp-559510,mp-30539,mp-559085,mp-1216117", icsd-20955 icsd-65811 icsd-26532,4,609.0
1594,Li3BaSrLa2.4W8O32Eu0.2,Li3BaSrLa2.4W8O32,Eu,https://doi.org/10.1039/C5TC03165F,,,5,618.0
1595,Li3BaSrLa1.8W8O32Eu0.4,Li3BaSrLa1.8W8O32,Eu,https://doi.org/10.1039/C5TC03165F,,,9,618.0
1596,Li3BaSrLa1.2W8O32Eu0.6,Li3BaSrLa1.2W8O32,Eu,https://doi.org/10.1039/C5TC03165F,,,1,618.0
1597,Li3BaSrLa0.9W8O32Eu0.7,Li3BaSrLa0.9W8O32,Eu,https://doi.org/10.1039/C5TC03165F,,,10,618.0
1598,Li3BaSrLa0.6W8O32Eu0.8,Li3BaSrLa0.6W8O32,Eu,https://doi.org/10.1039/C5TC03165F,,,5,618.0
1599,Li3BaSrLa0.3W8O32Eu0.9,Li3BaSrLa0.3W8O32,Eu,https://doi.org/10.1039/C5TC03165F,,,7,618.0
1600,Li3BaSrW8O32Eu1,Li3BaSrW8O32,Eu,https://doi.org/10.1039/C5TC03165F,,,8,618.0
1601,Y1.96WO6Eu0.02,Y1.96WO6,Eu,https://doi.org/10.1016/j.jallcom.2016.11.033,"mp-559510,mp-30539,mp-559085,mp-1216117", icsd-20955 icsd-65811 icsd-26532,7,611.0
1602,Y1.94WO6Eu0.03,Y1.94WO6,Eu,https://doi.org/10.1016/j.jallcom.2016.11.033,"mp-559510,mp-30539,mp-559085,mp-1216117", icsd-20955 icsd-65811 icsd-26532,3,611.0
1603,Y1.9WO6Eu0.05,Y1.9WO6,Eu,https://doi.org/10.1016/j.jallcom.2016.11.033,"mp-559510,mp-30539,mp-559085,mp-1216117", icsd-20955 icsd-65811 icsd-26532,10,611.0
1604,Y1.86WO6Eu0.07,Y1.86WO6,Eu,https://doi.org/10.1016/j.jallcom.2016.11.033,"mp-559510,mp-30539,mp-559085,mp-1216117", icsd-20955 icsd-65811 icsd-26532,2,611.0
1605,Y1.82WO6Eu0.09,Y1.82WO6,Eu,https://doi.org/10.1016/j.jallcom.2016.11.033,"mp-559510,mp-30539,mp-559085,mp-1216117", icsd-20955 icsd-65811 icsd-26532,6,611.0
1606,Y1.8WO6Eu0.1,Y1.8WO6,Eu,https://doi.org/10.1016/j.jallcom.2016.11.033,"mp-559510,mp-30539,mp-559085,mp-1216117", icsd-20955 icsd-65811 icsd-26532,2,611.0
1607,Y1.78WO6Eu0.11,Y1.78WO6,Eu,https://doi.org/10.1016/j.jallcom.2016.11.033,"mp-559510,mp-30539,mp-559085,mp-1216117", icsd-20955 icsd-65811 icsd-26532,5,611.0
1608,Sr2.98Na0.01B2SiO8Sm0.01,Sr2.98Na0.01B2SiO8,Sm,https://doi.org/10.1016/j.optmat.2016.05.044,,,1,600.0
1609,Sr2.94Na0.03B2SiO8Sm0.03,Sr2.94Na0.03B2SiO8,Sm,https://doi.org/10.1016/j.optmat.2016.05.044,,,2,600.0
1610,Sr2.9Na0.05B2SiO8Sm0.05,Sr2.9Na0.05B2SiO8,Sm,https://doi.org/10.1016/j.optmat.2016.05.044,,,1,600.0
1611,Sr2.86Na0.07B2SiO8Sm0.07,Sr2.86Na0.07B2SiO8,Sm,https://doi.org/10.1016/j.optmat.2016.05.044,,,4,600.0
1612,Sr2.82Na0.07B2SiO8Sm0.09,Sr2.82Na0.07B2SiO8,Sm,https://doi.org/10.1016/j.optmat.2016.05.044,,,1,600.0
1613,KMg4P3O12Eu0.02,KMg4P3O12,Eu,https://doi.org/10.1021/acs.inorgchem.6b02140,mp-557844, icsd-154111,7,450.0
1614,KMg4P3O12Li0.005Eu0.02,KMg4P3O12Li0.005,Eu,https://doi.org/10.1021/acs.inorgchem.6b02140,mp-557844, icsd-154111,3,450.0
1615,KMg4P3O12Li0.01Eu0.02,KMg4P3O12Li0.01,Eu,https://doi.org/10.1021/acs.inorgchem.6b02140,mp-557844, icsd-154111,5,450.0
1616,KMg4P3O12Li0.02Eu0.02,KMg4P3O12Li0.02,Eu,https://doi.org/10.1021/acs.inorgchem.6b02140,mp-557844, icsd-154111,4,450.0
1617,KMg4P3O12Li0.025Eu0.02,KMg4P3O12Li0.025,Eu,https://doi.org/10.1021/acs.inorgchem.6b02140,mp-557844, icsd-154111,5,450.0
1618,KMg4P3O12Li0.03Eu0.02,KMg4P3O12Li0.03,Eu,https://doi.org/10.1021/acs.inorgchem.6b02140,mp-557844, icsd-154111,1,450.0
1619,Y1.4MoO6Eu0.6,Y1.4MoO6,Eu,https://doi.org/10.1016/j.jlumin.2014.01.018,mp-31124, icsd-99575,7,611.0
1620,YNbO4Bi0.01,YNbO4,Bi,https://doi.org/10.1021/acs.chemmater.6b00277,"mp-5387,mp-1095229", icsd-430911 icsd-20335 icsd-100176 icsd-239207 icsd-430907 icsd-430914 icsd-430913 icsd-430912 icsd-430908 icsd-430916 icsd-430909 icsd-430015 icsd-430910 icsd-430919 icsd-430922 icsd-239208 icsd-430917 icsd-239209 icsd-430920 icsd-430921 icsd-430918,1,456.0
1621,YNb0.8V0.2O4Bi0.01,YNb0.8V0.2O4,Bi,https://doi.org/10.1021/acs.chemmater.6b00277,"mp-5387,mp-1095229", icsd-430911 icsd-20335 icsd-100176 icsd-239207 icsd-430907 icsd-430914 icsd-430913 icsd-430912 icsd-430908 icsd-430916 icsd-430909 icsd-430015 icsd-430910 icsd-430919 icsd-430922 icsd-239208 icsd-430917 icsd-239209 icsd-430920 icsd-430921 icsd-430918,3,514.0
1622,YNb0.6V0.4O4Bi0.01,YNb0.6V0.4O4,Bi,https://doi.org/10.1021/acs.chemmater.6b00277,"mp-5387,mp-1095229", icsd-430911 icsd-20335 icsd-100176 icsd-239207 icsd-430907 icsd-430914 icsd-430913 icsd-430912 icsd-430908 icsd-430916 icsd-430909 icsd-430015 icsd-430910 icsd-430919 icsd-430922 icsd-239208 icsd-430917 icsd-239209 icsd-430920 icsd-430921 icsd-430918,2,548.0
1623,YNb0.4V0.6O4Bi0.01,YNb0.4V0.6O4,Bi,https://doi.org/10.1021/acs.chemmater.6b00277,"mp-5387,mp-1095229", icsd-430911 icsd-20335 icsd-100176 icsd-239207 icsd-430907 icsd-430914 icsd-430913 icsd-430912 icsd-430908 icsd-430916 icsd-430909 icsd-430015 icsd-430910 icsd-430919 icsd-430922 icsd-239208 icsd-430917 icsd-239209 icsd-430920 icsd-430921 icsd-430918,4,560.0
1624,YNb0.2V0.8O4Bi0.01,YNb0.2V0.8O4,Bi,https://doi.org/10.1021/acs.chemmater.6b00277,"mp-5387,mp-1095229", icsd-430911 icsd-20335 icsd-100176 icsd-239207 icsd-430907 icsd-430914 icsd-430913 icsd-430912 icsd-430908 icsd-430916 icsd-430909 icsd-430015 icsd-430910 icsd-430919 icsd-430922 icsd-239208 icsd-430917 icsd-239209 icsd-430920 icsd-430921 icsd-430918,9,564.0
1625,YVO4Bi0.01,YVO4,Bi,https://doi.org/10.1021/acs.chemmater.6b00277,mp-19133, icsd-15604 icsd-107638 icsd-246709 icsd-26894 icsd-78074 icsd-2504 icsd-174549 icsd-246708 icsd-36060,8,566.0
1626,Y0.8Sc0.2VO4Bi0.01,Y0.8Sc0.2VO4,Bi,https://doi.org/10.1021/acs.chemmater.6b00277,mp-19133, icsd-15604 icsd-107638 icsd-246709 icsd-26894 icsd-78074 icsd-2504 icsd-174549 icsd-246708 icsd-36060,7,579.0
1627,Y0.6Sc0.4VO4Bi0.01,Y0.6Sc0.4VO4,Bi,https://doi.org/10.1021/acs.chemmater.6b00277,mp-19133, icsd-15604 icsd-107638 icsd-246709 icsd-26894 icsd-78074 icsd-2504 icsd-174549 icsd-246708 icsd-36060,9,588.0
1628,Y0.4Sc0.6VO4Bi0.01,Y0.4Sc0.6VO4,Bi,https://doi.org/10.1021/acs.chemmater.6b00277,mp-19133, icsd-15604 icsd-107638 icsd-246709 icsd-26894 icsd-78074 icsd-2504 icsd-174549 icsd-246708 icsd-36060,5,604.0
1629,Y0.2Sc0.8VO4Bi0.01,Y0.2Sc0.8VO4,Bi,https://doi.org/10.1021/acs.chemmater.6b00277,mp-19133, icsd-15604 icsd-107638 icsd-246709 icsd-26894 icsd-78074 icsd-2504 icsd-174549 icsd-246708 icsd-36060,2,621.0
1630,ScVO4Bi0.01,ScVO4,Bi,https://doi.org/10.1021/acs.chemmater.6b00277,mp-19247, icsd-164837 icsd-169173 icsd-27947 icsd-290863 icsd-78073,8,647.0
1631,Ca5B3O9FBi0.15,Ca5B3O9F,Bi,https://doi.org/10.1021/acs.chemmater.7b03151,mp-6632, icsd-65763 icsd-69537,10,457.0
1632,Sr7.92MgScP7O28Eu0.08,Sr7.92MgScP7O28,Eu,https://doi.org/10.1039/C0JM04524A,,,2,600.0
1633,Sr1.96Si5N8Eu0.02,Sr1.96Si5N8,Eu,https://doi.org/10.1063/1.2196064,mp-9710, icsd-401500,1,625.0
1634,SrSi5N8Eu0.5,SrSi5N8,Eu,https://doi.org/10.1063/1.2196064,,,10,685.0
1635,BaMgAl9.99O17Mg0.005Mn0.005,BaMgAl9.99O17Mg0.005,Mn,https://doi.org/10.1021/acs.chemmater.6b01303,,,9,660.0
1636,BaMgAl9.98O17Mg0.01Mn0.01,BaMgAl9.98O17Mg0.01,Mn,https://doi.org/10.1021/acs.chemmater.6b01303,,,10,660.0
1637,BaMgAl9.97O17Mg0.015Mn0.015,BaMgAl9.97O17Mg0.015,Mn,https://doi.org/10.1021/acs.chemmater.6b01303,,,7,660.0
1638,BaMgAl9.96O17Mg0.02Mn0.02,BaMgAl9.96O17Mg0.02,Mn,https://doi.org/10.1021/acs.chemmater.6b01303,,,10,660.0
1639,BaMgAl9.94O17Mg0.03Mn0.03,BaMgAl9.94O17Mg0.03,Mn,https://doi.org/10.1021/acs.chemmater.6b01303,,,2,660.0
1640,BaMgAl9.92O17Mg0.04Mn0.04,BaMgAl9.92O17Mg0.04,Mn,https://doi.org/10.1021/acs.chemmater.6b01303,,,5,660.0
1641,BaMgAl9.9O17Mg0.05Mn0.05,BaMgAl9.9O17Mg0.05,Mn,https://doi.org/10.1021/acs.chemmater.6b01303,,,2,660.0
1642,Sr3Sc3.988O9Ce0.012,Sr3Sc3.988O9,Ce,https://doi.org/10.1039/C7TC03203J,,,5,620.0
1643,Ba3Sc3.996O9Ce0.004,Ba3Sc3.996O9,Ce,https://doi.org/10.1039/C7TC03203J,,,10,593.0
1644,Ca0.98Li0.01AlSiN3Ce0.01,Ca0.98Li0.01AlSiN3,Ce,https://doi.org/10.1021/cm801669x,,,6,580.0
1645,Ca0.99AlSiN2.9933O0.015Ce0.01,Ca0.99AlSiN2.9933O0.015,Ce,https://doi.org/10.1021/cm801669x,,,1,580.0
1646,Ca1.2SiO4Eu0.8,Ca1.2SiO4,Eu,https://doi.org/10.1002/anie.201402520,"mp-4481,mp-556942,mp-4180,mp-560821,mp-758006,mp-1227559,mp-675299,mp-674334,mp-1019562,mp-676278,mp-8682,mp-1019563", icsd-200707 icsd-181558 icsd-82994 icsd-18179 icsd-39005 icsd-68753 icsd-166637 icsd-417503 icsd-9095 icsd-68754 icsd-82995 icsd-81095 icsd-280995 icsd-79551 icsd-79552 icsd-79553 icsd-245079 icsd-245078 icsd-245080 icsd-245077 icsd-196150 icsd-245075 icsd-963 icsd-421708 icsd-79550 icsd-79554 icsd-24640 icsd-245074 icsd-16616 icsd-79555 icsd-245076 icsd-81096 icsd-82996 icsd-182052 icsd-40657 icsd-182054 icsd-182053,4,653.0
1647,NaZnPO4Eu0.04,NaZnPO4,Eu,https://doi.org/10.1016/j.matlet.2015.04.084,"mp-558237,mp-14648", icsd-87557 icsd-65131,5,595.0
1648,NaZnPO4Eu0.25,NaZnPO4,Eu,https://doi.org/10.1016/j.matlet.2015.04.084,"mp-558237,mp-14648", icsd-87557 icsd-65131,10,595.0
1649,Ba0.88ZrGe3O9Eu0.08,Ba0.88ZrGe3O9,Eu,https://doi.org/10.1021/acs.inorgchem.7b00591,,,8,612.0
1650,LiSrBi0.6TeO6Eu0.4,LiSrBi0.6TeO6,Eu,https://doi.org/10.1016/j.jlumin.2018.05.013,,,3,616.0
1651,Na0.01Ca0.98WO4Eu0.01,Na0.01Ca0.98WO4,Eu,https://doi.org/10.1016/j.matchemphys.2018.01.005,"mp-19426,mp-1190383", icsd-60550 icsd-193491 icsd-60548 icsd-60551 icsd-15869 icsd-155423 icsd-193047 icsd-15586 icsd-60549 icsd-18135 icsd-77335 icsd-157428 icsd-291535 icsd-60547 icsd-155791 icsd-238259 icsd-238258,7,616.0
1652,Na0.02Ca0.96WO4Eu0.02,Na0.02Ca0.96WO4,Eu,https://doi.org/10.1016/j.matchemphys.2018.01.005,"mp-19426,mp-1190383", icsd-60550 icsd-193491 icsd-60548 icsd-60551 icsd-15869 icsd-155423 icsd-193047 icsd-15586 icsd-60549 icsd-18135 icsd-77335 icsd-157428 icsd-291535 icsd-60547 icsd-155791 icsd-238259 icsd-238258,1,616.0
1653,Na0.03Ca0.94WO4Eu0.03,Na0.03Ca0.94WO4,Eu,https://doi.org/10.1016/j.matchemphys.2018.01.005,"mp-19426,mp-1190383", icsd-60550 icsd-193491 icsd-60548 icsd-60551 icsd-15869 icsd-155423 icsd-193047 icsd-15586 icsd-60549 icsd-18135 icsd-77335 icsd-157428 icsd-291535 icsd-60547 icsd-155791 icsd-238259 icsd-238258,5,616.0
1654,Na0.04Ca0.92WO4Eu0.04,Na0.04Ca0.92WO4,Eu,https://doi.org/10.1016/j.matchemphys.2018.01.005,"mp-19426,mp-1190383", icsd-60550 icsd-193491 icsd-60548 icsd-60551 icsd-15869 icsd-155423 icsd-193047 icsd-15586 icsd-60549 icsd-18135 icsd-77335 icsd-157428 icsd-291535 icsd-60547 icsd-155791 icsd-238259 icsd-238258,7,616.0
1655,Na0.05Ca0.9WO4Eu0.05,Na0.05Ca0.9WO4,Eu,https://doi.org/10.1016/j.matchemphys.2018.01.005,"mp-19426,mp-1190383", icsd-60550 icsd-193491 icsd-60548 icsd-60551 icsd-15869 icsd-155423 icsd-193047 icsd-15586 icsd-60549 icsd-18135 icsd-77335 icsd-157428 icsd-291535 icsd-60547 icsd-155791 icsd-238259 icsd-238258,5,616.0
1656,Na0.1Ca0.8WO4Eu0.1,Na0.1Ca0.8WO4,Eu,https://doi.org/10.1016/j.matchemphys.2018.01.005,"mp-19426,mp-1190383", icsd-60550 icsd-193491 icsd-60548 icsd-60551 icsd-15869 icsd-155423 icsd-193047 icsd-15586 icsd-60549 icsd-18135 icsd-77335 icsd-157428 icsd-291535 icsd-60547 icsd-155791 icsd-238259 icsd-238258,7,616.0
1657,Na0.2Ca0.6WO4Eu0.2,Na0.2Ca0.6WO4,Eu,https://doi.org/10.1016/j.matchemphys.2018.01.005,"mp-19426,mp-1190383", icsd-60550 icsd-193491 icsd-60548 icsd-60551 icsd-15869 icsd-155423 icsd-193047 icsd-15586 icsd-60549 icsd-18135 icsd-77335 icsd-157428 icsd-291535 icsd-60547 icsd-155791 icsd-238259 icsd-238258,7,616.0
1658,Na0.5WO4Eu0.5,Na0.5WO4,Eu,https://doi.org/10.1016/j.matchemphys.2018.01.005,mp-1192304, icsd-408189,1,616.0
1659,Sr0.8Ca0.2AlSiN3Eu0.008,Sr0.8Ca0.2AlSiN3,Eu,https://doi.org/10.1149/2.008302jss,,,4,650.0
1660,Ca0.98ScAlSiO6Ce0.02,Ca0.98ScAlSiO6,Ce,https://doi.org/10.1021/ic3024666,"mp-39167,mp-1227097",,3,380.0
1661,Ca0.96ScAlSiO6Ce0.04,Ca0.96ScAlSiO6,Ce,https://doi.org/10.1021/ic3024666,"mp-39167,mp-1227097",,10,380.0
1662,Sr0.8Ca0.2AlSiN3Eu0.008,Sr0.8Ca0.2AlSiN3,Eu,https://doi.org/10.1016/j.jallcom.2008.07.054,,,2,610.0
1663,Na3Bi0.9P2O8Eu0.1,Na3Bi0.9P2O8,Eu,https://doi.org/10.1016/j.jlumin.2016.12.012,mp-561083, icsd-71362,10,623.0
1664,Na3Bi0.9P2O8Dy0.1,Na3Bi0.9P2O8,Dy,https://doi.org/10.1016/j.jlumin.2016.12.012,mp-561083, icsd-71362,9,582.0
1665,Na3Bi0.9P2O8Tb0.1,Na3Bi0.9P2O8,Tb,https://doi.org/10.1016/j.jlumin.2016.12.012,mp-561083, icsd-71362,7,550.0
1666,Na3Bi0.9P2O8Sm0.1,Na3Bi0.9P2O8,Sm,https://doi.org/10.1016/j.jlumin.2016.12.012,mp-561083, icsd-71362,7,603.0
1667,Sr3In0.93P3O12Ce0.07,Sr3In0.93P3O12,Ce,https://doi.org/10.1039/C2JM32392C,mp-1192241, icsd-2395,5,375.0
1668,Ca3.96Si2O7F2Eu0.04,Ca3.96Si2O7F2,Eu,https://doi.org/10.1039/C2JM33160H,mp-560163, icsd-64710,1,460.0
1669,Sr2.97YP3O12Eu0.01,Sr2.97YP3O12,Eu,https://doi.org/10.1039/C1CP20635D,,,1,490.0
1670,Gd1.95MoO6Dy0.05,Gd1.95MoO6,Dy,https://doi.org/10.1007/s10853-016-9962-z,mp-582797, icsd-62886,4,577.0
1671,Gd1.925MoO6Dy0.075,Gd1.925MoO6,Dy,https://doi.org/10.1007/s10853-016-9962-z,mp-582797, icsd-62886,8,577.0
1672,Gd1.9MoO6Dy0.1,Gd1.9MoO6,Dy,https://doi.org/10.1007/s10853-016-9962-z,mp-582797, icsd-62886,7,577.0
1673,Gd1.875MoO6Dy0.125,Gd1.875MoO6,Dy,https://doi.org/10.1007/s10853-016-9962-z,mp-582797, icsd-62886,7,577.0
1674,Gd1.85MoO6Dy0.15,Gd1.85MoO6,Dy,https://doi.org/10.1007/s10853-016-9962-z,mp-582797, icsd-62886,5,577.0
1675,Ca8.91GdP7O28Eu0.01,Ca8.91GdP7O28,Eu,https://doi.org/10.1039/C0JM01860K,,,6,490.0
1676,Na1.89Ca0.89SiO4Eu0.11,Na1.89Ca0.89SiO4,Eu,https://doi.org/10.1016/j.jlumin.2012.12.015,mp-555342, icsd-24235,8,703.0
1677,Ca2Y0.99SbO6Eu0.01,Ca2Y0.99SbO6,Eu,https://doi.org/10.1016/j.jallcom.2015.10.242,,,4,614.0
1678,Ca2Y0.99SbO6Eu0.01,Ca2Y0.99SbO6,Eu,https://doi.org/10.1016/j.jallcom.2015.10.242,,,10,614.0
1679,Ca2Y0.99SbO6Eu0.01,Ca2Y0.99SbO6,Eu,https://doi.org/10.1016/j.jallcom.2015.10.242,,,9,614.0
1680,Ca2Y0.70SbO6Eu0.3,Ca2Y0.70SbO6,Eu,https://doi.org/10.1016/j.jallcom.2015.10.242,,,8,614.0
1681,Ca2Y0.70SbO6Eu0.3,Ca2Y0.70SbO6,Eu,https://doi.org/10.1016/j.jallcom.2015.10.242,,,3,614.0
1682,Ca2Y0.70SbO6Eu0.3,Ca2Y0.70SbO6,Eu,https://doi.org/10.1016/j.jallcom.2015.10.242,,,10,614.0
1683,Ca2Tb7.98Si6O26Eu0.02,Ca2Tb7.98Si6O26,Eu,https://doi.org/10.1016/j.jlumin.2015.08.009,,,8,613.0
1684,Ca2Tb7.96Si6O26Eu0.04,Ca2Tb7.96Si6O26,Eu,https://doi.org/10.1016/j.jlumin.2015.08.009,,,2,613.0
1685,Ca2Tb7.94Si6O26Eu0.06,Ca2Tb7.94Si6O26,Eu,https://doi.org/10.1016/j.jlumin.2015.08.009,,,10,613.0
1686,Ca2Tb7.92Si6O26Eu0.08,Ca2Tb7.92Si6O26,Eu,https://doi.org/10.1016/j.jlumin.2015.08.009,,,9,613.0
1687,K4SrSi3O9Eu0.05,K4SrSi3O9,Eu,https://doi.org/10.1016/j.optmat.2013.07.018,,,9,616.5
1688,KGd0.7TiO4Eu0.3,KGd0.7TiO4,Eu,https://doi.org/10.1039/C3TC32472A,mp-1211763,,9,617.0
1689,KGd0.7TiO4Eu0.3,KGd0.7TiO4,Eu,https://doi.org/10.1039/C3TC32472A,mp-1211763,,1,617.0
1690,NaGd0.7TiO4Eu0.3,NaGd0.7TiO4,Eu,https://doi.org/10.1039/C3RA40375K,mp-1211763,,2,617.0
1691,NaY0.7TiO4Eu0.3,NaY0.7TiO4,Eu,https://doi.org/10.1039/C3RA40375K,mp-18005, icsd-81538,3,617.0
1692,Ca1.85Ga2SiO7Eu0.1,Ca1.85Ga2SiO7,Eu,https://doi.org/10.1021/acs.inorgchem.6b00989,,,3,616.0
1693,Ca19Mg2P14O56Eu0.06,Ca19Mg2P14O56,Eu,https://doi.org/10.1039/C3TC31263A,mp-1228644,,9,612.0
1694,Ca0.95Si2O2N2Ce0.05,Ca0.95Si2O2N2,Ce,https://doi.org/10.1111/j.1551-2916.2011.04461.x,mp-556884, icsd-413882,8,461.0
1695,Ca0.95Si2O2N2Eu0.05,Ca0.95Si2O2N2,Eu,https://doi.org/10.1111/j.1551-2916.2011.04461.x,mp-556884, icsd-413882,10,550.0
1696,LiAlGe2O6Mn0.006,LiAlGe2O6,Mn,https://doi.org/10.1016/j.jallcom.2015.07.080,mp-1020030, icsd-185705 icsd-185703 icsd-185704,10,671.0
1697,LiGaGe2O6Mn0.006,LiGaGe2O6,Mn,https://doi.org/10.1016/j.jallcom.2015.07.080,mp-1020030, icsd-185705 icsd-185703 icsd-185704,5,669.0
1698,NaGd0.97Mo2O8Sm0.03,NaGd0.97Mo2O8,Sm,https://doi.org/10.1016/j.ceramint.2016.10.018,,,10,647.0
1699,Ba2Y3Si3O12FEu0.005,Ba2Y3Si3O12F,Eu,https://doi.org/10.1039/C6TC04350J,,,7,415.0
1700,Ba2Y3Si3O12FEu0.01,Ba2Y3Si3O12F,Eu,https://doi.org/10.1039/C6TC04350J,,,1,618.0
1701,Ba2Y3Si3O12FEu0.02,Ba2Y3Si3O12F,Eu,https://doi.org/10.1039/C6TC04350J,,,1,618.0
1702,Ba2Y3Si3O12FEu0.04,Ba2Y3Si3O12F,Eu,https://doi.org/10.1039/C6TC04350J,,,1,618.0
1703,Ca2La0.6SbO6Eu0.4,Ca2La0.6SbO6,Eu,https://doi.org/10.1016/j.jssc.2011.10.032,mp-1106181, icsd-169492,6,615.0
1704,Ca0.955TiO3Sm0.03,Ca0.955TiO3,Sm,https://doi.org/10.1016/j.matchemphys.2016.01.009,"mp-4019,mp-556003,mp-1205364,mp-3442,mp-754701,mp-5827", icsd-167888 icsd-62149 icsd-97828 icsd-167809 icsd-163663 icsd-174127 icsd-94568 icsd-85101 icsd-96258 icsd-162909 icsd-185445 icsd-162916 icsd-162917 icsd-157115 icsd-185443 icsd-185446 icsd-162913 icsd-162908 icsd-163662 icsd-163528 icsd-185452 icsd-16688 icsd-71915 icsd-186224 icsd-185444 icsd-189135 icsd-162918 icsd-162912 icsd-71916 icsd-180956 icsd-74215 icsd-185454 icsd-162914 icsd-74214 icsd-193648 icsd-93082 icsd-153172 icsd-185451 icsd-150420 icsd-74212 icsd-185449 icsd-162911 icsd-51024 icsd-162910 icsd-74213 icsd-37263 icsd-82487 icsd-185447 icsd-50364 icsd-185450 icsd-185453 icsd-74216 icsd-162915 icsd-185448 icsd-165801 icsd-38212 icsd-29116 icsd-162920 icsd-162919 icsd-162922 icsd-162921 icsd-162925 icsd-162924 icsd-77060 icsd-153173 icsd-162923 icsd-187293 icsd-165076 icsd-162926 icsd-31865 icsd-187294 icsd-153174 icsd-31864,10,603.0
1705,Ca2La0.9SbO6Eu0.1,Ca2La0.9SbO6,Eu,https://doi.org/10.1016/j.jallcom.2017.11.242,mp-1106181, icsd-169492,9,615.0
1706,Ca2La0.8SbO6Eu0.2,Ca2La0.8SbO6,Eu,https://doi.org/10.1016/j.jallcom.2017.11.242,mp-1106181, icsd-169492,6,615.0
1707,Ca2La0.7SbO6Eu0.3,Ca2La0.7SbO6,Eu,https://doi.org/10.1016/j.jallcom.2017.11.242,mp-1106181, icsd-169492,10,615.0
1708,Ca2La0.6SbO6Eu0.4,Ca2La0.6SbO6,Eu,https://doi.org/10.1016/j.jallcom.2017.11.242,mp-1106181, icsd-169492,5,615.0
1709,Ca2La0.5SbO6Eu0.5,Ca2La0.5SbO6,Eu,https://doi.org/10.1016/j.jallcom.2017.11.242,mp-1106181, icsd-169492,1,615.0
1710,Ca2La0.4SbO6Eu0.6,Ca2La0.4SbO6,Eu,https://doi.org/10.1016/j.jallcom.2017.11.242,mp-1106181, icsd-169492,5,615.0
1711,Ca2La0.3SbO6Eu0.7,Ca2La0.3SbO6,Eu,https://doi.org/10.1016/j.jallcom.2017.11.242,mp-1106181, icsd-169492,1,615.0
1712,Ca2La0.2SbO6Eu0.8,Ca2La0.2SbO6,Eu,https://doi.org/10.1016/j.jallcom.2017.11.242,mp-1106181, icsd-169492,8,615.0
1713,La1.64LiSbO6Eu0.36,La1.64LiSbO6,Eu,https://doi.org/10.1016/j.jallcom.2019.02.132,mp-6674, icsd-72202 icsd-69192,2,615.0
1714,La1.92LiSbO6Ho0.08,La1.92LiSbO6,Ho,https://doi.org/10.1016/j.jallcom.2019.02.132,mp-6674, icsd-72202 icsd-69192,2,542.0
1715,La1.92LiSbO6Tm0.08,La1.92LiSbO6,Tm,https://doi.org/10.1016/j.jallcom.2019.02.132,mp-6674, icsd-72202 icsd-69192,9,454.0
1716,La1.88LiSbO6Dy0.12,La1.88LiSbO6,Dy,https://doi.org/10.1016/j.jallcom.2019.02.132,mp-6674, icsd-72202 icsd-69192,8,573.0
1717,La1.92LiSbO6Sm0.08,La1.92LiSbO6,Sm,https://doi.org/10.1016/j.jallcom.2019.02.132,mp-6674, icsd-72202 icsd-69192,6,599.0
1718,CaYAlO4Mn0.001,CaYAlO4,Mn,https://doi.org/10.1186/s40539-014-0015-4,mp-1227044,,8,710.0
1719,CaYAlO4Mn0.005,CaYAlO4,Mn,https://doi.org/10.1186/s40539-014-0015-4,mp-1227044,,5,710.0
1720,CaYAlO4Mn0.005,CaYAlO4,Mn,https://doi.org/10.1186/s40539-014-0015-4,mp-1227044,,7,710.0
1721,CaYAlO4Mn0.01,CaYAlO4,Mn,https://doi.org/10.1186/s40539-014-0015-4,mp-1227044,,9,710.0
1722,KNaCa2P2O8Na0.04Ce0.04,KNaCa2P2O8Na0.04,Ce,https://doi.org/10.1021/ic402305x,,,10,367.0
1723,KNaCa2P2O8Eu0.008,KNaCa2P2O8,Eu,https://doi.org/10.1021/ic402305x,,,4,472.0
1724,K2Ge4O9Mn0.0005,K2Ge4O9,Mn,https://doi.org/10.1039/C6CP00168H,mp-560875, icsd-189270 icsd-31969 icsd-252282,4,663.0
1725,K2Ge4O9Mn0.001,K2Ge4O9,Mn,https://doi.org/10.1039/C6CP00168H,mp-560875, icsd-189270 icsd-31969 icsd-252282,7,663.0
1726,K2Ge4O9Mn0.005,K2Ge4O9,Mn,https://doi.org/10.1039/C6CP00168H,mp-560875, icsd-189270 icsd-31969 icsd-252282,7,663.0
1727,K2Ge4O9Mn0.01,K2Ge4O9,Mn,https://doi.org/10.1039/C6CP00168H,mp-560875, icsd-189270 icsd-31969 icsd-252282,3,663.0
1728,K2Ge4O9Mn0.03,K2Ge4O9,Mn,https://doi.org/10.1039/C6CP00168H,mp-560875, icsd-189270 icsd-31969 icsd-252282,5,663.0
1729,K2Ge4O9Mn0.05,K2Ge4O9,Mn,https://doi.org/10.1039/C6CP00168H,mp-560875, icsd-189270 icsd-31969 icsd-252282,4,663.0
1730,LiNaGe4O9Mn0.00005,LiNaGe4O9,Mn,https://doi.org/10.1111/jace.14168,mp-6663, icsd-86152 icsd-20112,6,661.0
1731,LiNaGe4O9Mn0.0001,LiNaGe4O9,Mn,https://doi.org/10.1111/jace.14168,mp-6663, icsd-86152 icsd-20112,4,661.0
1732,LiNaGe4O9Mn0.0005,LiNaGe4O9,Mn,https://doi.org/10.1111/jace.14168,mp-6663, icsd-86152 icsd-20112,5,661.0
1733,LiNaGe4O9Mn0.001,LiNaGe4O9,Mn,https://doi.org/10.1111/jace.14168,mp-6663, icsd-86152 icsd-20112,10,661.0
1734,LiNaGe4O9Mn0.005,LiNaGe4O9,Mn,https://doi.org/10.1111/jace.14168,mp-6663, icsd-86152 icsd-20112,10,661.0
1735,LiNaGe4O9Mn0.02,LiNaGe4O9,Mn,https://doi.org/10.1111/jace.14168,mp-6663, icsd-86152 icsd-20112,7,661.0
1736,SrGe3.99O9Mn0.01,SrGe3.99O9,Mn,https://doi.org/10.1039/C6TC01813K,mp-9380, icsd-82393,1,670.0
1737,SrGe3.98O9Mn0.02,SrGe3.98O9,Mn,https://doi.org/10.1039/C6TC01813K,mp-9380, icsd-82393,3,670.0
1738,SrGe3.96O9Mn0.04,SrGe3.96O9,Mn,https://doi.org/10.1039/C6TC01813K,mp-9380, icsd-82393,4,670.0
1739,SrGe3.92O9Mn0.08,SrGe3.92O9,Mn,https://doi.org/10.1039/C6TC01813K,mp-9380, icsd-82393,5,670.0
1740,SrGe3.88O9Mn0.12,SrGe3.88O9,Mn,https://doi.org/10.1039/C6TC01813K,mp-9380, icsd-82393,2,670.0
1741,SrGe3.84O9Mn0.16,SrGe3.84O9,Mn,https://doi.org/10.1039/C6TC01813K,mp-9380, icsd-82393,6,670.0
1742,BaGe3.99O9Mn0.01,BaGe3.99O9,Mn,https://doi.org/10.1039/C6TC01813K,mp-9380, icsd-82393,5,669.0
1743,BaGe3.98O9Mn0.02,BaGe3.98O9,Mn,https://doi.org/10.1039/C6TC01813K,mp-9380, icsd-82393,3,669.0
1744,BaGe3.96O9Mn0.04,BaGe3.96O9,Mn,https://doi.org/10.1039/C6TC01813K,mp-9380, icsd-82393,1,669.0
1745,BaGe3.94O9Mn0.06,BaGe3.94O9,Mn,https://doi.org/10.1039/C6TC01813K,mp-9380, icsd-82393,1,669.0
1746,BaGe3.92O9Mn0.08,BaGe3.92O9,Mn,https://doi.org/10.1039/C6TC01813K,mp-9380, icsd-82393,2,669.0
1747,BaGe3.88O9Mn0.12,BaGe3.88O9,Mn,https://doi.org/10.1039/C6TC01813K,mp-9380, icsd-82393,3,669.0
1748,Li2MgZr0.996O4Mn0.004,Li2MgZr0.996O4,Mn,https://doi.org/10.1016/j.jlumin.2017.05.002,mp-1222626,,6,670.0
1749,KNaSiF6Mn0.06,KNaSiF6,Mn,https://doi.org/10.1021/acsami.6b01905,mp-556934, icsd-183232 icsd-71334,8,629.0
1750,Cs2SiF6Mn0.1075,Cs2SiF6,Mn,https://doi.org/10.1021/acsphotonics.7b00852,mp-4047, icsd-26871 icsd-38548,6,632.0
1751,Cs2SiF6Mn0.1075,Cs2SiF6,Mn,https://doi.org/10.1021/acsphotonics.7b00852,mp-4047, icsd-26871 icsd-38548,10,632.0
1752,Cs2SiF6Mn0.1075,Cs2SiF6,Mn,https://doi.org/10.1021/acsphotonics.7b00852,mp-4047, icsd-26871 icsd-38548,3,632.0
1753,Cs2SiF6Mn0.1075,Cs2SiF6,Mn,https://doi.org/10.1021/acsphotonics.7b00852,mp-4047, icsd-26871 icsd-38548,1,632.0
1754,Cs2SiF6Mn0.1075,Cs2SiF6,Mn,https://doi.org/10.1021/acsphotonics.7b00852,mp-4047, icsd-26871 icsd-38548,6,632.0
1755,Cs2SiF6Mn0.1075,Cs2SiF6,Mn,https://doi.org/10.1021/acsphotonics.7b00852,mp-4047, icsd-26871 icsd-38548,1,632.0
1756,Cs2SiF6Mn0.1075,Cs2SiF6,Mn,https://doi.org/10.1021/acsphotonics.7b00852,mp-4047, icsd-26871 icsd-38548,6,632.0
1757,BaNb2O6Sm0.005,BaNb2O6,Sm,https://doi.org/10.1016/j.jlumin.2016.03.025,"mp-28150,mp-555050,mp-640553", icsd-28253 icsd-39320 icsd-28253,10,599.0
1758,BaNb2O6Sm0.015,BaNb2O6,Sm,https://doi.org/10.1016/j.jlumin.2016.03.025,"mp-28150,mp-555050,mp-640553", icsd-28253 icsd-39320 icsd-28253,9,599.0
1759,BaNb2O6Sm0.025,BaNb2O6,Sm,https://doi.org/10.1016/j.jlumin.2016.03.025,"mp-28150,mp-555050,mp-640553", icsd-28253 icsd-39320 icsd-28253,10,599.0
1760,Li0.97AlSiO4Sm0.03,Li0.97AlSiO4,Sm,https://doi.org/10.1016/j.jallcom.2016.08.057,"mp-18220,mp-14399,mp-6326,mp-1222444,mp-6327,mp-558713,mp-556544,mp-1222553,mp-559689", icsd-92708 icsd-32595 icsd-22011 icsd-22012 icsd-22013 icsd-22010 icsd-2929 icsd-24888 icsd-22015 icsd-22014 icsd-38167 icsd-66137 icsd-97909,2,602.0
1761,NaLa0.6MgWO6Eu0.4,NaLa0.6MgWO6,Eu,https://doi.org/10.1016/j.materresbull.2012.03.023,"mp-558194,mp-556619", icsd-187079 icsd-174386 icsd-172413 icsd-40497,5,615.0
1762,NaLa0.95MgWO6Sm0.05,NaLa0.95MgWO6,Sm,https://doi.org/10.1016/j.materresbull.2012.03.023,"mp-558194,mp-556619", icsd-187079 icsd-174386 icsd-172413 icsd-40497,5,644.0
1763,NaLa0.8MgWO6Tb0.2,NaLa0.8MgWO6,Tb,https://doi.org/10.1016/j.materresbull.2012.03.023,"mp-558194,mp-556619", icsd-187079 icsd-174386 icsd-172413 icsd-40497,1,544.0
1764,MgOSm0.0002,MgO,Sm,https://doi.org/10.1016/j.molstruc.2016.09.046,"mp-1265,mp-1065577,mp-1192189,mp-1180973,mp-1192043,mp-549706,mp-1180312 ,mp-775808,mp-776911,mp-1190533,mp-1101930,mp-1190649,mp-1191789,mp-1245039,mp-1245045,mp-1245232,mp-1244962,mp-1245157,mp-1009129,mp-1245143,mp-1245195,mp-1245128,mp-1009127", icsd-64928 icsd-236617 icsd-642716 icsd-170905 icsd-159369 icsd-157525 icsd-188324 icsd-157524 icsd-44927 icsd-104844 icsd-159372 icsd-159371 icsd-161607 icsd-26958 icsd-104845 icsd-56143 icsd-157527 icsd-642712 icsd-159376 icsd-159374 icsd-642713 icsd-60492 icsd-157528 icsd-31051 icsd-41990 icsd-52275 icsd-159375 icsd-159373 icsd-169450 icsd-157523 icsd-181456 icsd-173128 icsd-248385 icsd-77821 icsd-29127 icsd-77759 icsd-64930 icsd-158103 icsd-101007 icsd-61325 icsd-9863 icsd-64929 icsd-159377 icsd-159368 icsd-642714 icsd-159367 icsd-88058 icsd-60692 icsd-173132 icsd-95468 icsd-157526 icsd-52026 icsd-159378 icsd-161059 icsd-181458 icsd-181457 icsd-181460 icsd-162607 icsd-181461 icsd-236618 icsd-161842 icsd-181462 icsd-181463 icsd-181465 icsd-181464 icsd-181466 icsd-166273 icsd-248386,3,604.0
1765,MgOSm0.0004,MgO,Sm,https://doi.org/10.1016/j.molstruc.2016.09.046,"mp-1265,mp-1065577,mp-1192189,mp-1180973,mp-1192043,mp-549706,mp-1180312 ,mp-775808,mp-776911,mp-1190533,mp-1101930,mp-1190649,mp-1191789,mp-1245039,mp-1245045,mp-1245232,mp-1244962,mp-1245157,mp-1009129,mp-1245143,mp-1245195,mp-1245128,mp-1009127", icsd-64928 icsd-236617 icsd-642716 icsd-170905 icsd-159369 icsd-157525 icsd-188324 icsd-157524 icsd-44927 icsd-104844 icsd-159372 icsd-159371 icsd-161607 icsd-26958 icsd-104845 icsd-56143 icsd-157527 icsd-642712 icsd-159376 icsd-159374 icsd-642713 icsd-60492 icsd-157528 icsd-31051 icsd-41990 icsd-52275 icsd-159375 icsd-159373 icsd-169450 icsd-157523 icsd-181456 icsd-173128 icsd-248385 icsd-77821 icsd-29127 icsd-77759 icsd-64930 icsd-158103 icsd-101007 icsd-61325 icsd-9863 icsd-64929 icsd-159377 icsd-159368 icsd-642714 icsd-159367 icsd-88058 icsd-60692 icsd-173132 icsd-95468 icsd-157526 icsd-52026 icsd-159378 icsd-161059 icsd-181458 icsd-181457 icsd-181460 icsd-162607 icsd-181461 icsd-236618 icsd-161842 icsd-181462 icsd-181463 icsd-181465 icsd-181464 icsd-181466 icsd-166273 icsd-248386,6,604.0
1766,MgOSm0.0006,MgO,Sm,https://doi.org/10.1016/j.molstruc.2016.09.046,"mp-1265,mp-1065577,mp-1192189,mp-1180973,mp-1192043,mp-549706,mp-1180312 ,mp-775808,mp-776911,mp-1190533,mp-1101930,mp-1190649,mp-1191789,mp-1245039,mp-1245045,mp-1245232,mp-1244962,mp-1245157,mp-1009129,mp-1245143,mp-1245195,mp-1245128,mp-1009127", icsd-64928 icsd-236617 icsd-642716 icsd-170905 icsd-159369 icsd-157525 icsd-188324 icsd-157524 icsd-44927 icsd-104844 icsd-159372 icsd-159371 icsd-161607 icsd-26958 icsd-104845 icsd-56143 icsd-157527 icsd-642712 icsd-159376 icsd-159374 icsd-642713 icsd-60492 icsd-157528 icsd-31051 icsd-41990 icsd-52275 icsd-159375 icsd-159373 icsd-169450 icsd-157523 icsd-181456 icsd-173128 icsd-248385 icsd-77821 icsd-29127 icsd-77759 icsd-64930 icsd-158103 icsd-101007 icsd-61325 icsd-9863 icsd-64929 icsd-159377 icsd-159368 icsd-642714 icsd-159367 icsd-88058 icsd-60692 icsd-173132 icsd-95468 icsd-157526 icsd-52026 icsd-159378 icsd-161059 icsd-181458 icsd-181457 icsd-181460 icsd-162607 icsd-181461 icsd-236618 icsd-161842 icsd-181462 icsd-181463 icsd-181465 icsd-181464 icsd-181466 icsd-166273 icsd-248386,4,604.0
1767,MgOSm0.0008,MgO,Sm,https://doi.org/10.1016/j.molstruc.2016.09.046,"mp-1265,mp-1065577,mp-1192189,mp-1180973,mp-1192043,mp-549706,mp-1180312 ,mp-775808,mp-776911,mp-1190533,mp-1101930,mp-1190649,mp-1191789,mp-1245039,mp-1245045,mp-1245232,mp-1244962,mp-1245157,mp-1009129,mp-1245143,mp-1245195,mp-1245128,mp-1009127", icsd-64928 icsd-236617 icsd-642716 icsd-170905 icsd-159369 icsd-157525 icsd-188324 icsd-157524 icsd-44927 icsd-104844 icsd-159372 icsd-159371 icsd-161607 icsd-26958 icsd-104845 icsd-56143 icsd-157527 icsd-642712 icsd-159376 icsd-159374 icsd-642713 icsd-60492 icsd-157528 icsd-31051 icsd-41990 icsd-52275 icsd-159375 icsd-159373 icsd-169450 icsd-157523 icsd-181456 icsd-173128 icsd-248385 icsd-77821 icsd-29127 icsd-77759 icsd-64930 icsd-158103 icsd-101007 icsd-61325 icsd-9863 icsd-64929 icsd-159377 icsd-159368 icsd-642714 icsd-159367 icsd-88058 icsd-60692 icsd-173132 icsd-95468 icsd-157526 icsd-52026 icsd-159378 icsd-161059 icsd-181458 icsd-181457 icsd-181460 icsd-162607 icsd-181461 icsd-236618 icsd-161842 icsd-181462 icsd-181463 icsd-181465 icsd-181464 icsd-181466 icsd-166273 icsd-248386,6,604.0
1768,La2.97BrSi2S8Ce0.03,La2.97BrSi2S8,Ce,https://doi.org/10.1021/acsami.5b12125,mp-560523, icsd-411996,10,466.0
1769,La2.85BrSi2S8Ce0.15,La2.85BrSi2S8,Ce,https://doi.org/10.1021/acsami.5b12125,mp-560523, icsd-411996,2,466.0
1770,La2.7BrSi2S8Ce0.3,La2.7BrSi2S8,Ce,https://doi.org/10.1021/acsami.5b12125,mp-560523, icsd-411996,4,466.0
1771,La2.55BrSi2S8Ce0.45,La2.55BrSi2S8,Ce,https://doi.org/10.1021/acsami.5b12125,mp-560523, icsd-411996,1,466.0
1772,La2.97BrSi2S8Eu0.03,La2.97BrSi2S8,Eu,https://doi.org/10.1021/acsami.5b12125,mp-560523, icsd-411996,4,640.0
1773,La2.94BrSi2S8Eu0.06,La2.94BrSi2S8,Eu,https://doi.org/10.1021/acsami.5b12125,mp-560523, icsd-411996,9,640.0
1774,La2.91BrSi2S8Eu0.09,La2.91BrSi2S8,Eu,https://doi.org/10.1021/acsami.5b12125,mp-560523, icsd-411996,9,640.0
1775,La2.88BrSi2S8Eu0.12,La2.88BrSi2S8,Eu,https://doi.org/10.1021/acsami.5b12125,mp-560523, icsd-411996,3,640.0
1776,La2.85BrSi2S8Eu0.15,La2.85BrSi2S8,Eu,https://doi.org/10.1021/acsami.5b12125,mp-560523, icsd-411996,6,640.0
1777,SrBi2B2O7Sm0.04,SrBi2B2O7,Sm,https://doi.org/10.1039/C6RA26752A,mp-558323,,5,598.0
1778,SrBi2B2O7Eu0.06,SrBi2B2O7,Eu,https://doi.org/10.1039/C6RA26752A,mp-558323,,4,611.0
1779,Sr2Si5N8Eu0.01,Sr2Si5N8,Eu,https://doi.org/10.1016/j.jallcom.2016.01.192,mp-9710, icsd-401500,5,617.0
1780,Sr2Si5N8Eu0.02,Sr2Si5N8,Eu,https://doi.org/10.1016/j.jallcom.2016.01.192,mp-9710, icsd-401500,1,617.0
1781,Sr2Si5N8Eu0.04,Sr2Si5N8,Eu,https://doi.org/10.1016/j.jallcom.2016.01.192,mp-9710, icsd-401500,9,617.0
1782,Sr2Si5N8Eu0.06,Sr2Si5N8,Eu,https://doi.org/10.1016/j.jallcom.2016.01.192,mp-9710, icsd-401500,9,617.0
1783,Cs3AlF6Mn0.00183,Cs3AlF6,Mn,https://doi.org/10.1149/2.0271809jss,,,8,634.0
1784,K3ScF6Mn0.003,K3ScF6,Mn,https://doi.org/10.1021/acsami.8b01885,mp-1111079,,8,631.0
1785,K3ScF6Mn0.0341,K3ScF6,Mn,https://doi.org/10.1021/acsami.7b00749,mp-1111079,,9,630.0
1786,K3ScF6Mn0.0341,K3ScF6,Mn,https://doi.org/10.1021/acsami.7b00749,mp-1111079,,7,630.0
1787,Ca0.98AlSiN3Li0.01Ce0.01,Ca0.98AlSiN3Li0.01,Ce,https://doi.org/10.1021/cm801669x,,,10,590.0
1788,K2TiF6Mn0.0072,K2TiF6,Mn,https://doi.org/10.1038/ncomms5312,mp-3970, icsd-280318 icsd-24659 icsd-174003,7,631.0
1789,K2TiF6Mn0.014,K2TiF6,Mn,https://doi.org/10.1038/ncomms5312,mp-3970, icsd-280318 icsd-24659 icsd-174003,4,631.0
1790,K2TiF6Mn0.021,K2TiF6,Mn,https://doi.org/10.1038/ncomms5312,mp-3970, icsd-280318 icsd-24659 icsd-174003,8,631.0
1791,K2TiF6Mn0.055,K2TiF6,Mn,https://doi.org/10.1038/ncomms5312,mp-3970, icsd-280318 icsd-24659 icsd-174003,2,631.0
1792,K2TiF6Mn0.065,K2TiF6,Mn,https://doi.org/10.1038/ncomms5312,mp-3970, icsd-280318 icsd-24659 icsd-174003,1,631.0
1793,K2NbF7Mn0.0139,K2NbF7,Mn,https://doi.org/10.1016/j.optmat.2018.10.031,mp-4758, icsd-14132 icsd-19066,4,628.0
1794,Cs2HfF6Mn0.019,Cs2HfF6,Mn,https://doi.org/10.1016/j.jlumin.2017.10.006,mp-13948, icsd-25600,10,632.0
1795,Ba1.96AlSi5N9Eu0.04,Ba1.96AlSi5N9,Eu,https://doi.org/10.1021/cm803233d,,,6,580.0
1796,K2LiAlF6Mn0.005,K2LiAlF6,Mn,https://doi.org/10.1007/s11431-017-9033-4,"mp-556996,mp-15549,mp-9839,mp-722903", icsd-27672 icsd-48149 icsd-408552 icsd-37250 icsd-408553,10,634.0
1797,K2LiAlF6Mn0.005,K2LiAlF6,Mn,https://doi.org/10.1007/s11431-017-9033-4,"mp-556996,mp-15549,mp-9839,mp-722903", icsd-27672 icsd-48149 icsd-408552 icsd-37250 icsd-408553,8,634.0
1798,K2LiAlF6Mn0.005,K2LiAlF6,Mn,https://doi.org/10.1007/s11431-017-9033-4,"mp-556996,mp-15549,mp-9839,mp-722903", icsd-27672 icsd-48149 icsd-408552 icsd-37250 icsd-408553,2,634.0
1799,K2LiAlF6Mn0.005,K2LiAlF6,Mn,https://doi.org/10.1007/s11431-017-9033-4,"mp-556996,mp-15549,mp-9839,mp-722903", icsd-27672 icsd-48149 icsd-408552 icsd-37250 icsd-408553,9,634.0
1800,K2LiAlF6Mn0.005,K2LiAlF6,Mn,https://doi.org/10.1007/s11431-017-9033-4,"mp-556996,mp-15549,mp-9839,mp-722903", icsd-27672 icsd-48149 icsd-408552 icsd-37250 icsd-408553,5,634.0
1801,K2LiAlF6Mn0.005,K2LiAlF6,Mn,https://doi.org/10.1007/s11431-017-9033-4,"mp-556996,mp-15549,mp-9839,mp-722903", icsd-27672 icsd-48149 icsd-408552 icsd-37250 icsd-408553,8,634.0
1802,K2LiAlF6Mn0.005,K2LiAlF6,Mn,https://doi.org/10.1007/s11431-017-9033-4,"mp-556996,mp-15549,mp-9839,mp-722903", icsd-27672 icsd-48149 icsd-408552 icsd-37250 icsd-408553,10,634.0
1803,Ca20Li8Al39N55Eu0.005,Ca20Li8Al39N55,Eu,https://doi.org/10.1021/acs.chemmater.5b04929,,,5,650.0
1804,Ca20Li8Al39N55Eu0.005,Ca20Li8Al39N55,Eu,https://doi.org/10.1021/acs.chemmater.5b04929,,,5,650.0
1805,Ca20Li8Al39N55Eu0.005,Ca20Li8Al39N55,Eu,https://doi.org/10.1021/acs.chemmater.5b04929,,,3,650.0
1806,Ca18.75Li10.5Al39N55Eu0.005,Ca18.75Li10.5Al39N55,Eu,https://doi.org/10.1021/acs.chemmater.5b04929,,,10,650.0
1807,Ca18Li12Al39N55Eu0.005,Ca18Li12Al39N55,Eu,https://doi.org/10.1021/acs.chemmater.5b04929,,,5,650.0
1808,Ca18Li12Al39N55Eu0.005,Ca18Li12Al39N55,Eu,https://doi.org/10.1021/acs.chemmater.5b04929,,,6,650.0
1809,BaLi2Al2Si2N6Eu0.01,BaLi2Al2Si2N6,Eu,https://doi.org/10.1021/acs.chemmater.5b02702,,,1,540.0
1810,Ba3In3.88P6O24Eu0.03,Ba3In3.88P6O24,Eu,https://doi.org/10.1016/j.jallcom.2019.05.059,,,9,612.0
1811,Ba3In3.92P6O24Tb0.02,Ba3In3.92P6O24,Tb,https://doi.org/10.1016/j.jallcom.2019.05.059,,,8,549.0
1812,Ba3In3.88P6O24Tb0.03,Ba3In3.88P6O24,Tb,https://doi.org/10.1016/j.jallcom.2019.05.059,,,7,549.0
1813,Ba3In3.84P6O24Tb0.04,Ba3In3.84P6O24,Tb,https://doi.org/10.1016/j.jallcom.2019.05.059,,,7,549.0
1814,Ba3In3.80P6O24Tb0.05,Ba3In3.80P6O24,Tb,https://doi.org/10.1016/j.jallcom.2019.05.059,,,3,549.0
1815,Ba3In3.76P6O24Tb0.06,Ba3In3.76P6O24,Tb,https://doi.org/10.1016/j.jallcom.2019.05.059,,,6,549.0
1816,Ba3In3.68P6O24Tb0.08,Ba3In3.68P6O24,Tb,https://doi.org/10.1016/j.jallcom.2019.05.059,,,9,549.0
1817,Ba3In3.96P6O24Eu0.01,Ba3In3.96P6O24,Eu,https://doi.org/10.1016/j.jallcom.2019.05.059,,,5,612.0
1818,ZnOEu0.004,ZnO,Eu,https://doi.org/10.1016/j.saa.2017.03.067,"mp-2133,mp-1986,mp-1093993,mp-2229,mp-997630,mp-1245209,mp-1245109,mp-1245015,mp-1017539,mp-1245255,mp-13161", icsd-656331 icsd-166355 icsd-185828 icsd-67848 icsd-184079 icsd-236754 icsd-166353 icsd-65119 icsd-193696 icsd-182356 icsd-180052 icsd-166356 icsd-195802 icsd-82028 icsd-94002 icsd-165014 icsd-164209 icsd-647667 icsd-161836 icsd-67454 icsd-154488 icsd-41488 icsd-157132 icsd-164690 icsd-185829 icsd-155780 icsd-154487 icsd-65122 icsd-157133 icsd-184674 icsd-57478 icsd-181731 icsd-163380 icsd-154490 icsd-52362 icsd-65120 icsd-26170 icsd-191642 icsd-57450 icsd-182355 icsd-162843 icsd-236619 icsd-165009 icsd-184793 icsd-157724 icsd-76641 icsd-29272 icsd-165011 icsd-189104 icsd-67849 icsd-65121 icsd-165013 icsd-165010 icsd-166354 icsd-167690 icsd-165002 icsd-31060 icsd-154489 icsd-154486 icsd-165012 icsd-181473 icsd-185827 icsd-31052 icsd-647681 icsd-82029 icsd-166243 icsd-34477 icsd-94004 icsd-169463 icsd-162753 icsd-647683 icsd-182357 icsd-163383 icsd-187457 icsd-190806 icsd-190802 icsd-38222 icsd-166359 icsd-182358 icsd-166358 icsd-57156 icsd-190804 icsd-166360 icsd-182359 icsd-190807 icsd-163381 icsd-190803 icsd-190805 icsd-166357 icsd-181039 icsd-182360 icsd-163382,7,618.0
1819,Ba9.95F2P6O24Eu0.05,Ba9.95F2P6O24,Eu,https://doi.org/10.1016/j.saa.2015.03.029,"mp-1228113,mp-1214497",,10,616.0
1820,Ba9.93F2P6O24Eu0.07,Ba9.93F2P6O24,Eu,https://doi.org/10.1016/j.saa.2015.03.029,"mp-1228113,mp-1214497",,6,616.0
1821,Ba9.9F2P6O24Eu0.1,Ba9.9F2P6O24,Eu,https://doi.org/10.1016/j.saa.2015.03.029,"mp-1228113,mp-1214497",,5,616.0
1822,Ba9.8F2P6O24Eu0.2,Ba9.8F2P6O24,Eu,https://doi.org/10.1016/j.saa.2015.03.029,"mp-1228113,mp-1214497",,8,616.0
1823,Ba9.7F2P6O24Eu0.3,Ba9.7F2P6O24,Eu,https://doi.org/10.1016/j.saa.2015.03.029,"mp-1228113,mp-1214497",,9,616.0
1824,Ba9.6F2P6O24Eu0.4,Ba9.6F2P6O24,Eu,https://doi.org/10.1016/j.saa.2015.03.029,"mp-1228113,mp-1214497",,5,616.0
1825,Ba9.5F2P6O24Eu0.5,Ba9.5F2P6O24,Eu,https://doi.org/10.1016/j.saa.2015.03.029,"mp-1228113,mp-1214497",,1,616.0
1826,Ba9.3F2P6O24Eu0.7,Ba9.3F2P6O24,Eu,https://doi.org/10.1016/j.saa.2015.03.029,"mp-1228113,mp-1214497",,1,616.0
1827,Ba9F2P6O24Eu1,Ba9F2P6O24,Eu,https://doi.org/10.1016/j.saa.2015.03.029,"mp-1228113,mp-1214497",,1,616.0
1828,Ca18Li3Bi0.8P14O56Eu0.2,Ca18Li3Bi0.8P14O56,Eu,https://doi.org/10.1039/C8DT04047H,,,4,612.0
1829,Ca18Li3Bi0.6P14O56Eu0.4,Ca18Li3Bi0.6P14O56,Eu,https://doi.org/10.1039/C8DT04047H,,,7,612.0
1830,Ca18Li3Bi0.4P14O56Eu0.6,Ca18Li3Bi0.4P14O56,Eu,https://doi.org/10.1039/C8DT04047H,,,1,612.0
1831,Ca18Li3Bi0.4P14O56Eu0.6,Ca18Li3Bi0.4P14O56,Eu,https://doi.org/10.1039/C8DT04047H,,,1,612.0
1832,Ca18Li3Bi0.4P14O56Eu0.6,Ca18Li3Bi0.4P14O56,Eu,https://doi.org/10.1039/C8DT04047H,,,4,612.0
1833,Ca18Li3Bi0.4P14O56Eu0.6,Ca18Li3Bi0.4P14O56,Eu,https://doi.org/10.1039/C8DT04047H,,,4,612.0
1834,Ca18Li3Bi0.4P14O56Eu0.6,Ca18Li3Bi0.4P14O56,Eu,https://doi.org/10.1039/C8DT04047H,,,9,612.0
1835,Ca18Li3Bi0.4P14O56Eu0.6,Ca18Li3Bi0.4P14O56,Eu,https://doi.org/10.1039/C8DT04047H,,,3,612.0
1836,Ca18Li3Bi0.4P14O56Eu0.6,Ca18Li3Bi0.4P14O56,Eu,https://doi.org/10.1039/C8DT04047H,,,5,612.0
1837,Ca18Li3Bi0.2P14O56Eu0.8,Ca18Li3Bi0.2P14O56,Eu,https://doi.org/10.1039/C8DT04047H,,,3,612.0
1838,Ca18Li3P14O56Eu1,Ca18Li3P14O56,Eu,https://doi.org/10.1039/C8DT04047H,,,1,612.0
1839,Ca0.997AlSiN3Yb0.003,Ca0.997AlSiN3,Yb,https://doi.org/10.1039/C2JM35170F,,,5,629.0
1840,Ca0.997AlSiN3Yb0.003,Ca0.997AlSiN3,Yb,https://doi.org/10.1039/C2JM35170F,,,7,629.0
1841,Na3Lu0.8P2O8Eu0.2,Na3Lu0.8P2O8,Eu,https://doi.org/10.1016/j.jallcom.2019.06.190,,,9,614.0
1842,Na3Lu0.6P2O8Eu0.4,Na3Lu0.6P2O8,Eu,https://doi.org/10.1016/j.jallcom.2019.06.190,,,5,614.0
1843,Na3Lu0.4P2O8Eu0.6,Na3Lu0.4P2O8,Eu,https://doi.org/10.1016/j.jallcom.2019.06.190,,,10,614.0
1844,Na3Lu0.2P2O8Eu0.8,Na3Lu0.2P2O8,Eu,https://doi.org/10.1016/j.jallcom.2019.06.190,,,8,614.0
1845,Na3P2O8Eu1,Na3P2O8,Eu,https://doi.org/10.1016/j.jallcom.2019.06.190,mp-1200484, icsd-95893,2,614.0
1846,Zr0.95O2Eu0.05,Zr0.95O2,Eu,https://doi.org/10.1016/j.dyepig.2017.12.012,"mp-2858,mp-776404,mp-754403,mp-1190186,mp-556605,mp-755089,mp-755759,mp-2574,mp-776427,mp-775909,mp-775980,mp-755769,mp-775910,mp-1565,mp-754741,mp-775935,mp-776386,mp-963,mp-1245318,mp-1100824 ", icsd-82544 icsd-187209 icsd-80043 icsd-172161 icsd-173959 icsd-82543 icsd-291451 icsd-80042 icsd-658755 icsd-94887 icsd-186674 icsd-41010 icsd-80044 icsd-18190 icsd-62993 icsd-248445 icsd-68782 icsd-57158 icsd-157403 icsd-94886 icsd-86692 icsd-57451 icsd-89426 icsd-417639 icsd-187208 icsd-80048 icsd-80046 icsd-80045 icsd-291120 icsd-41572 icsd-248446 icsd-80050 icsd-80049 icsd-187207 icsd-26488 icsd-15983 icsd-82545 icsd-60900 icsd-647691 icsd-57157 icsd-96537 icsd-80047 icsd-185125 icsd-659226 icsd-60901 icsd-237008 icsd-248449 icsd-173960 icsd-67004 icsd-94931 icsd-66784 icsd-66783 icsd-92091 icsd-92093 icsd-85322 icsd-157620 icsd-237007 icsd-647692 icsd-9993 icsd-92092 icsd-66781 icsd-164736 icsd-51051 icsd-93124 icsd-66786 icsd-248448 icsd-291452 icsd-173961 icsd-157621 icsd-66788 icsd-88022 icsd-93028 icsd-66782 icsd-185124 icsd-93125 icsd-66787 icsd-93033 icsd-93032 icsd-93030 icsd-66785 icsd-93031 icsd-68781 icsd-92090 icsd-180936 icsd-157618 icsd-97004 icsd-248447 icsd-164862 icsd-186673 icsd-157619 icsd-66789 icsd-93123 icsd-93126 icsd-23928 icsd-93029 icsd-68589 icsd-655671 icsd-248444 icsd-53998 icsd-105553 icsd-164861 icsd-291119 icsd-92096 icsd-248443 icsd-186672 icsd-291453 icsd-157617 icsd-173962 icsd-647689 icsd-92095 icsd-237006 icsd-185123 icsd-89429 icsd-79914 icsd-173963 icsd-56696 icsd-83862 icsd-79915,8,604.0
1847,Zr0.93O2Eu0.07,Zr0.93O2,Eu,https://doi.org/10.1016/j.dyepig.2017.12.012,"mp-2858,mp-776404,mp-754403,mp-1190186,mp-556605,mp-755089,mp-755759,mp-2574,mp-776427,mp-775909,mp-775980,mp-755769,mp-775910,mp-1565,mp-754741,mp-775935,mp-776386,mp-963,mp-1245318,mp-1100824 ", icsd-82544 icsd-187209 icsd-80043 icsd-172161 icsd-173959 icsd-82543 icsd-291451 icsd-80042 icsd-658755 icsd-94887 icsd-186674 icsd-41010 icsd-80044 icsd-18190 icsd-62993 icsd-248445 icsd-68782 icsd-57158 icsd-157403 icsd-94886 icsd-86692 icsd-57451 icsd-89426 icsd-417639 icsd-187208 icsd-80048 icsd-80046 icsd-80045 icsd-291120 icsd-41572 icsd-248446 icsd-80050 icsd-80049 icsd-187207 icsd-26488 icsd-15983 icsd-82545 icsd-60900 icsd-647691 icsd-57157 icsd-96537 icsd-80047 icsd-185125 icsd-659226 icsd-60901 icsd-237008 icsd-248449 icsd-173960 icsd-67004 icsd-94931 icsd-66784 icsd-66783 icsd-92091 icsd-92093 icsd-85322 icsd-157620 icsd-237007 icsd-647692 icsd-9993 icsd-92092 icsd-66781 icsd-164736 icsd-51051 icsd-93124 icsd-66786 icsd-248448 icsd-291452 icsd-173961 icsd-157621 icsd-66788 icsd-88022 icsd-93028 icsd-66782 icsd-185124 icsd-93125 icsd-66787 icsd-93033 icsd-93032 icsd-93030 icsd-66785 icsd-93031 icsd-68781 icsd-92090 icsd-180936 icsd-157618 icsd-97004 icsd-248447 icsd-164862 icsd-186673 icsd-157619 icsd-66789 icsd-93123 icsd-93126 icsd-23928 icsd-93029 icsd-68589 icsd-655671 icsd-248444 icsd-53998 icsd-105553 icsd-164861 icsd-291119 icsd-92096 icsd-248443 icsd-186672 icsd-291453 icsd-157617 icsd-173962 icsd-647689 icsd-92095 icsd-237006 icsd-185123 icsd-89429 icsd-79914 icsd-173963 icsd-56696 icsd-83862 icsd-79915,3,604.0
1848,Zr0.91O2Eu0.09,Zr0.91O2,Eu,https://doi.org/10.1016/j.dyepig.2017.12.012,"mp-2858,mp-776404,mp-754403,mp-1190186,mp-556605,mp-755089,mp-755759,mp-2574,mp-776427,mp-775909,mp-775980,mp-755769,mp-775910,mp-1565,mp-754741,mp-775935,mp-776386,mp-963,mp-1245318,mp-1100824 ", icsd-82544 icsd-187209 icsd-80043 icsd-172161 icsd-173959 icsd-82543 icsd-291451 icsd-80042 icsd-658755 icsd-94887 icsd-186674 icsd-41010 icsd-80044 icsd-18190 icsd-62993 icsd-248445 icsd-68782 icsd-57158 icsd-157403 icsd-94886 icsd-86692 icsd-57451 icsd-89426 icsd-417639 icsd-187208 icsd-80048 icsd-80046 icsd-80045 icsd-291120 icsd-41572 icsd-248446 icsd-80050 icsd-80049 icsd-187207 icsd-26488 icsd-15983 icsd-82545 icsd-60900 icsd-647691 icsd-57157 icsd-96537 icsd-80047 icsd-185125 icsd-659226 icsd-60901 icsd-237008 icsd-248449 icsd-173960 icsd-67004 icsd-94931 icsd-66784 icsd-66783 icsd-92091 icsd-92093 icsd-85322 icsd-157620 icsd-237007 icsd-647692 icsd-9993 icsd-92092 icsd-66781 icsd-164736 icsd-51051 icsd-93124 icsd-66786 icsd-248448 icsd-291452 icsd-173961 icsd-157621 icsd-66788 icsd-88022 icsd-93028 icsd-66782 icsd-185124 icsd-93125 icsd-66787 icsd-93033 icsd-93032 icsd-93030 icsd-66785 icsd-93031 icsd-68781 icsd-92090 icsd-180936 icsd-157618 icsd-97004 icsd-248447 icsd-164862 icsd-186673 icsd-157619 icsd-66789 icsd-93123 icsd-93126 icsd-23928 icsd-93029 icsd-68589 icsd-655671 icsd-248444 icsd-53998 icsd-105553 icsd-164861 icsd-291119 icsd-92096 icsd-248443 icsd-186672 icsd-291453 icsd-157617 icsd-173962 icsd-647689 icsd-92095 icsd-237006 icsd-185123 icsd-89429 icsd-79914 icsd-173963 icsd-56696 icsd-83862 icsd-79915,9,604.0
1849,Zr0.89O2Eu0.11,Zr0.89O2,Eu,https://doi.org/10.1016/j.dyepig.2017.12.012,"mp-2858,mp-776404,mp-754403,mp-1190186,mp-556605,mp-755089,mp-755759,mp-2574,mp-776427,mp-775909,mp-775980,mp-755769,mp-775910,mp-1565,mp-754741,mp-775935,mp-776386,mp-963,mp-1245318,mp-1100824", icsd-82544 icsd-187209 icsd-80043 icsd-172161 icsd-173959 icsd-82543 icsd-291451 icsd-80042 icsd-658755 icsd-94887 icsd-186674 icsd-41010 icsd-80044 icsd-18190 icsd-62993 icsd-248445 icsd-68782 icsd-57158 icsd-157403 icsd-94886 icsd-86692 icsd-57451 icsd-89426 icsd-417639 icsd-187208 icsd-80048 icsd-80046 icsd-80045 icsd-291120 icsd-41572 icsd-248446 icsd-80050 icsd-80049 icsd-187207 icsd-26488 icsd-15983 icsd-82545 icsd-60900 icsd-647691 icsd-57157 icsd-96537 icsd-80047 icsd-185125 icsd-659226 icsd-60901 icsd-237008 icsd-248449 icsd-173960 icsd-67004 icsd-94931 icsd-66784 icsd-66783 icsd-92091 icsd-92093 icsd-85322 icsd-157620 icsd-237007 icsd-647692 icsd-9993 icsd-92092 icsd-66781 icsd-164736 icsd-51051 icsd-93124 icsd-66786 icsd-248448 icsd-291452 icsd-173961 icsd-157621 icsd-66788 icsd-88022 icsd-93028 icsd-66782 icsd-185124 icsd-93125 icsd-66787 icsd-93033 icsd-93032 icsd-93030 icsd-66785 icsd-93031 icsd-68781 icsd-92090 icsd-180936 icsd-157618 icsd-97004 icsd-248447 icsd-164862 icsd-186673 icsd-157619 icsd-66789 icsd-93123 icsd-93126 icsd-23928 icsd-93029 icsd-68589 icsd-655671 icsd-248444 icsd-53998 icsd-105553 icsd-164861 icsd-291119 icsd-92096 icsd-248443 icsd-186672 icsd-291453 icsd-157617 icsd-173962 icsd-647689 icsd-92095 icsd-237006 icsd-185123 icsd-89429 icsd-79914 icsd-173963 icsd-56696 icsd-83862 icsd-79915,5,604.0
1850,Zr0.87O2Eu0.13,Zr0.87O2,Eu,https://doi.org/10.1016/j.dyepig.2017.12.012,"mp-2858,mp-776404,mp-754403,mp-1190186,mp-556605,mp-755089,mp-755759,mp-2574,mp-776427,mp-775909,mp-775980,mp-755769,mp-775910,mp-1565,mp-754741,mp-775935,mp-776386,mp-963,mp-1245318,mp-1100824", icsd-82544 icsd-187209 icsd-80043 icsd-172161 icsd-173959 icsd-82543 icsd-291451 icsd-80042 icsd-658755 icsd-94887 icsd-186674 icsd-41010 icsd-80044 icsd-18190 icsd-62993 icsd-248445 icsd-68782 icsd-57158 icsd-157403 icsd-94886 icsd-86692 icsd-57451 icsd-89426 icsd-417639 icsd-187208 icsd-80048 icsd-80046 icsd-80045 icsd-291120 icsd-41572 icsd-248446 icsd-80050 icsd-80049 icsd-187207 icsd-26488 icsd-15983 icsd-82545 icsd-60900 icsd-647691 icsd-57157 icsd-96537 icsd-80047 icsd-185125 icsd-659226 icsd-60901 icsd-237008 icsd-248449 icsd-173960 icsd-67004 icsd-94931 icsd-66784 icsd-66783 icsd-92091 icsd-92093 icsd-85322 icsd-157620 icsd-237007 icsd-647692 icsd-9993 icsd-92092 icsd-66781 icsd-164736 icsd-51051 icsd-93124 icsd-66786 icsd-248448 icsd-291452 icsd-173961 icsd-157621 icsd-66788 icsd-88022 icsd-93028 icsd-66782 icsd-185124 icsd-93125 icsd-66787 icsd-93033 icsd-93032 icsd-93030 icsd-66785 icsd-93031 icsd-68781 icsd-92090 icsd-180936 icsd-157618 icsd-97004 icsd-248447 icsd-164862 icsd-186673 icsd-157619 icsd-66789 icsd-93123 icsd-93126 icsd-23928 icsd-93029 icsd-68589 icsd-655671 icsd-248444 icsd-53998 icsd-105553 icsd-164861 icsd-291119 icsd-92096 icsd-248443 icsd-186672 icsd-291453 icsd-157617 icsd-173962 icsd-647689 icsd-92095 icsd-237006 icsd-185123 icsd-89429 icsd-79914 icsd-173963 icsd-56696 icsd-83862 icsd-79915,8,604.0
1851,Ca0.95TiO3Eu0.05,Ca0.95TiO3,Eu,https://doi.org/10.1016/j.ceramint.2014.03.083,"mp-4019,mp-556003,mp-1205364,mp-3442,mp-754701,mp-5827", icsd-167888 icsd-62149 icsd-97828 icsd-167809 icsd-163663 icsd-174127 icsd-94568 icsd-85101 icsd-96258 icsd-162909 icsd-185445 icsd-162916 icsd-162917 icsd-157115 icsd-185443 icsd-185446 icsd-162913 icsd-162908 icsd-163662 icsd-163528 icsd-185452 icsd-16688 icsd-71915 icsd-186224 icsd-185444 icsd-189135 icsd-162918 icsd-162912 icsd-71916 icsd-180956 icsd-74215 icsd-185454 icsd-162914 icsd-74214 icsd-193648 icsd-93082 icsd-153172 icsd-185451 icsd-150420 icsd-74212 icsd-185449 icsd-162911 icsd-51024 icsd-162910 icsd-74213 icsd-37263 icsd-82487 icsd-185447 icsd-50364 icsd-185450 icsd-185453 icsd-74216 icsd-162915 icsd-185448 icsd-165801 icsd-38212 icsd-29116 icsd-162920 icsd-162919 icsd-162922 icsd-162921 icsd-162925 icsd-162924 icsd-77060 icsd-153173 icsd-162923 icsd-187293 icsd-165076 icsd-162926 icsd-31865 icsd-187294 icsd-153174 icsd-31864,5,616.0
1852,Ca0.9TiO3Eu0.1,Ca0.9TiO3,Eu,https://doi.org/10.1016/j.ceramint.2014.03.083,"mp-4019,mp-556003,mp-1205364,mp-3442,mp-754701,mp-5827", icsd-167888 icsd-62149 icsd-97828 icsd-167809 icsd-163663 icsd-174127 icsd-94568 icsd-85101 icsd-96258 icsd-162909 icsd-185445 icsd-162916 icsd-162917 icsd-157115 icsd-185443 icsd-185446 icsd-162913 icsd-162908 icsd-163662 icsd-163528 icsd-185452 icsd-16688 icsd-71915 icsd-186224 icsd-185444 icsd-189135 icsd-162918 icsd-162912 icsd-71916 icsd-180956 icsd-74215 icsd-185454 icsd-162914 icsd-74214 icsd-193648 icsd-93082 icsd-153172 icsd-185451 icsd-150420 icsd-74212 icsd-185449 icsd-162911 icsd-51024 icsd-162910 icsd-74213 icsd-37263 icsd-82487 icsd-185447 icsd-50364 icsd-185450 icsd-185453 icsd-74216 icsd-162915 icsd-185448 icsd-165801 icsd-38212 icsd-29116 icsd-162920 icsd-162919 icsd-162922 icsd-162921 icsd-162925 icsd-162924 icsd-77060 icsd-153173 icsd-162923 icsd-187293 icsd-165076 icsd-162926 icsd-31865 icsd-187294 icsd-153174 icsd-31864,8,616.0
1853,Ca0.85TiO3Eu0.15,Ca0.85TiO3,Eu,https://doi.org/10.1016/j.ceramint.2014.03.083,"mp-4019,mp-556003,mp-1205364,mp-3442,mp-754701,mp-5827", icsd-167888 icsd-62149 icsd-97828 icsd-167809 icsd-163663 icsd-174127 icsd-94568 icsd-85101 icsd-96258 icsd-162909 icsd-185445 icsd-162916 icsd-162917 icsd-157115 icsd-185443 icsd-185446 icsd-162913 icsd-162908 icsd-163662 icsd-163528 icsd-185452 icsd-16688 icsd-71915 icsd-186224 icsd-185444 icsd-189135 icsd-162918 icsd-162912 icsd-71916 icsd-180956 icsd-74215 icsd-185454 icsd-162914 icsd-74214 icsd-193648 icsd-93082 icsd-153172 icsd-185451 icsd-150420 icsd-74212 icsd-185449 icsd-162911 icsd-51024 icsd-162910 icsd-74213 icsd-37263 icsd-82487 icsd-185447 icsd-50364 icsd-185450 icsd-185453 icsd-74216 icsd-162915 icsd-185448 icsd-165801 icsd-38212 icsd-29116 icsd-162920 icsd-162919 icsd-162922 icsd-162921 icsd-162925 icsd-162924 icsd-77060 icsd-153173 icsd-162923 icsd-187293 icsd-165076 icsd-162926 icsd-31865 icsd-187294 icsd-153174 icsd-31864,10,616.0
1854,Ca0.8TiO3Eu0.2,Ca0.8TiO3,Eu,https://doi.org/10.1016/j.ceramint.2014.03.083,"mp-4019,mp-556003,mp-1205364,mp-3442,mp-754701,mp-5827", icsd-167888 icsd-62149 icsd-97828 icsd-167809 icsd-163663 icsd-174127 icsd-94568 icsd-85101 icsd-96258 icsd-162909 icsd-185445 icsd-162916 icsd-162917 icsd-157115 icsd-185443 icsd-185446 icsd-162913 icsd-162908 icsd-163662 icsd-163528 icsd-185452 icsd-16688 icsd-71915 icsd-186224 icsd-185444 icsd-189135 icsd-162918 icsd-162912 icsd-71916 icsd-180956 icsd-74215 icsd-185454 icsd-162914 icsd-74214 icsd-193648 icsd-93082 icsd-153172 icsd-185451 icsd-150420 icsd-74212 icsd-185449 icsd-162911 icsd-51024 icsd-162910 icsd-74213 icsd-37263 icsd-82487 icsd-185447 icsd-50364 icsd-185450 icsd-185453 icsd-74216 icsd-162915 icsd-185448 icsd-165801 icsd-38212 icsd-29116 icsd-162920 icsd-162919 icsd-162922 icsd-162921 icsd-162925 icsd-162924 icsd-77060 icsd-153173 icsd-162923 icsd-187293 icsd-165076 icsd-162926 icsd-31865 icsd-187294 icsd-153174 icsd-31864,8,616.0
1855,Ca9NaZnP7O28Eu0.018,Ca9NaZnP7O28,Eu,https://doi.org/10.1016/j.dyepig.2017.12.026,mp-1221168,,4,616.0
1856,Ca9NaZnP7O28Eu0.036,Ca9NaZnP7O28,Eu,https://doi.org/10.1016/j.dyepig.2017.12.026,mp-1221168,,1,616.0
1857,Ca9NaZnP7O28Eu0.054,Ca9NaZnP7O28,Eu,https://doi.org/10.1016/j.dyepig.2017.12.026,mp-1221168,,2,616.0
1858,Ca9NaZnP7O28Eu0.072,Ca9NaZnP7O28,Eu,https://doi.org/10.1016/j.dyepig.2017.12.026,mp-1221168,,5,616.0
1859,Ca9NaZnP7O28Eu0.09,Ca9NaZnP7O28,Eu,https://doi.org/10.1016/j.dyepig.2017.12.026,mp-1221168,,5,616.0
1860,CaZrO3Eu0.05,CaZrO3,Eu,https://doi.org/10.1007/s10854-018-0505-z,"mp-4571,mp-776024,mp-542112", icsd-130053 icsd-183757 icsd-239370 icsd-167889 icsd-97465 icsd-37264 icsd-183758 icsd-97463 icsd-97466 icsd-97464 icsd-29003 icsd-56094,9,614.0
1861,CaZrO3Bi0.009,CaZrO3,Bi,https://doi.org/10.1007/s10854-018-0505-z,"mp-4571,mp-776024,mp-542112", icsd-130053 icsd-183757 icsd-239370 icsd-167889 icsd-97465 icsd-37264 icsd-183758 icsd-97463 icsd-97466 icsd-97464 icsd-29003 icsd-56094,5,390.0
1862,Ba2.99CaKP3O12Eu0.01,Ba2.99CaKP3O12,Eu,https://doi.org/10.1016/j.cej.2018.09.036,,,2,460.0
1863,Ba1.8LiGaP4O14Eu0.2,Ba1.8LiGaP4O14,Eu,https://doi.org/10.1039/C9DT03105G,,,10,595.0
1864,Cd2V2O7Eu0.02,Cd2V2O7,Eu,https://doi.org/10.1016/j.ceramint.2018.02.173,mp-18740, icsd-24191 icsd-62081,1,618.0
1865,Cd2V2O7Li0.04Eu0.02,Cd2V2O7Li0.04,Eu,https://doi.org/10.1016/j.ceramint.2018.02.173,mp-18740, icsd-24191 icsd-62081,6,618.0
1866,CaZrO3Er0.03,CaZrO3,Er,https://doi.org/10.1016/j.materresbull.2012.06.022,mp-18740, icsd-24191 icsd-62081,8,548.0
1867,Ba2Y1.6La4Si6O26Eu2.4,Ba2Y1.6La4Si6O26,Eu,https://doi.org/10.1016/j.jallcom.2019.02.229,,,1,617.0
1868,Ba2Y3.2La2.4Si6O26Eu2.4,Ba2Y3.2La2.4Si6O26,Eu,https://doi.org/10.1016/j.jallcom.2019.02.229,,,6,617.0
1869,Ba2Y4La1.6Si6O26Eu2.4,Ba2Y4La1.6Si6O26,Eu,https://doi.org/10.1016/j.jallcom.2019.02.229,,,4,617.0
1870,Sr1.95Mg3P4O15Eu0.05,Sr1.95Mg3P4O15,Eu,https://doi.org/10.1111/jace.15334,,,1,589.0
1871,Sr1.9Mg3P4O15Eu0.1,Sr1.9Mg3P4O15,Eu,https://doi.org/10.1111/jace.15334,,,5,589.0
1872,Sr1.85Mg3P4O15Eu0.15,Sr1.85Mg3P4O15,Eu,https://doi.org/10.1111/jace.15334,,,3,589.0
1873,Sr1.8Mg3P4O15Eu0.2,Sr1.8Mg3P4O15,Eu,https://doi.org/10.1111/jace.15334,,,8,589.0
1874,Sr1.75Mg3P4O15Eu0.25,Sr1.75Mg3P4O15,Eu,https://doi.org/10.1111/jace.15334,,,4,589.0
1875,Sr1.7Mg3P4O15Eu0.3,Sr1.7Mg3P4O15,Eu,https://doi.org/10.1111/jace.15334,,,2,589.0
1876,Sr1.65Mg3P4O15Eu0.35,Sr1.65Mg3P4O15,Eu,https://doi.org/10.1111/jace.15334,,,5,589.0
1877,Sr1.6Mg3P4O15Eu0.4,Sr1.6Mg3P4O15,Eu,https://doi.org/10.1111/jace.15334,,,6,589.0
1878,Sr1.2Mg3P4O15Li0.4Eu0.4,Sr1.2Mg3P4O15Li0.4,Eu,https://doi.org/10.1111/jace.15334,,,5,589.0
1879,Sr1.2Mg3P4O15Na0.4Eu0.4,Sr1.2Mg3P4O15Na0.4,Eu,https://doi.org/10.1111/jace.15334,,,7,589.0
1880,Sr1.2Mg3P4O15K0.4Eu0.4,Sr1.2Mg3P4O15K0.4,Eu,https://doi.org/10.1111/jace.15334,,,5,589.0
1881,Sr1.6Mg3P3.6Si0.4O15Eu0.4,Sr1.6Mg3P3.6Si0.4O15,Eu,https://doi.org/10.1111/jace.15334,,,10,589.0
1882,Sr1.4Mg3P4O15Eu0.4,Sr1.4Mg3P4O15,Eu,https://doi.org/10.1111/jace.15334,,,5,589.0
1883,Sr1.55Mg3P4O15Eu0.45,Sr1.55Mg3P4O15,Eu,https://doi.org/10.1111/jace.15334,,,6,589.0
1884,Sr1.5Mg3P4O15Eu0.5,Sr1.5Mg3P4O15,Eu,https://doi.org/10.1111/jace.15334,,,10,589.0
1885,CaSb2O6Bi0.75,CaSb2O6,Bi,https://doi.org/10.1016/j.mssp.2015.09.015,"mp-9125,mvc-1657", icsd-74539,8,437.0
1886,CaSb2O6Li0.75Bi0.75,CaSb2O6Li0.75,Bi,https://doi.org/10.1016/j.mssp.2015.09.015,"mp-9125,mvc-1657", icsd-74539,3,437.0
1887,CaSb2O6Na0.75Bi0.75,CaSb2O6Na0.75,Bi,https://doi.org/10.1016/j.mssp.2015.09.015,"mp-9125,mvc-1657", icsd-74539,2,437.0
1888,CaSb2O6K0.75Bi0.75,CaSb2O6K0.75,Bi,https://doi.org/10.1016/j.mssp.2015.09.015,"mp-9125,mvc-1657", icsd-74539,2,437.0
1889,Zn0.9WO4Li0.05Tb0.05,Zn0.9WO4Li0.05,Tb,https://doi.org/10.1016/j.ijleo.2013.03.067,"mp-18918,mp-545622,mp-1205356,mp-645124,mp-1205368", icsd-166209 icsd-162236 icsd-186161 icsd-166215 icsd-22348 icsd-186162 icsd-87933 icsd-162678 icsd-166211 icsd-156483 icsd-166208 icsd-156482 icsd-166213 icsd-162682 icsd-162681 icsd-166210 icsd-166214 icsd-162683 icsd-166216 icsd-166212 icsd-162680 icsd-162234 icsd-162235 icsd-162679 icsd-84540 icsd-162237 icsd-162238,2,545.0
1890,Zn0.9WO4Na0.05Tb0.05,Zn0.9WO4Na0.05,Tb,https://doi.org/10.1016/j.ijleo.2013.03.067,"mp-18918,mp-545622,mp-1205356,mp-645124,mp-1205368", icsd-166209 icsd-162236 icsd-186161 icsd-166215 icsd-22348 icsd-186162 icsd-87933 icsd-162678 icsd-166211 icsd-156483 icsd-166208 icsd-156482 icsd-166213 icsd-162682 icsd-162681 icsd-166210 icsd-166214 icsd-162683 icsd-166216 icsd-166212 icsd-162680 icsd-162234 icsd-162235 icsd-162679 icsd-84540 icsd-162237 icsd-162238,9,545.0
1891,Zn0.9WO4K0.05Tb0.05,Zn0.9WO4K0.05,Tb,https://doi.org/10.1016/j.ijleo.2013.03.067,"mp-18918,mp-545622,mp-1205356,mp-645124,mp-1205368", icsd-166209 icsd-162236 icsd-186161 icsd-166215 icsd-22348 icsd-186162 icsd-87933 icsd-162678 icsd-166211 icsd-156483 icsd-166208 icsd-156482 icsd-166213 icsd-162682 icsd-162681 icsd-166210 icsd-166214 icsd-162683 icsd-166216 icsd-166212 icsd-162680 icsd-162234 icsd-162235 icsd-162679 icsd-84540 icsd-162237 icsd-162238,2,545.0
1892,Zn0.925WO4Tb0.05,Zn0.925WO4,Tb,https://doi.org/10.1016/j.ijleo.2013.03.067,"mp-18918,mp-545622,mp-1205356,mp-645124,mp-1205368", icsd-166209 icsd-162236 icsd-186161 icsd-166215 icsd-22348 icsd-186162 icsd-87933 icsd-162678 icsd-166211 icsd-156483 icsd-166208 icsd-156482 icsd-166213 icsd-162682 icsd-162681 icsd-166210 icsd-166214 icsd-162683 icsd-166216 icsd-166212 icsd-162680 icsd-162234 icsd-162235 icsd-162679 icsd-84540 icsd-162237 icsd-162238,2,545.0
1893,LaMgAl10.89O19Cr0.11,LaMgAl10.89O19,Cr,https://doi.org/10.1016/j.materresbull.2015.09.031,,,6,696.0
1894,KCa0.99GdP2O8Eu0.01,KCa0.99GdP2O8,Eu,https://doi.org/10.1039/C3RA40471D,,,4,462.0
1895,KCa0.97GdP2O8Eu0.03,KCa0.97GdP2O8,Eu,https://doi.org/10.1039/C3RA40471D,,,10,462.0
1896,KCa0.95GdP2O8Eu0.05,KCa0.95GdP2O8,Eu,https://doi.org/10.1039/C3RA40471D,,,6,462.0
1897,KCa0.93GdP2O8Eu0.07,KCa0.93GdP2O8,Eu,https://doi.org/10.1039/C3RA40471D,,,6,462.0
1898,KCa0.9GdP2O8Eu0.1,KCa0.9GdP2O8,Eu,https://doi.org/10.1039/C3RA40471D,,,8,462.0
1899,Ca8.99CeP7O28Eu0.01,Ca8.99CeP7O28,Eu,https://doi.org/10.1039/C6CP05490K,,,10,377.0
1900,Ca8.98CeP7O28Eu0.02,Ca8.98CeP7O28,Eu,https://doi.org/10.1039/C6CP05490K,,,1,377.0
1901,Ca8.96CeP7O28Eu0.04,Ca8.96CeP7O28,Eu,https://doi.org/10.1039/C6CP05490K,,,4,377.0
1902,Ca8.94CeP7O28Eu0.06,Ca8.94CeP7O28,Eu,https://doi.org/10.1039/C6CP05490K,,,7,377.0
1903,Ca8.92CeP7O28Eu0.08,Ca8.92CeP7O28,Eu,https://doi.org/10.1039/C6CP05490K,,,6,377.0
1904,Ca8.9CeP7O28Eu0.1,Ca8.9CeP7O28,Eu,https://doi.org/10.1039/C6CP05490K,,,2,502.0
1905,Ca8.88CeP7O28Eu0.12,Ca8.88CeP7O28,Eu,https://doi.org/10.1039/C6CP05490K,,,5,502.0
1906,Ca8.86CeP7O28Eu0.14,Ca8.86CeP7O28,Eu,https://doi.org/10.1039/C6CP05490K,,,9,502.0
1907,Ca8.99CeP7O28Mn0.01,Ca8.99CeP7O28,Mn,https://doi.org/10.1039/C6CP05490K,,,3,377.0
1908,Ca8.96CeP7O28Mn0.04,Ca8.96CeP7O28,Mn,https://doi.org/10.1039/C6CP05490K,,,9,377.0
1909,Ca8.92CeP7O28Mn0.08,Ca8.92CeP7O28,Mn,https://doi.org/10.1039/C6CP05490K,,,6,377.0
1910,Ca8.84CeP7O28Mn0.16,Ca8.84CeP7O28,Mn,https://doi.org/10.1039/C6CP05490K,,,1,377.0
1911,Ca8.75CeP7O28Mn0.25,Ca8.75CeP7O28,Mn,https://doi.org/10.1039/C6CP05490K,,,8,377.0
1912,Ca8.65CeP7O28Mn0.35,Ca8.65CeP7O28,Mn,https://doi.org/10.1039/C6CP05490K,,,3,377.0
1913,Ca8.55CeP7O28Mn0.45,Ca8.55CeP7O28,Mn,https://doi.org/10.1039/C6CP05490K,,,8,645.0
1914,Ca8.45CeP7O28Mn0.55,Ca8.45CeP7O28,Mn,https://doi.org/10.1039/C6CP05490K,,,8,645.0
1915,RbCaGdP2O8Ce0.1,RbCaGdP2O8,Ce,https://doi.org/10.1016/j.optmat.2016.02.026,,,1,408.0
1916,KSrGdP2O8Ce0.04,KSrGdP2O8,Ce,https://doi.org/10.1039/C2DT31957H,,,4,370.0
1917,Ba8.91Sc2Si6O24Ce0.09,Ba8.91Sc2Si6O24,Ce,https://doi.org/10.1039/C5RA10945K,mp-558428,,4,390.0
1918,Ba8.91Sc2Si6O24Eu0.09,Ba8.91Sc2Si6O24,Eu,https://doi.org/10.1039/C5RA10945K,mp-558428,,7,510.0
1919,Ca2SrAl2O6Li0.01Ce0.01,Ca2SrAl2O6Li0.01,Ce,https://doi.org/10.1039/C3DT52832D,,,10,470.0
1920,Ca3.96Si2O7F2Ce0.04,Ca3.96Si2O7F2,Ce,https://doi.org/10.1016/j.matlet.2012.02.095,mp-560163, icsd-64710,1,450.0
1921,Ca4.437Sr4.5YP7O28Eu0.007,Ca4.437Sr4.5YP7O28,Eu,https://doi.org/10.1039/C1JM11018G,,,7,435.0
1922,Ca6.237Sr2.7YP7O28Eu0.007,Ca6.237Sr2.7YP7O28,Eu,https://doi.org/10.1039/C1JM11018G,,,4,442.0
1923,Ca6.687Sr2.25YP7O28Eu0.007,Ca6.687Sr2.25YP7O28,Eu,https://doi.org/10.1039/C1JM11018G,,,10,446.0
1924,Ca7.137Sr1.8YP7O28Eu0.007,Ca7.137Sr1.8YP7O28,Eu,https://doi.org/10.1039/C1JM11018G,,,3,454.0
1925,Ca7.587Sr1.35YP7O28Eu0.007,Ca7.587Sr1.35YP7O28,Eu,https://doi.org/10.1039/C1JM11018G,,,2,458.0
1926,Ca8.037Sr0.9YP7O28Eu0.007,Ca8.037Sr0.9YP7O28,Eu,https://doi.org/10.1039/C1JM11018G,,,1,465.0
1927,Ca8.487Sr0.45YP7O28Eu0.007,Ca8.487Sr0.45YP7O28,Eu,https://doi.org/10.1039/C1JM11018G,,,2,472.0
1928,Ca8.937YP7O28Eu0.007,Ca8.937YP7O28,Eu,https://doi.org/10.1039/C1JM11018G,,,3,486.0
1929,Ca8.487Sr0.45YP7O28Eu0.007,Ca8.487Sr0.45YP7O28,Eu,https://doi.org/10.1039/C1JM11018G,,,2,487.0
1930,Ca8.037Sr0.9YP7O28Eu0.007,Ca8.037Sr0.9YP7O28,Eu,https://doi.org/10.1039/C1JM11018G,,,10,489.0
1931,Ca7.587Sr1.35YP7O28Eu0.007,Ca7.587Sr1.35YP7O28,Eu,https://doi.org/10.1039/C1JM11018G,,,9,492.0
1932,Ca7.137Sr1.8YP7O28Eu0.007,Ca7.137Sr1.8YP7O28,Eu,https://doi.org/10.1039/C1JM11018G,,,6,494.0
1933,Ca6.687Sr2.25YP7O28Eu0.007,Ca6.687Sr2.25YP7O28,Eu,https://doi.org/10.1039/C1JM11018G,,,5,496.0
1934,Ca6.237Sr2.7YP7O28Eu0.007,Ca6.237Sr2.7YP7O28,Eu,https://doi.org/10.1039/C1JM11018G,,,7,502.0
1935,Ca4.437Sr4.5YP7O28Eu0.007,Ca4.437Sr4.5YP7O28,Eu,https://doi.org/10.1039/C1JM11018G,,,6,508.0
1936,Na2CaPO4FEu0.02,Na2CaPO4F,Eu,https://doi.org/10.1016/j.jlumin.2011.02.034,"mp-559376,mp-39260", icsd-158183,1,506.0
1937,Ba2Zn0.99S3Mn0.01,Ba2Zn0.99S3,Mn,https://doi.org/10.1088/0022-3727/39/13/011,"mp-5587,mp-1190623", icsd-653999 icsd-25554 icsd-262215,6,625.0
1938,Ca2.9925Si2O4N2Eu0.0025,Ca2.9925Si2O4N2,Eu,https://doi.org/10.1364/OE.19.00A331,,,8,509.0
1939,Ca2.985Si2O4N2Eu0.005,Ca2.985Si2O4N2,Eu,https://doi.org/10.1364/OE.19.00A331,,,5,510.0
1940,Ca2.97Si2O4N2Eu0.01,Ca2.97Si2O4N2,Eu,https://doi.org/10.1364/OE.19.00A331,,,9,510.0
1941,Ca2.91Si2O4N2Eu0.03,Ca2.91Si2O4N2,Eu,https://doi.org/10.1364/OE.19.00A331,,,6,511.0
1942,Ca2.85Si2O4N2Eu0.05,Ca2.85Si2O4N2,Eu,https://doi.org/10.1364/OE.19.00A331,,,6,514.0
1943,Ca2.79Si2O4N2Eu0.07,Ca2.79Si2O4N2,Eu,https://doi.org/10.1364/OE.19.00A331,,,8,522.0
1944,Ca2.73Si2O4N2Eu0.09,Ca2.73Si2O4N2,Eu,https://doi.org/10.1364/OE.19.00A331,,,8,553.0
1945,Ba1.28Ca0.7SiO4Eu0.02,Ba1.28Ca0.7SiO4,Eu,https://doi.org/10.1021/ic501423p,mp-17612, icsd-291359 icsd-291355 icsd-6246 icsd-28476,6,500.0
1946,Ba1.28Ca0.7SiO4Eu0.02,Ba1.28Ca0.7SiO4,Eu,https://doi.org/10.1021/ic501423p,mp-17612, icsd-291359 icsd-291355 icsd-6246 icsd-28476,2,500.0
1947,Sr8.97ScP7O28Eu0.03,Sr8.97ScP7O28,Eu,https://doi.org/10.1002/ejic.201301216,,,1,510.0
1948,Ca5P3O12FEu0.025,Ca5P3O12F,Eu,https://doi.org/10.1002/ejic.201402187,"mp-6473,mp-1227110", icsd-240629 icsd-94082 icsd-24236 icsd-38118 icsd-240658 icsd-163790 icsd-236762 icsd-94081 icsd-94083 icsd-30261 icsd-56314 icsd-84227 icsd-180314 icsd-193552 icsd-262707 icsd-52385 icsd-240657 icsd-56313,8,449.0
1949,Mg3P2O8Eu0.04,Mg3P2O8,Eu,https://doi.org/10.1002/ejic.201500236,"mp-14396,mp-560623,mp-554171", icsd-261231 icsd-31005 icsd-9849 icsd-84710,2,427.0
1950,Ca2.94Mg3P4O16Eu0.06,Ca2.94Mg3P4O16,Eu,https://doi.org/10.1039/C3RA40313K,mp-646967, icsd-23642,2,461.0
1951,Ca8.91LuP7O28Eu0.01,Ca8.91LuP7O28,Eu,https://doi.org/10.1021/ic101749g,,,4,480.0
1952,Ca5P3O12FTb0.04,Ca5P3O12F,Tb,https://doi.org/10.1039/C3DT52231H,"mp-6473,mp-1227110", icsd-240629 icsd-94082 icsd-24236 icsd-38118 icsd-240658 icsd-163790 icsd-236762 icsd-94081 icsd-94083 icsd-30261 icsd-56314 icsd-84227 icsd-180314 icsd-193552 icsd-262707 icsd-52385 icsd-240657 icsd-56313,9,543.0
1953,Ca7MgSi4O16Ce0.04,Ca7MgSi4O16,Ce,https://doi.org/10.1039/C2CP23343F,,,6,420.0
1954,Ca7MgSi4O16Eu0.04,Ca7MgSi4O16,Eu,https://doi.org/10.1039/C2CP23343F,,,2,500.0
1955,Ca9.99NaP7O28Eu0.01,Ca9.99NaP7O28,Eu,https://doi.org/10.1016/j.saa.2010.12.038,mp-1221168,,10,613.0
1956,Ca9.97NaP7O28Eu0.03,Ca9.97NaP7O28,Eu,https://doi.org/10.1016/j.saa.2010.12.038,mp-1221168,,9,613.0
1957,Ca9.95NaP7O28Eu0.05,Ca9.95NaP7O28,Eu,https://doi.org/10.1016/j.saa.2010.12.038,mp-1221168,,1,613.0
1958,Ca9.93NaP7O28Eu0.07,Ca9.93NaP7O28,Eu,https://doi.org/10.1016/j.saa.2010.12.038,mp-1221168,,1,613.0
1959,Ca9.91NaP7O28Eu0.09,Ca9.91NaP7O28,Eu,https://doi.org/10.1016/j.saa.2010.12.038,mp-1221168,,10,613.0
1960,Ca9.89NaP7O28Eu0.11,Ca9.89NaP7O28,Eu,https://doi.org/10.1016/j.saa.2010.12.038,mp-1221168,,4,613.0
1961,Ca9.87NaP7O28Eu0.13,Ca9.87NaP7O28,Eu,https://doi.org/10.1016/j.saa.2010.12.038,mp-1221168,,3,613.0
1962,Ca9.85NaP7O28Eu0.15,Ca9.85NaP7O28,Eu,https://doi.org/10.1016/j.saa.2010.12.038,mp-1221168,,9,613.0
1963,La2.85YSnNbO10.5Eu0.15,La2.85YSnNbO10.5,Eu,https://doi.org/10.1039/C8CP03863E,,,2,613.0
1964,Gd2.85YSnNbO10.5Eu0.15,Gd2.85YSnNbO10.5,Eu,https://doi.org/10.1039/C8CP03863E,,,7,613.0
1965,Y2.85YSnNbO10.5Eu0.15,Y2.85YSnNbO10.5,Eu,https://doi.org/10.1039/C8CP03863E,,,1,613.0
1966,Lu2.85YSnNbO10.5Eu0.15,Lu2.85YSnNbO10.5,Eu,https://doi.org/10.1039/C8CP03863E,,,3,613.0
1967,La2.9YSnNbO10.5Eu0.1,La2.9YSnNbO10.5,Eu,https://doi.org/10.1039/C8CP03863E,,,2,613.0
1968,La2.7YSnNbO10.5Eu0.3,La2.7YSnNbO10.5,Eu,https://doi.org/10.1039/C8CP03863E,,,8,613.0
1969,La2.5YSnNbO10.5Eu0.5,La2.5YSnNbO10.5,Eu,https://doi.org/10.1039/C8CP03863E,,,10,613.0
1970,La2.25YSnNbO10.5Eu0.75,La2.25YSnNbO10.5,Eu,https://doi.org/10.1039/C8CP03863E,,,6,613.0
1971,La2YSnNbO10.5Eu1,La2YSnNbO10.5,Eu,https://doi.org/10.1039/C8CP03863E,,,7,613.0
1972,La1.75YSnNbO10.5Eu1.25,La1.75YSnNbO10.5,Eu,https://doi.org/10.1039/C8CP03863E,,,8,613.0
1973,KSrSc2P3O12Ce0.03,KSrSc2P3O12,Ce,https://doi.org/10.1039/C4DT03906H,,,8,380.0
1974,KSrSc2P3O12Eu0.03,KSrSc2P3O12,Eu,https://doi.org/10.1039/C4DT03906H,,,5,445.0
1975,Sr5B3O9FEu0.007,Sr5B3O9F,Eu,https://doi.org/10.1016/j.ceramint.2019.04.151,mp-560818, icsd-41318,3,572.0
1976,Sr5B3O9FEu0.01,Sr5B3O9F,Eu,https://doi.org/10.1016/j.ceramint.2019.04.151,mp-560818, icsd-41318,4,572.0
1977,Sr5B3O9FEu0.015,Sr5B3O9F,Eu,https://doi.org/10.1016/j.ceramint.2019.04.151,mp-560818, icsd-41318,7,572.0
1978,Sr5B3O9FEu0.02,Sr5B3O9F,Eu,https://doi.org/10.1016/j.ceramint.2019.04.151,mp-560818, icsd-41318,4,572.0
1979,Sr5B3O9FEu0.03,Sr5B3O9F,Eu,https://doi.org/10.1016/j.ceramint.2019.04.151,mp-560818, icsd-41318,8,572.0
1980,Sr5B3O9FEu0.07,Sr5B3O9F,Eu,https://doi.org/10.1016/j.ceramint.2019.04.151,mp-560818, icsd-41318,4,572.0
1981,Sr5B3O9FEu0.12,Sr5B3O9F,Eu,https://doi.org/10.1016/j.ceramint.2019.04.151,mp-560818, icsd-41318,10,572.0
1982,Na2ZnP2O7Sm0.001,Na2ZnP2O7,Sm,https://doi.org/10.1016/j.jlumin.2019.01.058,"mp-40963,mp-6491", icsd-91134 icsd-95958 icsd-184888,9,596.0
1983,Na2ZnP2O7Sm0.01,Na2ZnP2O7,Sm,https://doi.org/10.1016/j.jlumin.2019.01.058,"mp-40963,mp-6491", icsd-91134 icsd-95958 icsd-184888,6,596.0
1984,Na2ZnP2O7Sm0.03,Na2ZnP2O7,Sm,https://doi.org/10.1016/j.jlumin.2019.01.058,"mp-40963,mp-6491", icsd-91134 icsd-95958 icsd-184888,7,596.0
1985,Na2ZnP2O7Sm0.05,Na2ZnP2O7,Sm,https://doi.org/10.1016/j.jlumin.2019.01.058,"mp-40963,mp-6491", icsd-91134 icsd-95958 icsd-184888,1,596.0
1986,Na2ZnP2O7Sm0.07,Na2ZnP2O7,Sm,https://doi.org/10.1016/j.jlumin.2019.01.058,"mp-40963,mp-6491", icsd-91134 icsd-95958 icsd-184888,10,596.0
1987,Y2Mg1.999Al2Si2O12Eu0.001,Y2Mg1.999Al2Si2O12,Eu,https://doi.org/10.1021/acssuschemeng.9b01401,,,6,436.0
1988,Y2Mg1.995Al2Si2O12Eu0.005,Y2Mg1.995Al2Si2O12,Eu,https://doi.org/10.1021/acssuschemeng.9b01401,,,6,446.0
1989,Y2Mg1.99Al2Si2O12Eu0.01,Y2Mg1.99Al2Si2O12,Eu,https://doi.org/10.1021/acssuschemeng.9b01401,,,2,453.0
1990,Y2Mg1.98Al2Si2O12Eu0.02,Y2Mg1.98Al2Si2O12,Eu,https://doi.org/10.1021/acssuschemeng.9b01401,,,5,462.0
1991,Y2Mg1.97Al2Si2O12Eu0.03,Y2Mg1.97Al2Si2O12,Eu,https://doi.org/10.1021/acssuschemeng.9b01401,,,7,469.0
1992,Y2Mg1.96Al2Si2O12Eu0.04,Y2Mg1.96Al2Si2O12,Eu,https://doi.org/10.1021/acssuschemeng.9b01401,,,7,470.0
1993,Y2Mg1.95Al2Si2O12Eu0.05,Y2Mg1.95Al2Si2O12,Eu,https://doi.org/10.1021/acssuschemeng.9b01401,,,7,472.0
1994,Y2Mg1.94Al2Si2O12Eu0.06,Y2Mg1.94Al2Si2O12,Eu,https://doi.org/10.1021/acssuschemeng.9b01401,,,7,479.0
1995,Y2Mg1.93Al2Si2O12Eu0.07,Y2Mg1.93Al2Si2O12,Eu,https://doi.org/10.1021/acssuschemeng.9b01401,,,2,480.0
1996,Y2Mg1.92Al2Si2O12Eu0.08,Y2Mg1.92Al2Si2O12,Eu,https://doi.org/10.1021/acssuschemeng.9b01401,,,3,483.0
1997,Y2Mg1.9Al2Si2O12Eu0.1,Y2Mg1.9Al2Si2O12,Eu,https://doi.org/10.1021/acssuschemeng.9b01401,,,8,491.0
1998,Ba1.99CaB2O6Sm0.005,Ba1.99CaB2O6,Sm,https://doi.org/10.1016/j.cap.2017.07.015,mp-549737, icsd-80429,10,601.0
1999,Ba1.98CaB2O6Sm0.01,Ba1.98CaB2O6,Sm,https://doi.org/10.1016/j.cap.2017.07.015,mp-549737, icsd-80429,3,601.0
2000,Ba1.97CaB2O6Sm0.015,Ba1.97CaB2O6,Sm,https://doi.org/10.1016/j.cap.2017.07.015,mp-549737, icsd-80429,3,601.0
2001,Ba1.96CaB2O6Sm0.02,Ba1.96CaB2O6,Sm,https://doi.org/10.1016/j.cap.2017.07.015,mp-549737, icsd-80429,2,601.0
2002,Ba1.95CaB2O6Sm0.025,Ba1.95CaB2O6,Sm,https://doi.org/10.1016/j.cap.2017.07.015,mp-549737, icsd-80429,8,601.0
2003,Ba2Ca0.98Zn2Si6O17Sm0.02,Ba2Ca0.98Zn2Si6O17,Sm,https://doi.org/10.1016/S1002-0721(16)60064-9,,,6,600.0
2004,Ba2Ca0.96Zn2Si6O17Sm0.04,Ba2Ca0.96Zn2Si6O17,Sm,https://doi.org/10.1016/S1002-0721(16)60064-9,,,6,600.0
2005,Ba2Ca0.94Zn2Si6O17Sm0.06,Ba2Ca0.94Zn2Si6O17,Sm,https://doi.org/10.1016/S1002-0721(16)60064-9,,,6,600.0
2006,Ba2Ca0.92Zn2Si6O17Sm0.08,Ba2Ca0.92Zn2Si6O17,Sm,https://doi.org/10.1016/S1002-0721(16)60064-9,,,9,600.0
2007,Y2Mg1.99Al2Si2O12Eu0.01,Y2Mg1.99Al2Si2O12,Eu,https://doi.org/10.1021/acs.inorgchem.1c00317,,,5,464.0
2008,LiLaMgWO6Eu0.05,LiLaMgWO6,Eu,https://doi.org/10.1016/j.ceramint.2016.11.093,,,4,615.0
2009,LiLaMgWO6Eu0.1,LiLaMgWO6,Eu,https://doi.org/10.1016/j.ceramint.2016.11.093,,,9,615.0
2010,LiLaMgWO6Eu0.2,LiLaMgWO6,Eu,https://doi.org/10.1016/j.ceramint.2016.11.093,,,5,615.0
2011,LiLaMgWO6Eu0.3,LiLaMgWO6,Eu,https://doi.org/10.1016/j.ceramint.2016.11.093,,,1,615.0
2012,LiLaMgWO6Eu0.4,LiLaMgWO6,Eu,https://doi.org/10.1016/j.ceramint.2016.11.093,,,3,615.0
2013,LiLaMgWO6Eu0.5,LiLaMgWO6,Eu,https://doi.org/10.1016/j.ceramint.2016.11.093,,,4,615.0
2014,LiLaMgWO6Eu0.05,LiLaMgWO6,Eu,https://doi.org/10.1016/j.ceramint.2016.11.093,,,8,615.0
2015,LiLaMgWO6Eu0.1,LiLaMgWO6,Eu,https://doi.org/10.1016/j.ceramint.2016.11.093,,,8,615.0
2016,LiLaMgWO6Eu0.2,LiLaMgWO6,Eu,https://doi.org/10.1016/j.ceramint.2016.11.093,,,3,615.0
2017,LiLaMgWO6Eu0.3,LiLaMgWO6,Eu,https://doi.org/10.1016/j.ceramint.2016.11.093,,,8,615.0
2018,LiLaMgWO6Eu0.4,LiLaMgWO6,Eu,https://doi.org/10.1016/j.ceramint.2016.11.093,,,6,615.0
2019,LiLaMgWO6Eu0.5,LiLaMgWO6,Eu,https://doi.org/10.1016/j.ceramint.2016.11.093,,,1,615.0
2020,Ba2Zn0.97WO6Sm0.03,Ba2Zn0.97WO6,Sm,https://doi.org/10.1016/j.physb.2017.11.012,mp-548615, icsd-423034 icsd-185847 icsd-24983,5,645.0
2021,Ba2Zn0.96WO6Sm0.04,Ba2Zn0.96WO6,Sm,https://doi.org/10.1016/j.physb.2017.11.012,mp-548615, icsd-423034 icsd-185847 icsd-24983,1,645.0
2022,Ba2Zn0.95WO6Sm0.05,Ba2Zn0.95WO6,Sm,https://doi.org/10.1016/j.physb.2017.11.012,mp-548615, icsd-423034 icsd-185847 icsd-24983,6,645.0
2023,Ba2Zn0.94WO6Sm0.06,Ba2Zn0.94WO6,Sm,https://doi.org/10.1016/j.physb.2017.11.012,mp-548615, icsd-423034 icsd-185847 icsd-24983,4,645.0
2024,Ba2Zn0.93WO6Sm0.07,Ba2Zn0.93WO6,Sm,https://doi.org/10.1016/j.physb.2017.11.012,mp-548615, icsd-423034 icsd-185847 icsd-24983,8,645.0
2025,KBaGd0.5Mo3O12Eu0.5,KBaGd0.5Mo3O12,Eu,https://doi.org/10.1016/j.optmat.2018.07.019,mp-1223587,,1,617.0
2026,KBaGd0.4Mo3O12Eu0.6,KBaGd0.4Mo3O12,Eu,https://doi.org/10.1016/j.optmat.2018.07.019,mp-1223587,,1,617.0
2027,KBaGd0.3Mo3O12Eu0.7,KBaGd0.3Mo3O12,Eu,https://doi.org/10.1016/j.optmat.2018.07.019,mp-1223587,,10,617.0
2028,KBaGd0.2Mo3O12Eu0.8,KBaGd0.2Mo3O12,Eu,https://doi.org/10.1016/j.optmat.2018.07.019,mp-1223587,,8,617.0
2029,KBaGd0.1Mo3O12Eu0.9,KBaGd0.1Mo3O12,Eu,https://doi.org/10.1016/j.optmat.2018.07.019,mp-1223587,,6,617.0
2030,KBaMo3O12Eu1,KBaMo3O12,Eu,https://doi.org/10.1016/j.optmat.2018.07.019,mp-1223587,,3,617.0
2031,Na3.6Y1.7P3O12Eu0.1,Na3.6Y1.7P3O12,Eu,https://doi.org/10.1016/j.jallcom.2019.153513,,,1,610.0
2032,Na3.6Y1.6P3O12Eu0.2,Na3.6Y1.6P3O12,Eu,https://doi.org/10.1016/j.jallcom.2019.153513,,,3,610.0
2033,Na3.6Y1.5P3O12Eu0.3,Na3.6Y1.5P3O12,Eu,https://doi.org/10.1016/j.jallcom.2019.153513,,,5,610.0
2034,Na3.6Y1.45P3O12Eu0.35,Na3.6Y1.45P3O12,Eu,https://doi.org/10.1016/j.jallcom.2019.153513,,,2,610.0
2035,Sr1.925MgB2O6Ce0.05,Sr1.925MgB2O6,Ce,https://doi.org/10.1039/C9DT04092G,mp-13541, icsd-240897,5,393.0
2036,Ca2YZr2Al3O12Tb0.9,Ca2YZr2Al3O12,Tb,https://doi.org/10.1039/C9TC03664D,,,7,543.0
2037,Ca2Y2.55Sb3O14Bi0.45,Ca2Y2.55Sb3O14,Bi,https://doi.org/10.1016/j.jallcom.2015.06.263,,,8,460.0
2038,Ca1.96Si5N8Eu0.04,Ca1.96Si5N8,Eu,https://doi.org/10.1111/j.1744-7402.2009.02370.x,"mp-28922,mp-570645", icsd-79070 icsd-419318,10,612.0
2039,Sr1.96Si5N8Eu0.04,Sr1.96Si5N8,Eu,https://doi.org/10.1111/j.1744-7402.2009.02370.x,mp-9710, icsd-401500,8,620.0
2040,Ba1.96Si5N8Eu0.04,Ba1.96Si5N8,Eu,https://doi.org/10.1111/j.1744-7402.2009.02370.x,mp-9711, icsd-401501,1,585.0
2041,Na0.5Gd0.375MoO4Eu0.125,Na0.5Gd0.375MoO4,Eu,https://doi.org/10.1111/j.1551-2916.2008.02598.x,,,10,616.0
2042,LiBa0.97PO4Eu0.03,LiBa0.97PO4,Eu,https://doi.org/10.1002/bio.2815,,,6,617.0
2043,NaCa0.98PO4Ce0.02,NaCa0.98PO4,Ce,https://doi.org/10.1002/ejic.201000392,mp-14401, icsd-35629,9,370.0
2044,Ca2.97Mo0.2W0.8O6Eu0.03,Ca2.97Mo0.2W0.8O6,Eu,https://doi.org/10.1016/j.jlumin.2020.117212,"mp-781505,mp-779906", icsd-262323,6,613.0
2045,Ca2.95Mo0.2W0.8O6Eu0.05,Ca2.95Mo0.2W0.8O6,Eu,https://doi.org/10.1016/j.jlumin.2020.117212,"mp-781505,mp-779906", icsd-262323,4,613.0
2046,Ca2.93Mo0.2W0.8O6Eu0.07,Ca2.93Mo0.2W0.8O6,Eu,https://doi.org/10.1016/j.jlumin.2020.117212,"mp-781505,mp-779906", icsd-262323,7,613.0
2047,Ca2.91Mo0.2W0.8O6Eu0.09,Ca2.91Mo0.2W0.8O6,Eu,https://doi.org/10.1016/j.jlumin.2020.117212,"mp-781505,mp-779906", icsd-262323,10,613.0
2048,Ca2.89Mo0.2W0.8O6Eu0.11,Ca2.89Mo0.2W0.8O6,Eu,https://doi.org/10.1016/j.jlumin.2020.117212,"mp-781505,mp-779906", icsd-262323,7,613.0
2049,Ca2.87Mo0.2W0.8O6Eu0.13,Ca2.87Mo0.2W0.8O6,Eu,https://doi.org/10.1016/j.jlumin.2020.117212,"mp-781505,mp-779906", icsd-262323,10,613.0
2050,Ca2.85Mo0.2W0.8O6Eu0.15,Ca2.85Mo0.2W0.8O6,Eu,https://doi.org/10.1016/j.jlumin.2020.117212,"mp-781505,mp-779906", icsd-262323,2,613.0
2051,Ca2.83Mo0.2W0.8O6Eu0.17,Ca2.83Mo0.2W0.8O6,Eu,https://doi.org/10.1016/j.jlumin.2020.117212,"mp-781505,mp-779906", icsd-262323,3,613.0
2052,Ca2.97Mo0.2W0.8O6Eu0.03,Ca2.97Mo0.2W0.8O6,Eu,https://doi.org/10.1016/j.jlumin.2020.117212,"mp-781505,mp-779906", icsd-262323,7,613.0
2053,Ca2.95Mo0.2W0.8O6Eu0.05,Ca2.95Mo0.2W0.8O6,Eu,https://doi.org/10.1016/j.jlumin.2020.117212,"mp-781505,mp-779906", icsd-262323,2,613.0
2054,Ca2.93Mo0.2W0.8O6Eu0.07,Ca2.93Mo0.2W0.8O6,Eu,https://doi.org/10.1016/j.jlumin.2020.117212,"mp-781505,mp-779906", icsd-262323,9,613.0
2055,Ca2.91Mo0.2W0.8O6Eu0.09,Ca2.91Mo0.2W0.8O6,Eu,https://doi.org/10.1016/j.jlumin.2020.117212,"mp-781505,mp-779906", icsd-262323,5,613.0
2056,Ca2.89Mo0.2W0.8O6Eu0.11,Ca2.89Mo0.2W0.8O6,Eu,https://doi.org/10.1016/j.jlumin.2020.117212,"mp-781505,mp-779906", icsd-262323,10,613.0
2057,Ca2.87Mo0.2W0.8O6Eu0.13,Ca2.87Mo0.2W0.8O6,Eu,https://doi.org/10.1016/j.jlumin.2020.117212,"mp-781505,mp-779906", icsd-262323,5,613.0
2058,Ca2.85Mo0.2W0.8O6Eu0.15,Ca2.85Mo0.2W0.8O6,Eu,https://doi.org/10.1016/j.jlumin.2020.117212,"mp-781505,mp-779906", icsd-262323,3,613.0
2059,Ca2.83Mo0.2W0.8O6Eu0.17,Ca2.83Mo0.2W0.8O6,Eu,https://doi.org/10.1016/j.jlumin.2020.117212,"mp-781505,mp-779906", icsd-262323,7,613.0
2060,Ca2.97Mo0.2W0.8O6Eu0.03,Ca2.97Mo0.2W0.8O6,Eu,https://doi.org/10.1016/j.jlumin.2020.117212,"mp-781505,mp-779906", icsd-262323,5,613.0
2061,Ca2.95Mo0.2W0.8O6Eu0.05,Ca2.95Mo0.2W0.8O6,Eu,https://doi.org/10.1016/j.jlumin.2020.117212,"mp-781505,mp-779906", icsd-262323,10,613.0
2062,Ca2.93Mo0.2W0.8O6Eu0.07,Ca2.93Mo0.2W0.8O6,Eu,https://doi.org/10.1016/j.jlumin.2020.117212,"mp-781505,mp-779906", icsd-262323,10,613.0
2063,Ca2.91Mo0.2W0.8O6Eu0.09,Ca2.91Mo0.2W0.8O6,Eu,https://doi.org/10.1016/j.jlumin.2020.117212,"mp-781505,mp-779906", icsd-262323,9,613.0
2064,Ca2.89Mo0.2W0.8O6Eu0.11,Ca2.89Mo0.2W0.8O6,Eu,https://doi.org/10.1016/j.jlumin.2020.117212,"mp-781505,mp-779906", icsd-262323,5,613.0
2065,Ca2.87Mo0.2W0.8O6Eu0.13,Ca2.87Mo0.2W0.8O6,Eu,https://doi.org/10.1016/j.jlumin.2020.117212,"mp-781505,mp-779906", icsd-262323,3,613.0
2066,Ca2.85Mo0.2W0.8O6Eu0.15,Ca2.85Mo0.2W0.8O6,Eu,https://doi.org/10.1016/j.jlumin.2020.117212,"mp-781505,mp-779906", icsd-262323,2,613.0
2067,Ca2.83Mo0.2W0.8O6Eu0.17,Ca2.83Mo0.2W0.8O6,Eu,https://doi.org/10.1016/j.jlumin.2020.117212,"mp-781505,mp-779906", icsd-262323,6,613.0
2068,Ca2Sb2O7Bi0.015,Ca2Sb2O7,Bi,https://doi.org/10.1016/j.jallcom.2015.09.047,"mp-16280,mp-1190115,mp-14145", icsd-261535 icsd-77063 icsd-166282 icsd-238545 icsd-24245,10,438.0
2069,LiCa2.995MgV3O12Bi0.005,LiCa2.995MgV3O12,Bi,https://doi.org/10.1016/j.materresbull.2018.11.011,,,7,500.0
2070,LiCa2.99MgV3O12Bi0.01,LiCa2.99MgV3O12,Bi,https://doi.org/10.1016/j.materresbull.2018.11.011,,,7,500.0
2071,LiCa2.98MgV3O12Bi0.02,LiCa2.98MgV3O12,Bi,https://doi.org/10.1016/j.materresbull.2018.11.011,,,9,500.0
2072,LiCa2.96MgV3O12Bi0.04,LiCa2.96MgV3O12,Bi,https://doi.org/10.1016/j.materresbull.2018.11.011,,,5,500.0
2073,LiCa2.94MgV3O12Bi0.06,LiCa2.94MgV3O12,Bi,https://doi.org/10.1016/j.materresbull.2018.11.011,,,7,500.0
2074,LiCa2.92MgV3O12Bi0.08,LiCa2.92MgV3O12,Bi,https://doi.org/10.1016/j.materresbull.2018.11.011,,,9,500.0
2075,Ca0.985TiO3Eu0.01,Ca0.985TiO3,Eu,https://doi.org/10.1111/j.1551-2916.2011.04967.x,"mp-4019,mp-556003,mp-1205364,mp-3442,mp-754701,mp-5827", icsd-167888 icsd-62149 icsd-97828 icsd-167809 icsd-163663 icsd-174127 icsd-94568 icsd-85101 icsd-96258 icsd-162909 icsd-185445 icsd-162916 icsd-162917 icsd-157115 icsd-185443 icsd-185446 icsd-162913 icsd-162908 icsd-163662 icsd-163528 icsd-185452 icsd-16688 icsd-71915 icsd-186224 icsd-185444 icsd-189135 icsd-162918 icsd-162912 icsd-71916 icsd-180956 icsd-74215 icsd-185454 icsd-162914 icsd-74214 icsd-193648 icsd-93082 icsd-153172 icsd-185451 icsd-150420 icsd-74212 icsd-185449 icsd-162911 icsd-51024 icsd-162910 icsd-74213 icsd-37263 icsd-82487 icsd-185447 icsd-50364 icsd-185450 icsd-185453 icsd-74216 icsd-162915 icsd-185448 icsd-165801 icsd-38212 icsd-29116 icsd-162920 icsd-162919 icsd-162922 icsd-162921 icsd-162925 icsd-162924 icsd-77060 icsd-153173 icsd-162923 icsd-187293 icsd-165076 icsd-162926 icsd-31865 icsd-187294 icsd-153174 icsd-31864,3,616.0
2076,Ca0.925TiO3Eu0.05,Ca0.925TiO3,Eu,https://doi.org/10.1111/j.1551-2916.2011.04967.x,"mp-4019,mp-556003,mp-1205364,mp-3442,mp-754701,mp-5827", icsd-167888 icsd-62149 icsd-97828 icsd-167809 icsd-163663 icsd-174127 icsd-94568 icsd-85101 icsd-96258 icsd-162909 icsd-185445 icsd-162916 icsd-162917 icsd-157115 icsd-185443 icsd-185446 icsd-162913 icsd-162908 icsd-163662 icsd-163528 icsd-185452 icsd-16688 icsd-71915 icsd-186224 icsd-185444 icsd-189135 icsd-162918 icsd-162912 icsd-71916 icsd-180956 icsd-74215 icsd-185454 icsd-162914 icsd-74214 icsd-193648 icsd-93082 icsd-153172 icsd-185451 icsd-150420 icsd-74212 icsd-185449 icsd-162911 icsd-51024 icsd-162910 icsd-74213 icsd-37263 icsd-82487 icsd-185447 icsd-50364 icsd-185450 icsd-185453 icsd-74216 icsd-162915 icsd-185448 icsd-165801 icsd-38212 icsd-29116 icsd-162920 icsd-162919 icsd-162922 icsd-162921 icsd-162925 icsd-162924 icsd-77060 icsd-153173 icsd-162923 icsd-187293 icsd-165076 icsd-162926 icsd-31865 icsd-187294 icsd-153174 icsd-31864,4,616.0
2077,Ca0.85TiO3Eu0.1,Ca0.85TiO3,Eu,https://doi.org/10.1111/j.1551-2916.2011.04967.x,"mp-4019,mp-556003,mp-1205364,mp-3442,mp-754701,mp-5827", icsd-167888 icsd-62149 icsd-97828 icsd-167809 icsd-163663 icsd-174127 icsd-94568 icsd-85101 icsd-96258 icsd-162909 icsd-185445 icsd-162916 icsd-162917 icsd-157115 icsd-185443 icsd-185446 icsd-162913 icsd-162908 icsd-163662 icsd-163528 icsd-185452 icsd-16688 icsd-71915 icsd-186224 icsd-185444 icsd-189135 icsd-162918 icsd-162912 icsd-71916 icsd-180956 icsd-74215 icsd-185454 icsd-162914 icsd-74214 icsd-193648 icsd-93082 icsd-153172 icsd-185451 icsd-150420 icsd-74212 icsd-185449 icsd-162911 icsd-51024 icsd-162910 icsd-74213 icsd-37263 icsd-82487 icsd-185447 icsd-50364 icsd-185450 icsd-185453 icsd-74216 icsd-162915 icsd-185448 icsd-165801 icsd-38212 icsd-29116 icsd-162920 icsd-162919 icsd-162922 icsd-162921 icsd-162925 icsd-162924 icsd-77060 icsd-153173 icsd-162923 icsd-187293 icsd-165076 icsd-162926 icsd-31865 icsd-187294 icsd-153174 icsd-31864,9,616.0
2078,Ca0.775TiO3Eu0.15,Ca0.775TiO3,Eu,https://doi.org/10.1111/j.1551-2916.2011.04967.x,"mp-4019,mp-556003,mp-1205364,mp-3442,mp-754701,mp-5827", icsd-167888 icsd-62149 icsd-97828 icsd-167809 icsd-163663 icsd-174127 icsd-94568 icsd-85101 icsd-96258 icsd-162909 icsd-185445 icsd-162916 icsd-162917 icsd-157115 icsd-185443 icsd-185446 icsd-162913 icsd-162908 icsd-163662 icsd-163528 icsd-185452 icsd-16688 icsd-71915 icsd-186224 icsd-185444 icsd-189135 icsd-162918 icsd-162912 icsd-71916 icsd-180956 icsd-74215 icsd-185454 icsd-162914 icsd-74214 icsd-193648 icsd-93082 icsd-153172 icsd-185451 icsd-150420 icsd-74212 icsd-185449 icsd-162911 icsd-51024 icsd-162910 icsd-74213 icsd-37263 icsd-82487 icsd-185447 icsd-50364 icsd-185450 icsd-185453 icsd-74216 icsd-162915 icsd-185448 icsd-165801 icsd-38212 icsd-29116 icsd-162920 icsd-162919 icsd-162922 icsd-162921 icsd-162925 icsd-162924 icsd-77060 icsd-153173 icsd-162923 icsd-187293 icsd-165076 icsd-162926 icsd-31865 icsd-187294 icsd-153174 icsd-31864,7,616.0
2079,Ca0.7TiO3Eu0.2,Ca0.7TiO3,Eu,https://doi.org/10.1111/j.1551-2916.2011.04967.x,"mp-4019,mp-556003,mp-1205364,mp-3442,mp-754701,mp-5827", icsd-167888 icsd-62149 icsd-97828 icsd-167809 icsd-163663 icsd-174127 icsd-94568 icsd-85101 icsd-96258 icsd-162909 icsd-185445 icsd-162916 icsd-162917 icsd-157115 icsd-185443 icsd-185446 icsd-162913 icsd-162908 icsd-163662 icsd-163528 icsd-185452 icsd-16688 icsd-71915 icsd-186224 icsd-185444 icsd-189135 icsd-162918 icsd-162912 icsd-71916 icsd-180956 icsd-74215 icsd-185454 icsd-162914 icsd-74214 icsd-193648 icsd-93082 icsd-153172 icsd-185451 icsd-150420 icsd-74212 icsd-185449 icsd-162911 icsd-51024 icsd-162910 icsd-74213 icsd-37263 icsd-82487 icsd-185447 icsd-50364 icsd-185450 icsd-185453 icsd-74216 icsd-162915 icsd-185448 icsd-165801 icsd-38212 icsd-29116 icsd-162920 icsd-162919 icsd-162922 icsd-162921 icsd-162925 icsd-162924 icsd-77060 icsd-153173 icsd-162923 icsd-187293 icsd-165076 icsd-162926 icsd-31865 icsd-187294 icsd-153174 icsd-31864,4,616.0
2080,Ca0.55TiO3Eu0.3,Ca0.55TiO3,Eu,https://doi.org/10.1111/j.1551-2916.2011.04967.x,"mp-4019,mp-556003,mp-1205364,mp-3442,mp-754701,mp-5827", icsd-167888 icsd-62149 icsd-97828 icsd-167809 icsd-163663 icsd-174127 icsd-94568 icsd-85101 icsd-96258 icsd-162909 icsd-185445 icsd-162916 icsd-162917 icsd-157115 icsd-185443 icsd-185446 icsd-162913 icsd-162908 icsd-163662 icsd-163528 icsd-185452 icsd-16688 icsd-71915 icsd-186224 icsd-185444 icsd-189135 icsd-162918 icsd-162912 icsd-71916 icsd-180956 icsd-74215 icsd-185454 icsd-162914 icsd-74214 icsd-193648 icsd-93082 icsd-153172 icsd-185451 icsd-150420 icsd-74212 icsd-185449 icsd-162911 icsd-51024 icsd-162910 icsd-74213 icsd-37263 icsd-82487 icsd-185447 icsd-50364 icsd-185450 icsd-185453 icsd-74216 icsd-162915 icsd-185448 icsd-165801 icsd-38212 icsd-29116 icsd-162920 icsd-162919 icsd-162922 icsd-162921 icsd-162925 icsd-162924 icsd-77060 icsd-153173 icsd-162923 icsd-187293 icsd-165076 icsd-162926 icsd-31865 icsd-187294 icsd-153174 icsd-31864,7,616.0
2081,Ca0.98TiO3Li0.01Eu0.01,Ca0.98TiO3Li0.01,Eu,https://doi.org/10.1111/j.1551-2916.2011.04967.x,"mp-4019,mp-556003,mp-1205364,mp-3442,mp-754701,mp-5827", icsd-167888 icsd-62149 icsd-97828 icsd-167809 icsd-163663 icsd-174127 icsd-94568 icsd-85101 icsd-96258 icsd-162909 icsd-185445 icsd-162916 icsd-162917 icsd-157115 icsd-185443 icsd-185446 icsd-162913 icsd-162908 icsd-163662 icsd-163528 icsd-185452 icsd-16688 icsd-71915 icsd-186224 icsd-185444 icsd-189135 icsd-162918 icsd-162912 icsd-71916 icsd-180956 icsd-74215 icsd-185454 icsd-162914 icsd-74214 icsd-193648 icsd-93082 icsd-153172 icsd-185451 icsd-150420 icsd-74212 icsd-185449 icsd-162911 icsd-51024 icsd-162910 icsd-74213 icsd-37263 icsd-82487 icsd-185447 icsd-50364 icsd-185450 icsd-185453 icsd-74216 icsd-162915 icsd-185448 icsd-165801 icsd-38212 icsd-29116 icsd-162920 icsd-162919 icsd-162922 icsd-162921 icsd-162925 icsd-162924 icsd-77060 icsd-153173 icsd-162923 icsd-187293 icsd-165076 icsd-162926 icsd-31865 icsd-187294 icsd-153174 icsd-31864,4,616.0
2082,Ca0.9TiO3Li0.05Eu0.05,Ca0.9TiO3Li0.05,Eu,https://doi.org/10.1111/j.1551-2916.2011.04967.x,"mp-4019,mp-556003,mp-1205364,mp-3442,mp-754701,mp-5827", icsd-167888 icsd-62149 icsd-97828 icsd-167809 icsd-163663 icsd-174127 icsd-94568 icsd-85101 icsd-96258 icsd-162909 icsd-185445 icsd-162916 icsd-162917 icsd-157115 icsd-185443 icsd-185446 icsd-162913 icsd-162908 icsd-163662 icsd-163528 icsd-185452 icsd-16688 icsd-71915 icsd-186224 icsd-185444 icsd-189135 icsd-162918 icsd-162912 icsd-71916 icsd-180956 icsd-74215 icsd-185454 icsd-162914 icsd-74214 icsd-193648 icsd-93082 icsd-153172 icsd-185451 icsd-150420 icsd-74212 icsd-185449 icsd-162911 icsd-51024 icsd-162910 icsd-74213 icsd-37263 icsd-82487 icsd-185447 icsd-50364 icsd-185450 icsd-185453 icsd-74216 icsd-162915 icsd-185448 icsd-165801 icsd-38212 icsd-29116 icsd-162920 icsd-162919 icsd-162922 icsd-162921 icsd-162925 icsd-162924 icsd-77060 icsd-153173 icsd-162923 icsd-187293 icsd-165076 icsd-162926 icsd-31865 icsd-187294 icsd-153174 icsd-31864,2,616.0
2083,Ca0.8TiO3Li0.1Eu0.1,Ca0.8TiO3Li0.1,Eu,https://doi.org/10.1111/j.1551-2916.2011.04967.x,"mp-4019,mp-556003,mp-1205364,mp-3442,mp-754701,mp-5827", icsd-167888 icsd-62149 icsd-97828 icsd-167809 icsd-163663 icsd-174127 icsd-94568 icsd-85101 icsd-96258 icsd-162909 icsd-185445 icsd-162916 icsd-162917 icsd-157115 icsd-185443 icsd-185446 icsd-162913 icsd-162908 icsd-163662 icsd-163528 icsd-185452 icsd-16688 icsd-71915 icsd-186224 icsd-185444 icsd-189135 icsd-162918 icsd-162912 icsd-71916 icsd-180956 icsd-74215 icsd-185454 icsd-162914 icsd-74214 icsd-193648 icsd-93082 icsd-153172 icsd-185451 icsd-150420 icsd-74212 icsd-185449 icsd-162911 icsd-51024 icsd-162910 icsd-74213 icsd-37263 icsd-82487 icsd-185447 icsd-50364 icsd-185450 icsd-185453 icsd-74216 icsd-162915 icsd-185448 icsd-165801 icsd-38212 icsd-29116 icsd-162920 icsd-162919 icsd-162922 icsd-162921 icsd-162925 icsd-162924 icsd-77060 icsd-153173 icsd-162923 icsd-187293 icsd-165076 icsd-162926 icsd-31865 icsd-187294 icsd-153174 icsd-31864,9,616.0
2084,Ca0.7TiO3Li0.15Eu0.15,Ca0.7TiO3Li0.15,Eu,https://doi.org/10.1111/j.1551-2916.2011.04967.x,"mp-4019,mp-556003,mp-1205364,mp-3442,mp-754701,mp-5827", icsd-167888 icsd-62149 icsd-97828 icsd-167809 icsd-163663 icsd-174127 icsd-94568 icsd-85101 icsd-96258 icsd-162909 icsd-185445 icsd-162916 icsd-162917 icsd-157115 icsd-185443 icsd-185446 icsd-162913 icsd-162908 icsd-163662 icsd-163528 icsd-185452 icsd-16688 icsd-71915 icsd-186224 icsd-185444 icsd-189135 icsd-162918 icsd-162912 icsd-71916 icsd-180956 icsd-74215 icsd-185454 icsd-162914 icsd-74214 icsd-193648 icsd-93082 icsd-153172 icsd-185451 icsd-150420 icsd-74212 icsd-185449 icsd-162911 icsd-51024 icsd-162910 icsd-74213 icsd-37263 icsd-82487 icsd-185447 icsd-50364 icsd-185450 icsd-185453 icsd-74216 icsd-162915 icsd-185448 icsd-165801 icsd-38212 icsd-29116 icsd-162920 icsd-162919 icsd-162922 icsd-162921 icsd-162925 icsd-162924 icsd-77060 icsd-153173 icsd-162923 icsd-187293 icsd-165076 icsd-162926 icsd-31865 icsd-187294 icsd-153174 icsd-31864,1,616.0
2085,Ca0.6TiO3Li0.2Eu0.2,Ca0.6TiO3Li0.2,Eu,https://doi.org/10.1111/j.1551-2916.2011.04967.x,"mp-4019,mp-556003,mp-1205364,mp-3442,mp-754701,mp-5827", icsd-167888 icsd-62149 icsd-97828 icsd-167809 icsd-163663 icsd-174127 icsd-94568 icsd-85101 icsd-96258 icsd-162909 icsd-185445 icsd-162916 icsd-162917 icsd-157115 icsd-185443 icsd-185446 icsd-162913 icsd-162908 icsd-163662 icsd-163528 icsd-185452 icsd-16688 icsd-71915 icsd-186224 icsd-185444 icsd-189135 icsd-162918 icsd-162912 icsd-71916 icsd-180956 icsd-74215 icsd-185454 icsd-162914 icsd-74214 icsd-193648 icsd-93082 icsd-153172 icsd-185451 icsd-150420 icsd-74212 icsd-185449 icsd-162911 icsd-51024 icsd-162910 icsd-74213 icsd-37263 icsd-82487 icsd-185447 icsd-50364 icsd-185450 icsd-185453 icsd-74216 icsd-162915 icsd-185448 icsd-165801 icsd-38212 icsd-29116 icsd-162920 icsd-162919 icsd-162922 icsd-162921 icsd-162925 icsd-162924 icsd-77060 icsd-153173 icsd-162923 icsd-187293 icsd-165076 icsd-162926 icsd-31865 icsd-187294 icsd-153174 icsd-31864,9,616.0
2086,Ca0.4TiO3Li0.3Eu0.3,Ca0.4TiO3Li0.3,Eu,https://doi.org/10.1111/j.1551-2916.2011.04967.x,"mp-4019,mp-556003,mp-1205364,mp-3442,mp-754701,mp-5827", icsd-167888 icsd-62149 icsd-97828 icsd-167809 icsd-163663 icsd-174127 icsd-94568 icsd-85101 icsd-96258 icsd-162909 icsd-185445 icsd-162916 icsd-162917 icsd-157115 icsd-185443 icsd-185446 icsd-162913 icsd-162908 icsd-163662 icsd-163528 icsd-185452 icsd-16688 icsd-71915 icsd-186224 icsd-185444 icsd-189135 icsd-162918 icsd-162912 icsd-71916 icsd-180956 icsd-74215 icsd-185454 icsd-162914 icsd-74214 icsd-193648 icsd-93082 icsd-153172 icsd-185451 icsd-150420 icsd-74212 icsd-185449 icsd-162911 icsd-51024 icsd-162910 icsd-74213 icsd-37263 icsd-82487 icsd-185447 icsd-50364 icsd-185450 icsd-185453 icsd-74216 icsd-162915 icsd-185448 icsd-165801 icsd-38212 icsd-29116 icsd-162920 icsd-162919 icsd-162922 icsd-162921 icsd-162925 icsd-162924 icsd-77060 icsd-153173 icsd-162923 icsd-187293 icsd-165076 icsd-162926 icsd-31865 icsd-187294 icsd-153174 icsd-31864,9,616.0
2087,La0.995BMoO6Eu0.005,La0.995BMoO6,Eu,https://doi.org/10.1016/j.jallcom.2015.01.134,mp-558445, icsd-161205,2,615.0
2088,La0.99BMoO6Eu0.01,La0.99BMoO6,Eu,https://doi.org/10.1016/j.jallcom.2015.01.134,mp-558445, icsd-161205,10,615.0
2089,La0.98BMoO6Eu0.02,La0.98BMoO6,Eu,https://doi.org/10.1016/j.jallcom.2015.01.134,mp-558445, icsd-161205,6,615.0
2090,La0.97BMoO6Eu0.03,La0.97BMoO6,Eu,https://doi.org/10.1016/j.jallcom.2015.01.134,mp-558445, icsd-161205,3,615.0
2091,La0.96BMoO6Eu0.04,La0.96BMoO6,Eu,https://doi.org/10.1016/j.jallcom.2015.01.134,mp-558445, icsd-161205,6,615.0
2092,La0.95BMoO6Eu0.05,La0.95BMoO6,Eu,https://doi.org/10.1016/j.jallcom.2015.01.134,mp-558445, icsd-161205,7,615.0
2093,La0.94BMoO6Eu0.06,La0.94BMoO6,Eu,https://doi.org/10.1016/j.jallcom.2015.01.134,mp-558445, icsd-161205,7,615.0
2094,La0.93BMoO6Eu0.07,La0.93BMoO6,Eu,https://doi.org/10.1016/j.jallcom.2015.01.134,mp-558445, icsd-161205,2,615.0
2095,La0.92BMoO6Eu0.08,La0.92BMoO6,Eu,https://doi.org/10.1016/j.jallcom.2015.01.134,mp-558445, icsd-161205,5,615.0
2096,La0.91BMoO6Eu0.09,La0.91BMoO6,Eu,https://doi.org/10.1016/j.jallcom.2015.01.134,mp-558445, icsd-161205,3,615.0
2097,Sr2.995LaNaP2SiO12Eu0.005,Sr2.995LaNaP2SiO12,Eu,https://doi.org/10.1016/j.ceramint.2016.08.163,,,6,484.0
2098,Sr2.99LaNaP2SiO12Eu0.01,Sr2.99LaNaP2SiO12,Eu,https://doi.org/10.1016/j.ceramint.2016.08.163,,,9,484.0
2099,Sr2.98LaNaP2SiO12Eu0.02,Sr2.98LaNaP2SiO12,Eu,https://doi.org/10.1016/j.ceramint.2016.08.163,,,8,484.0
2100,Sr2.965LaNaP2SiO12Eu0.035,Sr2.965LaNaP2SiO12,Eu,https://doi.org/10.1016/j.ceramint.2016.08.163,,,8,484.0
2101,Sr2.95LaNaP2SiO12Eu0.05,Sr2.95LaNaP2SiO12,Eu,https://doi.org/10.1016/j.ceramint.2016.08.163,,,10,484.0
2102,Sr2.925LaNaP2SiO12Eu0.075,Sr2.925LaNaP2SiO12,Eu,https://doi.org/10.1016/j.ceramint.2016.08.163,,,4,484.0
2103,Sr2.9LaNaP2SiO12Eu0.1,Sr2.9LaNaP2SiO12,Eu,https://doi.org/10.1016/j.ceramint.2016.08.163,,,3,484.0
2104,Sr2.995LaNaP2SiO12Eu0.005,Sr2.995LaNaP2SiO12,Eu,https://doi.org/10.1016/j.ceramint.2016.08.163,,,8,484.0
2105,Sr2.99LaNaP2SiO12Eu0.01,Sr2.99LaNaP2SiO12,Eu,https://doi.org/10.1016/j.ceramint.2016.08.163,,,3,484.0
2106,Sr2.98LaNaP2SiO12Eu0.02,Sr2.98LaNaP2SiO12,Eu,https://doi.org/10.1016/j.ceramint.2016.08.163,,,2,484.0
2107,Sr2.965LaNaP2SiO12Eu0.035,Sr2.965LaNaP2SiO12,Eu,https://doi.org/10.1016/j.ceramint.2016.08.163,,,10,535.0
2108,Sr2.95LaNaP2SiO12Eu0.05,Sr2.95LaNaP2SiO12,Eu,https://doi.org/10.1016/j.ceramint.2016.08.163,,,5,535.0
2109,Sr2.925LaNaP2SiO12Eu0.075,Sr2.925LaNaP2SiO12,Eu,https://doi.org/10.1016/j.ceramint.2016.08.163,,,4,535.0
2110,Sr2.9LaNaP2SiO12Eu0.1,Sr2.9LaNaP2SiO12,Eu,https://doi.org/10.1016/j.ceramint.2016.08.163,,,5,535.0
2111,Ca9LaP5SiO24Cl2Eu0.01,Ca9LaP5SiO24Cl2,Eu,https://doi.org/10.1016/j.jlumin.2018.10.036,,,1,461.0
2112,Ca9LaP5SiO24Cl2Eu0.03,Ca9LaP5SiO24Cl2,Eu,https://doi.org/10.1016/j.jlumin.2018.10.036,,,6,461.0
2113,Ca9LaP5SiO24Cl2Eu0.05,Ca9LaP5SiO24Cl2,Eu,https://doi.org/10.1016/j.jlumin.2018.10.036,,,8,461.0
2114,Ca9LaP5SiO24Cl2Eu0.08,Ca9LaP5SiO24Cl2,Eu,https://doi.org/10.1016/j.jlumin.2018.10.036,,,8,461.0
2115,Ca9LaP5SiO24Cl2Eu0.1,Ca9LaP5SiO24Cl2,Eu,https://doi.org/10.1016/j.jlumin.2018.10.036,,,7,461.0
2116,Ca9LaP5SiO24Cl2Eu0.15,Ca9LaP5SiO24Cl2,Eu,https://doi.org/10.1016/j.jlumin.2018.10.036,,,2,461.0
2117,Ca9LaP5SiO24Cl2Eu0.2,Ca9LaP5SiO24Cl2,Eu,https://doi.org/10.1016/j.jlumin.2018.10.036,,,3,461.0
2118,Ca9LaP5SiO24Cl2Eu0.3,Ca9LaP5SiO24Cl2,Eu,https://doi.org/10.1016/j.jlumin.2018.10.036,,,5,461.0
2119,Ca9LaP5SiO24Cl2Eu0.5,Ca9LaP5SiO24Cl2,Eu,https://doi.org/10.1016/j.jlumin.2018.10.036,,,7,461.0
2120,Ca9.96P6O24Cl1.94Eu0.01,Ca9.96P6O24Cl1.94,Eu,https://doi.org/10.1016/j.materresbull.2017.09.043,"mp-555164,mp-39460,mp-554236", icsd-2789 icsd-24237 icsd-184825 icsd-184824,3,574.0
2121,Sr1.75Ca1.24P2O8Eu0.01,Sr1.75Ca1.24P2O8,Eu,https://doi.org/10.1021/ic500230v,mp-4632, icsd-69449 icsd-184780 icsd-150869 icsd-18109 icsd-30635 icsd-410784,2,514.0
2122,K3LuSi2O7Eu0.01,K3LuSi2O7,Eu,https://doi.org/10.1038/s41467-019-13293-0,mp-557543, icsd-412528,9,740.0
2123,K3LuSi2O7Eu0.02,K3LuSi2O7,Eu,https://doi.org/10.1038/s41467-019-13293-0,mp-557543, icsd-412528,7,740.0
2124,K3LuSi2O7Eu0.03,K3LuSi2O7,Eu,https://doi.org/10.1038/s41467-019-13293-0,mp-557543, icsd-412528,5,740.0
2125,Mg2La3Nb0.998O9Mn0.002,Mg2La3Nb0.998O9,Mn,https://doi.org/10.1016/j.apt.2020.08.009,mp-1223356,,9,708.0
2126,Mg2La3Nb0.996O9Mn0.004,Mg2La3Nb0.996O9,Mn,https://doi.org/10.1016/j.apt.2020.08.009,mp-1223356,,1,708.0
2127,Mg2La3Nb0.994O9Mn0.006,Mg2La3Nb0.994O9,Mn,https://doi.org/10.1016/j.apt.2020.08.009,mp-1223356,,1,708.0
2128,Mg2La3Nb0.992O9Mn0.008,Mg2La3Nb0.992O9,Mn,https://doi.org/10.1016/j.apt.2020.08.009,mp-1223356,,7,708.0
2129,Mg2La3Nb0.99O9Mn0.01,Mg2La3Nb0.99O9,Mn,https://doi.org/10.1016/j.apt.2020.08.009,mp-1223356,,4,708.0
2130,Sr2GdNbO6Mn0.004,Sr2GdNbO6,Mn,https://doi.org/10.1016/j.jlumin.2019.116968,,,7,687.0
2131,Sr2.95YP3O12Eu0.05,Sr2.95YP3O12,Eu,https://doi.org/10.1016/j.jre.2017.06.013,,,5,504.0
2132,K2Gd0.95WPO8Eu0.05,K2Gd0.95WPO8,Eu,https://doi.org/10.1016/j.ceramint.2017.05.123,,,1,615.0
2133,K2Gd0.8WPO8Eu0.2,K2Gd0.8WPO8,Eu,https://doi.org/10.1016/j.ceramint.2017.05.123,,,3,615.0
2134,K2Gd0.5WPO8Eu0.5,K2Gd0.5WPO8,Eu,https://doi.org/10.1016/j.ceramint.2017.05.123,,,8,615.0
2135,K2Gd0.3WPO8Eu0.7,K2Gd0.3WPO8,Eu,https://doi.org/10.1016/j.ceramint.2017.05.123,,,10,615.0
2136,K2WPO8Eu1,K2WPO8,Eu,https://doi.org/10.1016/j.ceramint.2017.05.123,,,4,615.0
2137,Na1.96MgSiO4Tb0.04,Na1.96MgSiO4,Tb,https://doi.org/10.1016/j.jlumin.2017.05.003,"mp-6406,mp-6426", icsd-15619 icsd-15618 icsd-84562 icsd-84563,5,546.0
2138,Li3Mg2Sb0.995O6Mn0.005,Li3Mg2Sb0.995O6,Mn,https://doi.org/10.1016/j.jallcom.2018.09.162,,,6,666.0
2139,Li3Mg2Sb0.99O6Mn0.01,Li3Mg2Sb0.99O6,Mn,https://doi.org/10.1016/j.jallcom.2018.09.162,,,10,666.0
2140,Li3Mg2Sb0.985O6Mn0.015,Li3Mg2Sb0.985O6,Mn,https://doi.org/10.1016/j.jallcom.2018.09.162,,,5,666.0
2141,Li3Mg2Sb0.98O6Mn0.02,Li3Mg2Sb0.98O6,Mn,https://doi.org/10.1016/j.jallcom.2018.09.162,,,9,666.0
2142,Li3Mg2Sb0.975O6Mn0.025,Li3Mg2Sb0.975O6,Mn,https://doi.org/10.1016/j.jallcom.2018.09.162,,,4,666.0
2143,Li3Mg2Sb0.97O6Mn0.03,Li3Mg2Sb0.97O6,Mn,https://doi.org/10.1016/j.jallcom.2018.09.162,,,5,666.0
2144,Li3Mg2Sb0.965O6Mn0.035,Li3Mg2Sb0.965O6,Mn,https://doi.org/10.1016/j.jallcom.2018.09.162,,,5,666.0
2145,Li3Mg2Sb0.96O6Mn0.04,Li3Mg2Sb0.96O6,Mn,https://doi.org/10.1016/j.jallcom.2018.09.162,,,3,666.0
2146,Ca2Lu0.8NbO6Eu0.2,Ca2Lu0.8NbO6,Eu,https://doi.org/10.1016/j.jlumin.2020.117373,mp-1214029,,10,616.0
2147,Ca2Lu0.7NbO6Eu0.3,Ca2Lu0.7NbO6,Eu,https://doi.org/10.1016/j.jlumin.2020.117373,mp-1214029,,5,616.0
2148,Ca2Lu0.6NbO6Eu0.4,Ca2Lu0.6NbO6,Eu,https://doi.org/10.1016/j.jlumin.2020.117373,mp-1214029,,4,616.0
2149,Ca2Lu0.5NbO6Eu0.5,Ca2Lu0.5NbO6,Eu,https://doi.org/10.1016/j.jlumin.2020.117373,mp-1214029,,6,616.0
2150,Ca2Lu0.4NbO6Eu0.6,Ca2Lu0.4NbO6,Eu,https://doi.org/10.1016/j.jlumin.2020.117373,mp-1214029,,5,616.0
2151,Ca2Lu0.3NbO6Eu0.7,Ca2Lu0.3NbO6,Eu,https://doi.org/10.1016/j.jlumin.2020.117373,mp-1214029,,1,616.0
2152,Ca2Lu0.2NbO6Eu0.8,Ca2Lu0.2NbO6,Eu,https://doi.org/10.1016/j.jlumin.2020.117373,mp-1214029,,1,616.0
2153,Ca0.92WO4Eu0.08,Ca0.92WO4,Eu,https://doi.org/10.1016/j.dyepig.2017.04.037,"mp-19426,mp-1190383", icsd-60550 icsd-193491 icsd-60548 icsd-60551 icsd-15869 icsd-155423 icsd-193047 icsd-15586 icsd-60549 icsd-18135 icsd-77335 icsd-157428 icsd-291535 icsd-60547 icsd-155791 icsd-238259 icsd-238258,3,614.0
2154,Ca0.92W0.9Mo0.1O4Eu0.08,Ca0.92W0.9Mo0.1O4,Eu,https://doi.org/10.1016/j.dyepig.2017.04.037,"mp-19426,mp-1190383", icsd-60550 icsd-193491 icsd-60548 icsd-60551 icsd-15869 icsd-155423 icsd-193047 icsd-15586 icsd-60549 icsd-18135 icsd-77335 icsd-157428 icsd-291535 icsd-60547 icsd-155791 icsd-238259 icsd-238258,6,614.0
2155,Ca0.92W0.7Mo0.3O4Eu0.08,Ca0.92W0.7Mo0.3O4,Eu,https://doi.org/10.1016/j.dyepig.2017.04.037,"mp-19426,mp-1190383", icsd-60550 icsd-193491 icsd-60548 icsd-60551 icsd-15869 icsd-155423 icsd-193047 icsd-15586 icsd-60549 icsd-18135 icsd-77335 icsd-157428 icsd-291535 icsd-60547 icsd-155791 icsd-238259 icsd-238258,2,614.0
2156,Ca0.92W0.4Mo0.6O4Eu0.08,Ca0.92W0.4Mo0.6O4,Eu,https://doi.org/10.1016/j.dyepig.2017.04.037,"mp-19426,mp-1190383", icsd-60550 icsd-193491 icsd-60548 icsd-60551 icsd-15869 icsd-155423 icsd-193047 icsd-15586 icsd-60549 icsd-18135 icsd-77335 icsd-157428 icsd-291535 icsd-60547 icsd-155791 icsd-238259 icsd-238258,7,614.0
2157,Ca0.92W0.2Mo0.8O4Eu0.08,Ca0.92W0.2Mo0.8O4,Eu,https://doi.org/10.1016/j.dyepig.2017.04.037,"mp-19426,mp-1190383", icsd-60550 icsd-193491 icsd-60548 icsd-60551 icsd-15869 icsd-155423 icsd-193047 icsd-15586 icsd-60549 icsd-18135 icsd-77335 icsd-157428 icsd-291535 icsd-60547 icsd-155791 icsd-238259 icsd-238258,9,614.0
2158,Ca0.92MoO4Eu0.08,Ca0.92MoO4,Eu,https://doi.org/10.1016/j.dyepig.2017.04.037,mp-19330, icsd-23699 icsd-60558 icsd-193793 icsd-183446 icsd-60557 icsd-194078 icsd-60554 icsd-60553 icsd-417513 icsd-183447 icsd-62219 icsd-60552 icsd-22351 icsd-194079 icsd-60556 icsd-60555 icsd-77334,2,614.0
2159,Lu2O2STb0.02,Lu2O2S,Tb,https://doi.org/10.1039/C6CE01441K,mp-12673, icsd-109336,8,545.0
2160,Lu2O2SEu0.03,Lu2O2S,Eu,https://doi.org/10.1039/C6CE01441K,mp-12673, icsd-109336,10,626.0
2161,CaWO4Eu0.01,CaWO4,Eu,https://doi.org/10.1039/C6RA01862A,"mp-19426,mp-1190383", icsd-60550 icsd-193491 icsd-60548 icsd-60551 icsd-15869 icsd-155423 icsd-193047 icsd-15586 icsd-60549 icsd-18135 icsd-77335 icsd-157428 icsd-291535 icsd-60547 icsd-155791 icsd-238259 icsd-238258,6,415.0
2162,CaWO4Eu0.02,CaWO4,Eu,https://doi.org/10.1039/C6RA01862A,"mp-19426,mp-1190383", icsd-60550 icsd-193491 icsd-60548 icsd-60551 icsd-15869 icsd-155423 icsd-193047 icsd-15586 icsd-60549 icsd-18135 icsd-77335 icsd-157428 icsd-291535 icsd-60547 icsd-155791 icsd-238259 icsd-238258,4,415.0
2163,CaWO4Eu0.04,CaWO4,Eu,https://doi.org/10.1039/C6RA01862A,"mp-19426,mp-1190383", icsd-60550 icsd-193491 icsd-60548 icsd-60551 icsd-15869 icsd-155423 icsd-193047 icsd-15586 icsd-60549 icsd-18135 icsd-77335 icsd-157428 icsd-291535 icsd-60547 icsd-155791 icsd-238259 icsd-238258,3,617.0
2164,CaWO4Eu0.06,CaWO4,Eu,https://doi.org/10.1039/C6RA01862A,"mp-19426,mp-1190383", icsd-60550 icsd-193491 icsd-60548 icsd-60551 icsd-15869 icsd-155423 icsd-193047 icsd-15586 icsd-60549 icsd-18135 icsd-77335 icsd-157428 icsd-291535 icsd-60547 icsd-155791 icsd-238259 icsd-238258,3,617.0
2165,CaWO4Eu0.08,CaWO4,Eu,https://doi.org/10.1039/C6RA01862A,"mp-19426,mp-1190383", icsd-60550 icsd-193491 icsd-60548 icsd-60551 icsd-15869 icsd-155423 icsd-193047 icsd-15586 icsd-60549 icsd-18135 icsd-77335 icsd-157428 icsd-291535 icsd-60547 icsd-155791 icsd-238259 icsd-238258,9,617.0
2166,CaWO4Eu0.12,CaWO4,Eu,https://doi.org/10.1039/C6RA01862A,"mp-19426,mp-1190383", icsd-60550 icsd-193491 icsd-60548 icsd-60551 icsd-15869 icsd-155423 icsd-193047 icsd-15586 icsd-60549 icsd-18135 icsd-77335 icsd-157428 icsd-291535 icsd-60547 icsd-155791 icsd-238259 icsd-238258,4,617.0
2167,CaWO4Eu0.2,CaWO4,Eu,https://doi.org/10.1039/C6RA01862A,"mp-19426,mp-1190383", icsd-60550 icsd-193491 icsd-60548 icsd-60551 icsd-15869 icsd-155423 icsd-193047 icsd-15586 icsd-60549 icsd-18135 icsd-77335 icsd-157428 icsd-291535 icsd-60547 icsd-155791 icsd-238259 icsd-238258,9,617.0
2168,CaWO4Tb0.01,CaWO4,Tb,https://doi.org/10.1039/C6RA01862A,"mp-19426,mp-1190383", icsd-60550 icsd-193491 icsd-60548 icsd-60551 icsd-15869 icsd-155423 icsd-193047 icsd-15586 icsd-60549 icsd-18135 icsd-77335 icsd-157428 icsd-291535 icsd-60547 icsd-155791 icsd-238259 icsd-238258,8,415.0
2169,CaWO4Tb0.02,CaWO4,Tb,https://doi.org/10.1039/C6RA01862A,"mp-19426,mp-1190383", icsd-60550 icsd-193491 icsd-60548 icsd-60551 icsd-15869 icsd-155423 icsd-193047 icsd-15586 icsd-60549 icsd-18135 icsd-77335 icsd-157428 icsd-291535 icsd-60547 icsd-155791 icsd-238259 icsd-238258,10,546.0
2170,CaWO4Tb0.04,CaWO4,Tb,https://doi.org/10.1039/C6RA01862A,"mp-19426,mp-1190383", icsd-60550 icsd-193491 icsd-60548 icsd-60551 icsd-15869 icsd-155423 icsd-193047 icsd-15586 icsd-60549 icsd-18135 icsd-77335 icsd-157428 icsd-291535 icsd-60547 icsd-155791 icsd-238259 icsd-238258,8,546.0
2171,CaWO4Tb0.06,CaWO4,Tb,https://doi.org/10.1039/C6RA01862A,"mp-19426,mp-1190383", icsd-60550 icsd-193491 icsd-60548 icsd-60551 icsd-15869 icsd-155423 icsd-193047 icsd-15586 icsd-60549 icsd-18135 icsd-77335 icsd-157428 icsd-291535 icsd-60547 icsd-155791 icsd-238259 icsd-238258,3,546.0
2172,CaWO4Tb0.08,CaWO4,Tb,https://doi.org/10.1039/C6RA01862A,"mp-19426,mp-1190383", icsd-60550 icsd-193491 icsd-60548 icsd-60551 icsd-15869 icsd-155423 icsd-193047 icsd-15586 icsd-60549 icsd-18135 icsd-77335 icsd-157428 icsd-291535 icsd-60547 icsd-155791 icsd-238259 icsd-238258,3,546.0
2173,CaWO4Tb0.1,CaWO4,Tb,https://doi.org/10.1039/C6RA01862A,"mp-19426,mp-1190383", icsd-60550 icsd-193491 icsd-60548 icsd-60551 icsd-15869 icsd-155423 icsd-193047 icsd-15586 icsd-60549 icsd-18135 icsd-77335 icsd-157428 icsd-291535 icsd-60547 icsd-155791 icsd-238259 icsd-238258,6,546.0
2174,Li6Lu0.97B3O9Ce0.03,Li6Lu0.97B3O9,Ce,https://doi.org/10.1039/C4RA12538J,,,8,400.0
2175,Ca9Bi0.92P7O28Ce0.08,Ca9Bi0.92P7O28,Ce,https://doi.org/10.1039/C5TC00927H,,,8,370.0
2176,Ca3Y0.5Ga3B4O15Tb0.5,Ca3Y0.5Ga3B4O15,Tb,https://doi.org/10.1039/C6DT04304F,mp-695475,,8,542.0
2177,Ca3Y0.7Ga3B4O15Eu0.3,Ca3Y0.7Ga3B4O15,Eu,https://doi.org/10.1039/C6DT04304F,mp-695475,,4,619.0
2178,GdF3Dy0.02,GdF3,Dy,https://doi.org/10.1039/C6CP03989H,mp-972965,,1,475.0
2179,GdF3Dy0.02,GdF3,Dy,https://doi.org/10.1039/C6CP03989H,mp-972965,,9,475.0
2180,GdF3Tb0.03,GdF3,Tb,https://doi.org/10.1039/C6CP03989H,mp-972965,,4,542.0
2181,GdF3Tb0.03,GdF3,Tb,https://doi.org/10.1039/C6CP03989H,mp-972965,,4,542.0
2182,GdF3Tb0.02,GdF3,Tb,https://doi.org/10.1039/C6CP03989H,mp-972965,,10,542.0
2183,GdF3Eu0.03,GdF3,Eu,https://doi.org/10.1039/C6CP03989H,mp-972965,,3,591.0
2184,Ba2YB2O6ClBi0.0005,Ba2YB2O6Cl,Bi,https://doi.org/10.1021/acs.jpcc.7b00019,mp-866310, icsd-262072,6,490.0
2185,Ba2YB2O6ClBi0.001,Ba2YB2O6Cl,Bi,https://doi.org/10.1021/acs.jpcc.7b00019,mp-866310, icsd-262072,3,490.0
2186,Ba2YB2O6ClBi0.002,Ba2YB2O6Cl,Bi,https://doi.org/10.1021/acs.jpcc.7b00019,mp-866310, icsd-262072,6,490.0
2187,Ba2YB2O6ClBi0.005,Ba2YB2O6Cl,Bi,https://doi.org/10.1021/acs.jpcc.7b00019,mp-866310, icsd-262072,6,490.0
2188,NaGdF4Tb0.04,NaGdF4,Tb,https://doi.org/10.1039/C5CE01118C,mp-1221034,,4,542.0
2189,NaGdF4Eu0.07,NaGdF4,Eu,https://doi.org/10.1039/C5CE01118C,mp-1221034,,6,615.0
2190,NaBa0.95BO3Dy0.05,NaBa0.95BO3,Dy,https://doi.org/10.1016/j.materresbull.2015.08.007,mp-6660, icsd-192562 icsd-250086 icsd-80110,6,576.0
2191,NaBa0.93BO3Dy0.07,NaBa0.93BO3,Dy,https://doi.org/10.1016/j.materresbull.2015.08.007,mp-6660, icsd-192562 icsd-250086 icsd-80110,6,576.0
2192,NaBa0.98BO3K0.01Dy0.01,NaBa0.98BO3K0.01,Dy,https://doi.org/10.1016/j.materresbull.2015.08.007,mp-6660, icsd-192562 icsd-250086 icsd-80110,8,576.0
2193,NaBa0.94BO3K0.03Dy0.03,NaBa0.94BO3K0.03,Dy,https://doi.org/10.1016/j.materresbull.2015.08.007,mp-6660, icsd-192562 icsd-250086 icsd-80110,9,576.0
2194,NaBa0.9BO3K0.05Dy0.05,NaBa0.9BO3K0.05,Dy,https://doi.org/10.1016/j.materresbull.2015.08.007,mp-6660, icsd-192562 icsd-250086 icsd-80110,1,576.0
2195,NaBa0.86BO3K0.07Dy0.07,NaBa0.86BO3K0.07,Dy,https://doi.org/10.1016/j.materresbull.2015.08.007,mp-6660, icsd-192562 icsd-250086 icsd-80110,3,576.0
2196,NaBa0.82BO3K0.09Dy0.09,NaBa0.82BO3K0.09,Dy,https://doi.org/10.1016/j.materresbull.2015.08.007,mp-6660, icsd-192562 icsd-250086 icsd-80110,2,576.0
2197,Sr3Gd0.995P3O12Dy0.005,Sr3Gd0.995P3O12,Dy,https://doi.org/10.1016/j.jlumin.2014.10.034,,,2,483.0
2198,Sr3Gd0.99P3O12Dy0.01,Sr3Gd0.99P3O12,Dy,https://doi.org/10.1016/j.jlumin.2014.10.034,,,10,483.0
2199,Sr3Gd0.98P3O12Dy0.02,Sr3Gd0.98P3O12,Dy,https://doi.org/10.1016/j.jlumin.2014.10.034,,,5,483.0
2200,Sr3Gd0.97P3O12Dy0.03,Sr3Gd0.97P3O12,Dy,https://doi.org/10.1016/j.jlumin.2014.10.034,,,9,483.0
2201,Sr3Gd0.95P3O12Dy0.05,Sr3Gd0.95P3O12,Dy,https://doi.org/10.1016/j.jlumin.2014.10.034,,,10,483.0
2202,Sr3Gd0.92P3O12Dy0.08,Sr3Gd0.92P3O12,Dy,https://doi.org/10.1016/j.jlumin.2014.10.034,,,3,483.0
2203,Ba3BiP3O12Dy0.005,Ba3BiP3O12,Dy,https://doi.org/10.1016/j.jallcom.2011.11.114,,,6,575.0
2204,Ba3BiP3O12Dy0.01,Ba3BiP3O12,Dy,https://doi.org/10.1016/j.jallcom.2011.11.114,,,5,575.0
2205,Ba3BiP3O12Dy0.03,Ba3BiP3O12,Dy,https://doi.org/10.1016/j.jallcom.2011.11.114,,,9,575.0
2206,Ba3BiP3O12Dy0.05,Ba3BiP3O12,Dy,https://doi.org/10.1016/j.jallcom.2011.11.114,,,2,575.0
2207,Ba3BiP3O12Dy0.08,Ba3BiP3O12,Dy,https://doi.org/10.1016/j.jallcom.2011.11.114,,,2,575.0
2208,Ba3BiP3O12Dy0.1,Ba3BiP3O12,Dy,https://doi.org/10.1016/j.jallcom.2011.11.114,,,6,575.0
2209,Ba3BiP3O12Dy0.15,Ba3BiP3O12,Dy,https://doi.org/10.1016/j.jallcom.2011.11.114,,,7,575.0
2210,Ba3BiP3O12Dy0.005,Ba3BiP3O12,Dy,https://doi.org/10.1016/j.jallcom.2011.11.114,,,5,575.0
2211,Ba3BiP3O12Dy0.01,Ba3BiP3O12,Dy,https://doi.org/10.1016/j.jallcom.2011.11.114,,,10,575.0
2212,Ba3BiP3O12Dy0.03,Ba3BiP3O12,Dy,https://doi.org/10.1016/j.jallcom.2011.11.114,,,3,575.0
2213,Ba3BiP3O12Dy0.05,Ba3BiP3O12,Dy,https://doi.org/10.1016/j.jallcom.2011.11.114,,,4,575.0
2214,Ba3BiP3O12Dy0.08,Ba3BiP3O12,Dy,https://doi.org/10.1016/j.jallcom.2011.11.114,,,10,575.0
2215,Ba3BiP3O12Dy0.1,Ba3BiP3O12,Dy,https://doi.org/10.1016/j.jallcom.2011.11.114,,,9,575.0
2216,Ba3BiP3O12Dy0.15,Ba3BiP3O12,Dy,https://doi.org/10.1016/j.jallcom.2011.11.114,,,1,575.0
2217,CaLa0.98NbMoO8Dy0.02,CaLa0.98NbMoO8,Dy,https://doi.org/10.1016/j.matlet.2016.02.022,,,8,575.0
2218,CaLa0.975NbMoO8Dy0.025,CaLa0.975NbMoO8,Dy,https://doi.org/10.1016/j.matlet.2016.02.022,,,8,575.0
2219,CaLa0.97NbMoO8Dy0.03,CaLa0.97NbMoO8,Dy,https://doi.org/10.1016/j.matlet.2016.02.022,,,10,575.0
2220,CaLa0.965NbMoO8Dy0.035,CaLa0.965NbMoO8,Dy,https://doi.org/10.1016/j.matlet.2016.02.022,,,4,575.0
2221,CaLa0.95NbMoO8Dy0.05,CaLa0.95NbMoO8,Dy,https://doi.org/10.1016/j.matlet.2016.02.022,,,7,575.0
2222,CaLa0.925NbMoO8Dy0.075,CaLa0.925NbMoO8,Dy,https://doi.org/10.1016/j.matlet.2016.02.022,,,2,575.0
2223,Ca5P3O12ClEu0.02,Ca5P3O12Cl,Eu,https://doi.org/10.1039/C5TC03482E,"mp-555164,mp-39460,mp-554236", icsd-2789 icsd-24237 icsd-184825 icsd-184824,7,458.0
2224,Ca5P3O12ClCe0.08,Ca5P3O12Cl,Ce,https://doi.org/10.1039/C5TC03482E,"mp-555164,mp-39460,mp-554236", icsd-2789 icsd-24237 icsd-184825 icsd-184824,3,428.0
2225,KMg4P3O12Eu0.02,KMg4P3O12,Eu,https://doi.org/10.1039/C5TC00636H,mp-557844, icsd-154111,1,450.0
2226,Ca3Hf2SiAl2O12Ce0.01,Ca3Hf2SiAl2O12,Ce,https://doi.org/10.1039/C5RA20631F,,,4,486.0
2227,Sr3NaYP3O12FEu0.03,Sr3NaYP3O12F,Eu,https://doi.org/10.1039/C6RA20699A,,,10,467.0
2228,Ca3.95Y6Si6O25Eu0.05,Ca3.95Y6Si6O25,Eu,https://doi.org/10.1039/C4RA08283D,,,6,527.0
2229,Ba3Gd0.95KP3O12FTb0.05,Ba3Gd0.95KP3O12F,Tb,https://doi.org/10.1039/C5RA11844A,,,7,546.0
2230,Ba9Lu1.9Si6O24Ce0.1,Ba9Lu1.9Si6O24,Ce,https://doi.org/10.1021/acs.jpcc.5b07566,,,7,426.0
2231,Mg1.96Al4Si5O18Eu0.02,Mg1.96Al4Si5O18,Eu,https://doi.org/10.1021/ic501057r,"mp-6174,mp-684265", icsd-158750 icsd-165866 icsd-190522 icsd-190521 icsd-86347 icsd-261438 icsd-158748 icsd-158747 icsd-156362 icsd-190520 icsd-158749 icsd-86346 icsd-158751 icsd-190523 icsd-261437 icsd-158752,3,469.0
2232,Y5.95WO12Dy0.05,Y5.95WO12,Dy,https://doi.org/10.1111/jace.12937,mp-19005, icsd-92037 icsd-100196,7,568.0
2233,Ca10.78Si4O22B2Eu0.005,Ca10.78Si4O22B2,Eu,https://doi.org/10.1039/C3TC30933A,,,9,611.0
2234,Ca10.78Si4O22B2Ce0.02,Ca10.78Si4O22B2,Ce,https://doi.org/10.1039/C3TC30933A,,,9,430.0
2235,Ca10.945Si4O22B2Eu0.005,Ca10.945Si4O22B2,Eu,https://doi.org/10.1039/C3TC30933A,,,10,505.0
2236,CaSr2Al2O6Li0.03Ce0.03,CaSr2Al2O6Li0.03,Ce,https://doi.org/10.1021/ic500963q,,,2,460.0
2237,MgY2Si3O10Eu0.14,MgY2Si3O10,Eu,https://doi.org/10.1039/C4DT02114B,,,10,613.0
2238,MgY2Si3O10Bi0.02,MgY2Si3O10,Bi,https://doi.org/10.1039/C4DT02114B,,,2,490.0
2239,NaCa0.99BO3Ce0.01,NaCa0.99BO3,Ce,https://doi.org/10.1039/C3RA42554A,,,4,400.0
2240,Ba5Ca0.995Al4O12Dy0.005,Ba5Ca0.995Al4O12,Dy,https://doi.org/10.1016/j.ceramint.2014.02.068,,,5,574.0
2241,Ba5Ca0.99Al4O12Dy0.01,Ba5Ca0.99Al4O12,Dy,https://doi.org/10.1016/j.ceramint.2014.02.068,,,9,574.0
2242,Ba5Ca0.98Al4O12Dy0.02,Ba5Ca0.98Al4O12,Dy,https://doi.org/10.1016/j.ceramint.2014.02.068,,,1,574.0
2243,Ba5Ca0.96Al4O12Dy0.04,Ba5Ca0.96Al4O12,Dy,https://doi.org/10.1016/j.ceramint.2014.02.068,,,3,574.0
2244,Ba5Ca0.93Al4O12Dy0.07,Ba5Ca0.93Al4O12,Dy,https://doi.org/10.1016/j.ceramint.2014.02.068,,,2,574.0
2245,Ba5Ca0.9Al4O12Dy0.1,Ba5Ca0.9Al4O12,Dy,https://doi.org/10.1016/j.ceramint.2014.02.068,,,4,574.0
2246,La4.7Si3O12NCe0.06,La4.7Si3O12N,Ce,https://doi.org/10.1016/j.jlumin.2015.08.030,,,9,460.0
2247,NaCa0.96PO4Tb0.04,NaCa0.96PO4,Tb,https://doi.org/10.1016/j.ceramint.2013.12.101,mp-14401, icsd-35629,3,544.0
2248,Sr7ZrP6O24Tb0.01,Sr7ZrP6O24,Tb,https://doi.org/10.1016/j.jallcom.2017.02.199,,,6,544.0
2249,MgY1.94Al4SiO12Ce0.06,MgY1.94Al4SiO12,Ce,https://doi.org/10.1016/j.optmat.2017.06.012,,,2,565.0
2250,MgY3.9Si3O13Eu0.01,MgY3.9Si3O13,Eu,https://doi.org/10.1111/jace.13628,,,10,615.0
2251,MgY3.8Si3O13Eu0.02,MgY3.8Si3O13,Eu,https://doi.org/10.1111/jace.13628,,,2,615.0
2252,MgY3.7Si3O13Eu0.03,MgY3.7Si3O13,Eu,https://doi.org/10.1111/jace.13628,,,5,615.0
2253,MgY3.6Si3O13Eu0.04,MgY3.6Si3O13,Eu,https://doi.org/10.1111/jace.13628,,,10,615.0
2254,MgY3.5Si3O13Eu0.05,MgY3.5Si3O13,Eu,https://doi.org/10.1111/jace.13628,,,2,615.0
2255,MgY3.4Si3O13Eu0.06,MgY3.4Si3O13,Eu,https://doi.org/10.1111/jace.13628,,,3,615.0
2256,MgY3.3Si3O13Eu0.07,MgY3.3Si3O13,Eu,https://doi.org/10.1111/jace.13628,,,6,615.0
2257,Lu2Ca0.97Mg2Si3O12Eu0.03,Lu2Ca0.97Mg2Si3O12,Eu,https://doi.org/10.1016/j.matlet.2015.10.144,,,4,450.0
2258,K2Y0.5WPO8Tb0.5,K2Y0.5WPO8,Tb,https://doi.org/10.1016/j.materresbull.2014.08.051,,,9,545.0
2259,Ba5P2SiO12Eu0.001,Ba5P2SiO12,Eu,https://doi.org/10.1039/C6CP08300E,,,5,515.0
2260,Ba5P2SiO12Eu0.005,Ba5P2SiO12,Eu,https://doi.org/10.1039/C6CP08300E,,,8,515.0
2261,Ba5P2SiO12Eu0.01,Ba5P2SiO12,Eu,https://doi.org/10.1039/C6CP08300E,,,9,515.0
2262,Ba5P2SiO12Eu0.02,Ba5P2SiO12,Eu,https://doi.org/10.1039/C6CP08300E,,,10,515.0
2263,Ba5P2SiO12Eu0.03,Ba5P2SiO12,Eu,https://doi.org/10.1039/C6CP08300E,,,4,515.0
2264,Ba5P2SiO12Eu0.04,Ba5P2SiO12,Eu,https://doi.org/10.1039/C6CP08300E,,,10,515.0
2265,GdVO4Dy0.02,GdVO4,Dy,https://doi.org/10.1039/C5CP04373E,mp-22024, icsd-15607 icsd-238224 icsd-238223 icsd-152692 icsd-81703 icsd-186232 icsd-186231,10,574.0
2266,GdVO4Eu0.02,GdVO4,Eu,https://doi.org/10.1039/C5CP04373E,mp-22024, icsd-15607 icsd-238224 icsd-238223 icsd-152692 icsd-81703 icsd-186232 icsd-186231,8,620.0
2267,MgY3.8Si3O13Ce0.2,MgY3.8Si3O13,Ce,https://doi.org/10.1149/2.077205jes,,,8,455.0
2268,NaBaLa1.99P3O12Sm0.01,NaBaLa1.99P3O12,Sm,https://doi.org/10.1016/j.jallcom.2017.01.171,,,10,601.0
2269,NaBaLa1.96P3O12Sm0.04,NaBaLa1.96P3O12,Sm,https://doi.org/10.1016/j.jallcom.2017.01.171,,,3,601.0
2270,NaBaLa1.93P3O12Sm0.07,NaBaLa1.93P3O12,Sm,https://doi.org/10.1016/j.jallcom.2017.01.171,,,10,601.0
2271,NaBaLa1.89P3O12Sm0.11,NaBaLa1.89P3O12,Sm,https://doi.org/10.1016/j.jallcom.2017.01.171,,,6,601.0
2272,NaBaLa1.86P3O12Sm0.14,NaBaLa1.86P3O12,Sm,https://doi.org/10.1016/j.jallcom.2017.01.171,,,5,601.0
2273,NaBaLa1.83P3O12Sm0.17,NaBaLa1.83P3O12,Sm,https://doi.org/10.1016/j.jallcom.2017.01.171,,,8,601.0
2274,Y1.99WO6Sm0.01,Y1.99WO6,Sm,https://doi.org/10.1016/j.jlumin.2013.09.043,"mp-559510,mp-30539,mp-559085,mp-1216117", icsd-20955 icsd-65811 icsd-26532,2,450.0
2275,Y1.97WO6Sm0.03,Y1.97WO6,Sm,https://doi.org/10.1016/j.jlumin.2013.09.043,"mp-559510,mp-30539,mp-559085,mp-1216117", icsd-20955 icsd-65811 icsd-26532,9,450.0
2276,Y1.95WO6Sm0.05,Y1.95WO6,Sm,https://doi.org/10.1016/j.jlumin.2013.09.043,"mp-559510,mp-30539,mp-559085,mp-1216117", icsd-20955 icsd-65811 icsd-26532,9,613.0
2277,Y1.93WO6Sm0.07,Y1.93WO6,Sm,https://doi.org/10.1016/j.jlumin.2013.09.043,"mp-559510,mp-30539,mp-559085,mp-1216117", icsd-20955 icsd-65811 icsd-26532,8,613.0
2278,Y1.91WO6Sm0.09,Y1.91WO6,Sm,https://doi.org/10.1016/j.jlumin.2013.09.043,"mp-559510,mp-30539,mp-559085,mp-1216117", icsd-20955 icsd-65811 icsd-26532,4,613.0
2279,BaLa1.91WO7Eu0.09,BaLa1.91WO7,Eu,https://doi.org/10.1016/j.jlumin.2016.11.003,"mp-1203123,mp-1201679", icsd-166617 icsd-247840,10,616.0
2280,KLa0.97Mo2O8Eu0.03,KLa0.97Mo2O8,Eu,https://doi.org/10.1016/j.spmi.2015.06.041,mp-1211443,,2,618.0
2281,KLa0.93Mo2O8Eu0.07,KLa0.93Mo2O8,Eu,https://doi.org/10.1016/j.spmi.2015.06.041,mp-1211443,,8,618.0
2282,KLa0.89Mo2O8Eu0.11,KLa0.89Mo2O8,Eu,https://doi.org/10.1016/j.spmi.2015.06.041,mp-1211443,,8,618.0
2283,KLa0.85Mo2O8Eu0.15,KLa0.85Mo2O8,Eu,https://doi.org/10.1016/j.spmi.2015.06.041,mp-1211443,,5,618.0
2284,KLa0.81Mo2O8Eu0.19,KLa0.81Mo2O8,Eu,https://doi.org/10.1016/j.spmi.2015.06.041,mp-1211443,,8,618.0
2285,KLa0.77Mo2O8Eu0.23,KLa0.77Mo2O8,Eu,https://doi.org/10.1016/j.spmi.2015.06.041,mp-1211443,,7,618.0
2286,BaLa0.95MgSbO6Eu0.05,BaLa0.95MgSbO6,Eu,https://doi.org/10.1016/j.ceramint.2019.01.065,mp-1211443,,10,615.0
2287,BaLa0.95MgSb0.9Nb0.1O6Eu0.05,BaLa0.95MgSb0.9Nb0.1O6,Eu,https://doi.org/10.1016/j.ceramint.2019.01.065,,,2,615.0
2288,BaLa0.95MgSb0.7Nb0.3O6Eu0.05,BaLa0.95MgSb0.7Nb0.3O6,Eu,https://doi.org/10.1016/j.ceramint.2019.01.065,,,3,615.0
2289,BaLa0.95MgSb0.5Nb0.5O6Eu0.05,BaLa0.95MgSb0.5Nb0.5O6,Eu,https://doi.org/10.1016/j.ceramint.2019.01.065,,,4,615.0
2290,BaLa0.95MgSb0.3Nb0.7O6Eu0.05,BaLa0.95MgSb0.3Nb0.7O6,Eu,https://doi.org/10.1016/j.ceramint.2019.01.065,,,6,615.0
2291,BaLa0.95MgSb0.1Nb0.9O6Eu0.05,BaLa0.95MgSb0.1Nb0.9O6,Eu,https://doi.org/10.1016/j.ceramint.2019.01.065,,,7,615.0
2292,BaLa0.95MgNbO6Eu0.05,BaLa0.95MgNbO6,Eu,https://doi.org/10.1016/j.ceramint.2019.01.065,mp-39288,,1,615.0
2293,BaLaMgNb0.9995O6Mn0.0005,BaLaMgNb0.9995O6,Mn,https://doi.org/10.1039/C8RA06048G,mp-39288,,1,700.0
2294,BaLaMgNb0.999O6Mn0.001,BaLaMgNb0.999O6,Mn,https://doi.org/10.1039/C8RA06048G,mp-39288,,3,700.0
2295,BaLaMgNb0.998O6Mn0.002,BaLaMgNb0.998O6,Mn,https://doi.org/10.1039/C8RA06048G,mp-39288,,4,700.0
2296,BaLaMgNb0.996O6Mn0.004,BaLaMgNb0.996O6,Mn,https://doi.org/10.1039/C8RA06048G,mp-39288,,1,700.0
2297,BaLaMgNb0.992O6Mn0.008,BaLaMgNb0.992O6,Mn,https://doi.org/10.1039/C8RA06048G,mp-39288,,3,700.0
2298,BaLaMgNb0.99O6Mn0.01,BaLaMgNb0.99O6,Mn,https://doi.org/10.1039/C8RA06048G,mp-39288,,9,700.0
2299,SrMg2La2W1.998O12Mn0.001,SrMg2La2W1.998O12,Mn,https://doi.org/10.1039/C8RA06134C,,,8,708.0
2300,SrMg2La2W1.996O12Mn0.002,SrMg2La2W1.996O12,Mn,https://doi.org/10.1039/C8RA06134C,,,10,708.0
2301,SrMg2La2W1.992O12Mn0.004,SrMg2La2W1.992O12,Mn,https://doi.org/10.1039/C8RA06134C,,,4,708.0
2302,SrMg2La2W1.988O12Mn0.006,SrMg2La2W1.988O12,Mn,https://doi.org/10.1039/C8RA06134C,,,8,708.0
2303,SrMg2La2W1.984O12Mn0.008,SrMg2La2W1.984O12,Mn,https://doi.org/10.1039/C8RA06134C,,,2,708.0
2304,SrMg2La2W1.98O12Mn0.01,SrMg2La2W1.98O12,Mn,https://doi.org/10.1039/C8RA06134C,,,6,708.0
2305,LiLaMgW0.999O6Mn0.001,LiLaMgW0.999O6,Mn,https://doi.org/10.1039/C8RA05669B,,,6,713.0
2306,LiLaMgW0.998O6Mn0.002,LiLaMgW0.998O6,Mn,https://doi.org/10.1039/C8RA05669B,,,9,713.0
2307,LiLaMgW0.996O6Mn0.004,LiLaMgW0.996O6,Mn,https://doi.org/10.1039/C8RA05669B,,,3,713.0
2308,LiLaMgW0.993O6Mn0.007,LiLaMgW0.993O6,Mn,https://doi.org/10.1039/C8RA05669B,,,9,713.0
2309,LiLaMgW0.99O6Mn0.01,LiLaMgW0.99O6,Mn,https://doi.org/10.1039/C8RA05669B,,,9,713.0
2310,LiLaMgW0.985O6Mn0.015,LiLaMgW0.985O6,Mn,https://doi.org/10.1039/C8RA05669B,,,3,713.0
2311,LiLaMgW0.98O6Mn0.02,LiLaMgW0.98O6,Mn,https://doi.org/10.1039/C8RA05669B,,,9,713.0
2312,Ba2Lu4.88La0.02B5O17Eu0.1,Ba2Lu4.88La0.02B5O17,Eu,https://doi.org/10.1039/C8RA06457A,,,2,616.0
2313,Ba2Lu4.68La0.02B5O17Eu0.3,Ba2Lu4.68La0.02B5O17,Eu,https://doi.org/10.1039/C8RA06457A,,,1,616.0
2314,Ba2Lu4.48La0.02B5O17Eu0.5,Ba2Lu4.48La0.02B5O17,Eu,https://doi.org/10.1039/C8RA06457A,,,1,616.0
2315,Ba2Lu4.38La0.02B5O17Eu0.6,Ba2Lu4.38La0.02B5O17,Eu,https://doi.org/10.1039/C8RA06457A,,,5,616.0
2316,Ba2Lu4.28La0.02B5O17Eu0.7,Ba2Lu4.28La0.02B5O17,Eu,https://doi.org/10.1039/C8RA06457A,,,3,616.0
2317,Ba2Lu4.08La0.02B5O17Eu0.9,Ba2Lu4.08La0.02B5O17,Eu,https://doi.org/10.1039/C8RA06457A,,,1,616.0
2318,Ba2Lu3.98La0.02B5O17Eu1,Ba2Lu3.98La0.02B5O17,Eu,https://doi.org/10.1039/C8RA06457A,,,1,616.0
2319,Ba2Y1.86P2O12SiCe0.14,Ba2Y1.86P2O12Si,Ce,https://doi.org/10.1021/acs.inorgchem.6b01040,,,8,409.0
2320,Ba2Y1.7P2O12SiTb0.3,Ba2Y1.7P2O12Si,Tb,https://doi.org/10.1021/acs.inorgchem.6b01040,,,5,550.0
2321,NaIn0.99P2O7Cr0.01,NaIn0.99P2O7,Cr,https://doi.org/10.1016/j.jlumin.2022.118909,,,1,870.0
2322,NaIn0.98P2O7Cr0.02,NaIn0.98P2O7,Cr,https://doi.org/10.1016/j.jlumin.2022.118909,,,5,870.0
2323,NaIn0.96P2O7Cr0.04,NaIn0.96P2O7,Cr,https://doi.org/10.1016/j.jlumin.2022.118909,,,7,870.0
2324,NaIn0.94P2O7Cr0.06,NaIn0.94P2O7,Cr,https://doi.org/10.1016/j.jlumin.2022.118909,,,2,870.0
2325,NaIn0.92P2O7Cr0.08,NaIn0.92P2O7,Cr,https://doi.org/10.1016/j.jlumin.2022.118909,,,2,870.0
2326,NaIn0.9P2O7Cr0.1,NaIn0.9P2O7,Cr,https://doi.org/10.1016/j.jlumin.2022.118909,,,9,870.0
